Registration ID,Registration Date,Year,Month,MonthName,Week,Competition,Student Name,School,Grade,City,Country,Registration Source
REG-2026-00516,2026-01-01,2026,1,Jan,1,Student Speaker Competition,Student 2026_00516,The Millennium School,11,Abu Dhabi,UAE,Partner School
REG-2026-00876,2026-01-01,2026,1,Jan,1,International School Olympiad,Student 2026_00876,GEMS Modern Academy,3,Abu Dhabi,UAE,Partner School
REG-2026-00105,2026-01-01,2026,1,Jan,1,Student Speaker Competition,Student 2026_00105,Greenwood International School,6,Bengaluru,India,Social Media
REG-2026-01760,2026-01-01,2026,1,Jan,1,International School Olympiad,Student 2026_01760,Delhi International School,6,Mumbai,India,Social Media
REG-2026-01144,2026-01-01,2026,1,Jan,1,AI & Robotics Challenge,Student 2026_01144,The Millennium School,5,New Delhi,India,Social Media
REG-2026-01204,2026-01-01,2026,1,Jan,1,International Mathematics Olympiad,Student 2026_01204,Gurukul Global School,12,Abu Dhabi,UAE,School Outreach
REG-2026-00752,2026-01-01,2026,1,Jan,1,Student Speaker Competition,Student 2026_00752,The Indian High School,8,Dubai,India,School Outreach
REG-2026-01174,2026-01-01,2026,1,Jan,1,AI & Robotics Challenge,Student 2026_01174,The Indian High School,12,Sharjah,UAE,WhatsApp
REG-2026-00620,2026-01-01,2026,1,Jan,1,International Science Olympiad,Student 2026_00620,Greenwood International School,5,Sharjah,Qatar,Partner School
REG-2026-00513,2026-01-01,2026,1,Jan,1,International Science Olympiad,Student 2026_00513,GEMS Modern Academy,7,Gurugram,UAE,Website
REG-2026-00472,2026-01-01,2026,1,Jan,1,International Mathematics Olympiad,Student 2026_00472,Global Indian International School,6,Doha,India,Social Media
REG-2026-01752,2026-01-01,2026,1,Jan,1,Student Speaker Competition,Student 2026_01752,Global Indian International School,12,Mumbai,India,WhatsApp
REG-2026-01366,2026-01-01,2026,1,Jan,1,International School Olympiad,Student 2026_01366,Amity International School,9,Dubai,Qatar,Website
REG-2026-00797,2026-01-01,2026,1,Jan,1,International School Olympiad,Student 2026_00797,GEMS Modern Academy,11,Abu Dhabi,India,Partner School
REG-2026-00930,2026-01-02,2026,1,Jan,1,International Science Olympiad,Student 2026_00930,Delhi Public School,10,Doha,India,Partner School
REG-2026-00866,2026-01-02,2026,1,Jan,1,International Coding Olympiad,Student 2026_00866,Amity International School,5,New Delhi,India,School Outreach
REG-2026-00046,2026-01-02,2026,1,Jan,1,International Coding Olympiad,Student 2026_00046,Gurukul Global School,1,Dubai,UAE,School Outreach
REG-2026-01053,2026-01-02,2026,1,Jan,1,International Mathematics Olympiad,Student 2026_01053,The Indian High School,12,Mumbai,UAE,WhatsApp
REG-2026-01525,2026-01-02,2026,1,Jan,1,Winter Painting Competition,Student 2026_01525,Greenwood International School,3,Bengaluru,India,School Outreach
REG-2026-01017,2026-01-02,2026,1,Jan,1,Winter Painting Competition,Student 2026_01017,Amity International School,1,Mumbai,India,School Outreach
REG-2026-01508,2026-01-02,2026,1,Jan,1,Young Innovators Challenge,Student 2026_01508,GEMS Modern Academy,8,Doha,UAE,Social Media
REG-2026-00172,2026-01-03,2026,1,Jan,1,Student Speaker Competition,Student 2026_00172,Delhi International School,5,Dubai,Qatar,Unknown
REG-2026-02020,2026-01-03,2026,1,Jan,1,Young Innovators Challenge,Student 2026_02020,Amity International School,8,Gurugram,UAE,Website
REG-2026-01217,2026-01-03,2026,1,Jan,1,Student Speaker Competition,Student 2026_01217,Gurukul Global School,8,Dubai,Qatar,Social Media
REG-2026-01226,2026-01-03,2026,1,Jan,1,Winter Painting Competition,Student 2026_01226,Greenwood International School,5,Bengaluru,UAE,School Outreach
REG-2026-01539,2026-01-03,2026,1,Jan,1,Young Innovators Challenge,Student 2026_01539,The Millennium School,6,Dubai,India,Social Media
REG-2026-02147,2026-01-03,2026,1,Jan,1,International School Olympiad,Student 2026_02147,Delhi International School,1,Bengaluru,India,Website
REG-2026-02105,2026-01-04,2026,1,Jan,1,International Mathematics Olympiad,Student 2026_02105,Oakridge International School,2,Doha,UAE,WhatsApp
REG-2026-00904,2026-01-04,2026,1,Jan,1,International Mathematics Olympiad,Student 2026_00904,Sunrise Public School,4,Dubai,UAE,Partner School
REG-2026-00099,2026-01-04,2026,1,Jan,1,International Mathematics Olympiad,Student 2026_00099,Sunrise Public School,8,Abu Dhabi,UAE,Email Campaign
REG-2026-00180,2026-01-04,2026,1,Jan,1,Student Speaker Competition,Student 2026_00180,The Indian High School,8,New Delhi,UAE,Partner School
REG-2026-00004,2026-01-04,2026,1,Jan,1,International Science Olympiad,Student 2026_00004,The Indian High School,3,Gurugram,UAE,Website
REG-2026-02091,2026-01-04,2026,1,Jan,1,Young Innovators Challenge,Student 2026_02091,The Millennium School,1,Abu Dhabi,India,Social Media
REG-2026-00897,2026-01-04,2026,1,Jan,1,International School Olympiad,Student 2026_00897,Gurukul Global School,10,Dubai,UAE,Website
REG-2026-01627,2026-01-04,2026,1,Jan,1,International Coding Olympiad,Student 2026_01627,Gurukul Global School,9,Abu Dhabi,UAE,Website
REG-2026-00699,2026-01-04,2026,1,Jan,1,International Coding Olympiad,Student 2026_00699,The Millennium School,10,Sharjah,UAE,Partner School
REG-2026-00688,2026-01-04,2026,1,Jan,1,International Mathematics Olympiad,Student 2026_00688,Delhi International School,10,Sharjah,UAE,Partner School
REG-2026-01820,2026-01-04,2026,1,Jan,1,International Coding Olympiad,Student 2026_01820,Global Indian International School,9,Sharjah,UAE,Email Campaign
REG-2026-00719,2026-01-05,2026,1,Jan,2,Student Speaker Competition,Student 2026_00719,Delhi Public School,8,Gurugram,UAE,Website
REG-2026-02034,2026-01-05,2026,1,Jan,2,International Coding Olympiad,Student 2026_02034,Sunrise Public School,11,Mumbai,India,WhatsApp
REG-2026-00001,2026-01-05,2026,1,Jan,2,Young Innovators Challenge,Student 2026_00001,Amity International School,10,Abu Dhabi,India,Email Campaign
REG-2026-00776,2026-01-05,2026,1,Jan,2,Young Innovators Challenge,Student 2026_00776,Delhi International School,5,Gurugram,India,Email Campaign
REG-2026-00894,2026-01-05,2026,1,Jan,2,Young Innovators Challenge,Student 2026_00894,GEMS Modern Academy,1,Abu Dhabi,India,Social Media
REG-2026-00728,2026-01-05,2026,1,Jan,2,International Science Olympiad,Student 2026_00728,Sunrise Public School,11,Gurugram,India,Website
REG-2026-02071,2026-01-05,2026,1,Jan,2,International Coding Olympiad,Student 2026_02071,Oakridge International School,8,Gurugram,India,School Outreach
REG-2026-00948,2026-01-06,2026,1,Jan,2,International Science Olympiad,Student 2026_00948,Global Indian International School,5,Doha,UAE,Website
REG-2026-00191,2026-01-06,2026,1,Jan,2,Student Speaker Competition,Student 2026_00191,Bright Future Academy,8,Abu Dhabi,UAE,Website
REG-2026-01562,2026-01-06,2026,1,Jan,2,International School Olympiad,Student 2026_01562,Amity International School,11,Doha,UAE,Social Media
REG-2026-01287,2026-01-06,2026,1,Jan,2,International School Olympiad,Student 2026_01287,Greenwood International School,10,Abu Dhabi,India,Social Media
REG-2026-02121,2026-01-06,2026,1,Jan,2,International Coding Olympiad,Student 2026_02121,GEMS Modern Academy,2,Doha,UAE,Social Media
REG-2026-01695,2026-01-06,2026,1,Jan,2,AI & Robotics Challenge,Student 2026_01695,Unknown School,3,Abu Dhabi,UAE,Email Campaign
REG-2026-01411,2026-01-06,2026,1,Jan,2,AI & Robotics Challenge,Student 2026_01411,Sunrise Public School,9,Mumbai,UAE,Partner School
REG-2026-00061,2026-01-06,2026,1,Jan,2,International Mathematics Olympiad,Student 2026_00061,Sunrise Public School,2,Gurugram,UAE,Email Campaign
REG-2026-00339,2026-01-06,2026,1,Jan,2,Winter Painting Competition,Student 2026_00339,The Indian High School,10,Bengaluru,India,Partner School
REG-2026-00540,2026-01-07,2026,1,Jan,2,International Mathematics Olympiad,Student 2026_00540,GEMS Modern Academy,12,Sharjah,India,Email Campaign
REG-2026-01002,2026-01-07,2026,1,Jan,2,Student Speaker Competition,Student 2026_01002,Delhi International School,1,New Delhi,Qatar,School Outreach
REG-2026-00698,2026-01-07,2026,1,Jan,2,International School Olympiad,Student 2026_00698,Greenwood International School,5,Doha,UAE,Partner School
REG-2026-01029,2026-01-07,2026,1,Jan,2,AI & Robotics Challenge,Student 2026_01029,Global Indian International School,11,Doha,UAE,Email Campaign
REG-2026-00970,2026-01-07,2026,1,Jan,2,Student Speaker Competition,Student 2026_00970,Global Indian International School,2,Sharjah,India,Email Campaign
REG-2026-01594,2026-01-07,2026,1,Jan,2,Winter Painting Competition,Student 2026_01594,Delhi International School,8,Dubai,Qatar,Social Media
REG-2026-01702,2026-01-07,2026,1,Jan,2,Student Speaker Competition,Student 2026_01702,Delhi International School,8,Bengaluru,UAE,Partner School
REG-2026-01511,2026-01-07,2026,1,Jan,2,AI & Robotics Challenge,Student 2026_01511,Delhi International School,12,New Delhi,UAE,Email Campaign
REG-2026-00609,2026-01-08,2026,1,Jan,2,Young Innovators Challenge,Student 2026_00609,The Indian High School,9,Dubai,UAE,WhatsApp
REG-2026-01139,2026-01-08,2026,1,Jan,2,Student Speaker Competition,Student 2026_01139,Gurukul Global School,10,New Delhi,UAE,Website
REG-2026-01094,2026-01-08,2026,1,Jan,2,International Coding Olympiad,Student 2026_01094,Greenwood International School,11,Abu Dhabi,India,Social Media
REG-2026-01419,2026-01-08,2026,1,Jan,2,AI & Robotics Challenge,Student 2026_01419,Delhi Public School,11,Doha,Qatar,Partner School
REG-2026-01578,2026-01-08,2026,1,Jan,2,International Coding Olympiad,Student 2026_01578,Greenwood International School,3,Abu Dhabi,UAE,Partner School
REG-2026-00503,2026-01-08,2026,1,Jan,2,AI & Robotics Challenge,Student 2026_00503,Amity International School,10,Gurugram,Qatar,School Outreach
REG-2026-00913,2026-01-08,2026,1,Jan,2,Student Speaker Competition,Student 2026_00913,Delhi Public School,2,New Delhi,India,School Outreach
REG-2026-01472,2026-01-08,2026,1,Jan,2,AI & Robotics Challenge,Student 2026_01472,Bright Future Academy,4,Sharjah,India,School Outreach
REG-2026-00560,2026-01-08,2026,1,Jan,2,International Coding Olympiad,Student 2026_00560,The Millennium School,11,Sharjah,India,School Outreach
REG-2026-01520,2026-01-09,2026,1,Jan,2,International Science Olympiad,Student 2026_01520,GEMS Modern Academy,6,Abu Dhabi,UAE,Social Media
REG-2026-00524,2026-01-09,2026,1,Jan,2,AI & Robotics Challenge,Student 2026_00524,Delhi Public School,8,Mumbai,UAE,Social Media
REG-2026-01655,2026-01-09,2026,1,Jan,2,AI & Robotics Challenge,Student 2026_01655,Oakridge International School,2,Gurugram,India,Social Media
REG-2026-01565,2026-01-09,2026,1,Jan,2,International School Olympiad,Student 2026_01565,Delhi Public School,2,Gurugram,Qatar,Partner School
REG-2026-01294,2026-01-09,2026,1,Jan,2,International Mathematics Olympiad,Student 2026_01294,Delhi Public School,4,Doha,UAE,WhatsApp
REG-2026-00642,2026-01-09,2026,1,Jan,2,Young Innovators Challenge,Student 2026_00642,Delhi International School,2,Abu Dhabi,India,WhatsApp
REG-2026-01831,2026-01-09,2026,1,Jan,2,International Coding Olympiad,Student 2026_01831,Bright Future Academy,9,Sharjah,UAE,Website
REG-2026-00190,2026-01-09,2026,1,Jan,2,International School Olympiad,Student 2026_00190,The Indian High School,10,Sharjah,UAE,Email Campaign
REG-2026-01463,2026-01-09,2026,1,Jan,2,International School Olympiad,Student 2026_01463,Delhi International School,4,Mumbai,UAE,Email Campaign
REG-2026-00614,2026-01-09,2026,1,Jan,2,International Coding Olympiad,Student 2026_00614,Amity International School,12,Mumbai,UAE,WhatsApp
REG-2026-01689,2026-01-09,2026,1,Jan,2,Young Innovators Challenge,Student 2026_01689,Bright Future Academy,2,Bengaluru,UAE,Email Campaign
REG-2026-01517,2026-01-09,2026,1,Jan,2,AI & Robotics Challenge,Student 2026_01517,Delhi Public School,11,Doha,UAE,Email Campaign
REG-2026-00408,2026-01-09,2026,1,Jan,2,International School Olympiad,Student 2026_00408,Delhi International School,9,Gurugram,UAE,School Outreach
REG-2026-01841,2026-01-09,2026,1,Jan,2,International Mathematics Olympiad,Student 2026_01841,Global Indian International School,11,New Delhi,UAE,Website
REG-2026-00526,2026-01-09,2026,1,Jan,2,International Science Olympiad,Student 2026_00526,The Millennium School,3,Abu Dhabi,India,Email Campaign
REG-2026-00755,2026-01-09,2026,1,Jan,2,International Coding Olympiad,Student 2026_00755,Gurukul Global School,5,Dubai,India,School Outreach
REG-2026-00297,2026-01-09,2026,1,Jan,2,AI & Robotics Challenge,Student 2026_00297,Bright Future Academy,5,Dubai,UAE,WhatsApp
REG-2026-01499,2026-01-10,2026,1,Jan,2,International Science Olympiad,Student 2026_01499,Oakridge International School,9,Dubai,India,Website
REG-2026-00582,2026-01-10,2026,1,Jan,2,AI & Robotics Challenge,Student 2026_00582,The Indian High School,8,New Delhi,Qatar,Website
REG-2026-00088,2026-01-10,2026,1,Jan,2,Student Speaker Competition,Student 2026_00088,Global Indian International School,2,Abu Dhabi,India,Social Media
REG-2026-02064,2026-01-10,2026,1,Jan,2,International School Olympiad,Student 2026_02064,Gurukul Global School,10,Dubai,Qatar,Partner School
REG-2026-01147,2026-01-10,2026,1,Jan,2,International Coding Olympiad,Student 2026_01147,Greenwood International School,9,Dubai,UAE,Email Campaign
REG-2026-01474,2026-01-10,2026,1,Jan,2,Young Innovators Challenge,Student 2026_01474,Gurukul Global School,2,Gurugram,India,Website
REG-2026-00117,2026-01-10,2026,1,Jan,2,Young Innovators Challenge,Student 2026_00117,Global Indian International School,3,Bengaluru,India,Social Media
REG-2026-02115,2026-01-10,2026,1,Jan,2,International Coding Olympiad,Student 2026_02115,Unknown School,7,Sharjah,UAE,Email Campaign
REG-2026-02024,2026-01-10,2026,1,Jan,2,Young Innovators Challenge,Student 2026_02024,Sunrise Public School,4,Unknown,UAE,School Outreach
REG-2026-01001,2026-01-11,2026,1,Jan,2,Student Speaker Competition,Student 2026_01001,Oakridge International School,4,Mumbai,UAE,Website
REG-2026-00811,2026-01-11,2026,1,Jan,2,AI & Robotics Challenge,Student 2026_00811,Amity International School,11,Abu Dhabi,India,Email Campaign
REG-2026-00268,2026-01-11,2026,1,Jan,2,International School Olympiad,Student 2026_00268,Bright Future Academy,3,Dubai,India,Social Media
REG-2026-00769,2026-01-11,2026,1,Jan,2,Student Speaker Competition,Student 2026_00769,GEMS Modern Academy,11,Doha,India,WhatsApp
REG-2026-01860,2026-01-11,2026,1,Jan,2,International Coding Olympiad,Student 2026_01860,The Millennium School,10,Mumbai,India,Email Campaign
REG-2026-00955,2026-01-11,2026,1,Jan,2,International Coding Olympiad,Student 2026_00955,Amity International School,10,Bengaluru,UAE,Website
REG-2026-01910,2026-01-11,2026,1,Jan,2,AI & Robotics Challenge,Student 2026_01910,Greenwood International School,9,Doha,India,Social Media
REG-2026-00189,2026-01-11,2026,1,Jan,2,International Mathematics Olympiad,Student 2026_00189,Global Indian International School,6,Sharjah,India,WhatsApp
REG-2026-01133,2026-01-11,2026,1,Jan,2,International Mathematics Olympiad,Student 2026_01133,GEMS Modern Academy,1,Mumbai,India,Partner School
REG-2026-01700,2026-01-12,2026,1,Jan,3,International Science Olympiad,Student 2026_01700,The Indian High School,12,Mumbai,India,Website
REG-2026-00387,2026-01-12,2026,1,Jan,3,International Science Olympiad,Student 2026_00387,Delhi Public School,1,Bengaluru,Qatar,Partner School
REG-2026-01877,2026-01-12,2026,1,Jan,3,Young Innovators Challenge,Student 2026_01877,The Indian High School,1,Dubai,UAE,School Outreach
REG-2026-00926,2026-01-12,2026,1,Jan,3,International Coding Olympiad,Student 2026_00926,Oakridge International School,5,Bengaluru,India,WhatsApp
REG-2026-00488,2026-01-12,2026,1,Jan,3,Student Speaker Competition,Student 2026_00488,Sunrise Public School,12,Bengaluru,Qatar,Website
REG-2026-01361,2026-01-12,2026,1,Jan,3,Young Innovators Challenge,Student 2026_01361,Delhi International School,2,Bengaluru,India,Email Campaign
REG-2026-02143,2026-01-12,2026,1,Jan,3,AI & Robotics Challenge,Student 2026_02143,Greenwood International School,11,New Delhi,UAE,Email Campaign
REG-2026-02117,2026-01-13,2026,1,Jan,3,AI & Robotics Challenge,Student 2026_02117,Oakridge International School,8,Sharjah,India,Website
REG-2026-02039,2026-01-13,2026,1,Jan,3,International Coding Olympiad,Student 2026_02039,GEMS Modern Academy,12,Dubai,India,Social Media
REG-2026-00301,2026-01-13,2026,1,Jan,3,Young Innovators Challenge,Student 2026_00301,Delhi Public School,8,New Delhi,India,Partner School
REG-2026-01983,2026-01-13,2026,1,Jan,3,International Mathematics Olympiad,Student 2026_01983,Gurukul Global School,6,Gurugram,India,Website
REG-2026-01892,2026-01-13,2026,1,Jan,3,Student Speaker Competition,Student 2026_01892,The Indian High School,1,Abu Dhabi,UAE,Email Campaign
REG-2026-01068,2026-01-13,2026,1,Jan,3,Student Speaker Competition,Student 2026_01068,Delhi International School,8,Dubai,Qatar,Email Campaign
REG-2026-00457,2026-01-13,2026,1,Jan,3,Young Innovators Challenge,Student 2026_00457,Oakridge International School,5,New Delhi,India,Social Media
REG-2026-00033,2026-01-13,2026,1,Jan,3,International School Olympiad,Student 2026_00033,Delhi International School,7,Mumbai,India,School Outreach
REG-2026-00834,2026-01-13,2026,1,Jan,3,International Coding Olympiad,Student 2026_00834,GEMS Modern Academy,2,Doha,India,Email Campaign
REG-2026-00153,2026-01-13,2026,1,Jan,3,AI & Robotics Challenge,Student 2026_00153,Gurukul Global School,4,Doha,India,Email Campaign
REG-2026-01130,2026-01-13,2026,1,Jan,3,Young Innovators Challenge,Student 2026_01130,Global Indian International School,11,Doha,Qatar,School Outreach
REG-2026-02090,2026-01-13,2026,1,Jan,3,International School Olympiad,Student 2026_02090,Delhi Public School,1,Mumbai,India,School Outreach
REG-2026-00950,2026-01-14,2026,1,Jan,3,International Science Olympiad,Student 2026_00950,Greenwood International School,10,Dubai,India,Social Media
REG-2026-00450,2026-01-14,2026,1,Jan,3,International Coding Olympiad,Student 2026_00450,Sunrise Public School,4,Abu Dhabi,India,Social Media
REG-2026-00260,2026-01-14,2026,1,Jan,3,Young Innovators Challenge,Student 2026_00260,The Millennium School,1,New Delhi,UAE,Partner School
REG-2026-01270,2026-01-14,2026,1,Jan,3,International Science Olympiad,Student 2026_01270,Amity International School,12,Abu Dhabi,UAE,Social Media
REG-2026-00489,2026-01-14,2026,1,Jan,3,Winter Painting Competition,Student 2026_00489,Global Indian International School,3,Mumbai,India,School Outreach
REG-2026-01023,2026-01-14,2026,1,Jan,3,International Coding Olympiad,Student 2026_01023,GEMS Modern Academy,9,Abu Dhabi,Qatar,School Outreach
REG-2026-00076,2026-01-14,2026,1,Jan,3,Winter Painting Competition,Student 2026_00076,Global Indian International School,7,Gurugram,India,WhatsApp
REG-2026-01716,2026-01-14,2026,1,Jan,3,Young Innovators Challenge,Student 2026_01716,Delhi Public School,4,Dubai,India,Website
REG-2026-01164,2026-01-15,2026,1,Jan,3,International Science Olympiad,Student 2026_01164,The Indian High School,5,New Delhi,India,Email Campaign
REG-2026-00316,2026-01-15,2026,1,Jan,3,International School Olympiad,Student 2026_00316,Gurukul Global School,12,Doha,Qatar,Email Campaign
REG-2026-01235,2026-01-15,2026,1,Jan,3,International School Olympiad,Student 2026_01235,Amity International School,5,Dubai,India,WhatsApp
REG-2026-02099,2026-01-15,2026,1,Jan,3,International Mathematics Olympiad,Student 2026_02099,Sunrise Public School,5,Bengaluru,India,Email Campaign
REG-2026-00995,2026-01-15,2026,1,Jan,3,International Mathematics Olympiad,Student 2026_00995,Greenwood International School,6,Dubai,UAE,Website
REG-2026-00009,2026-01-15,2026,1,Jan,3,International Science Olympiad,Student 2026_00009,Global Indian International School,4,Sharjah,UAE,Partner School
REG-2026-00013,2026-01-15,2026,1,Jan,3,Student Speaker Competition,Student 2026_00013,Sunrise Public School,1,Abu Dhabi,India,WhatsApp
REG-2026-00264,2026-01-15,2026,1,Jan,3,International Coding Olympiad,Student 2026_00264,The Millennium School,5,New Delhi,Qatar,Email Campaign
REG-2026-01969,2026-01-16,2026,1,Jan,3,Young Innovators Challenge,Student 2026_01969,Oakridge International School,3,New Delhi,India,Email Campaign
REG-2026-01492,2026-01-16,2026,1,Jan,3,Young Innovators Challenge,Student 2026_01492,The Indian High School,9,Abu Dhabi,UAE,School Outreach
REG-2026-00676,2026-01-16,2026,1,Jan,3,International School Olympiad,Student 2026_00676,Bright Future Academy,2,Mumbai,India,WhatsApp
REG-2026-00529,2026-01-16,2026,1,Jan,3,International Science Olympiad,Student 2026_00529,The Indian High School,5,Dubai,UAE,Email Campaign
REG-2026-00454,2026-01-16,2026,1,Jan,3,International Coding Olympiad,Student 2026_00454,Delhi Public School,3,Mumbai,India,WhatsApp
REG-2026-00848,2026-01-16,2026,1,Jan,3,Young Innovators Challenge,Student 2026_00848,Delhi Public School,10,Dubai,India,Partner School
REG-2026-01310,2026-01-16,2026,1,Jan,3,International Mathematics Olympiad,Student 2026_01310,Global Indian International School,8,Sharjah,India,Social Media
REG-2026-00137,2026-01-16,2026,1,Jan,3,Young Innovators Challenge,Student 2026_00137,Sunrise Public School,12,Doha,India,Website
REG-2026-00695,2026-01-17,2026,1,Jan,3,Winter Painting Competition,Student 2026_00695,Greenwood International School,9,Mumbai,India,School Outreach
REG-2026-01391,2026-01-17,2026,1,Jan,3,Student Speaker Competition,Student 2026_01391,GEMS Modern Academy,4,Bengaluru,Qatar,Social Media
REG-2026-00773,2026-01-17,2026,1,Jan,3,International Mathematics Olympiad,Student 2026_00773,Delhi Public School,7,Abu Dhabi,UAE,Partner School
REG-2026-01680,2026-01-17,2026,1,Jan,3,AI & Robotics Challenge,Student 2026_01680,Greenwood International School,2,Mumbai,India,Social Media
REG-2026-01871,2026-01-17,2026,1,Jan,3,International Mathematics Olympiad,Student 2026_01871,Bright Future Academy,1,Mumbai,UAE,School Outreach
REG-2026-00157,2026-01-17,2026,1,Jan,3,International Science Olympiad,Student 2026_00157,GEMS Modern Academy,2,New Delhi,India,Website
REG-2026-00059,2026-01-17,2026,1,Jan,3,Winter Painting Competition,Student 2026_00059,Delhi Public School,10,Bengaluru,India,Email Campaign
REG-2026-01840,2026-01-18,2026,1,Jan,3,Winter Painting Competition,Student 2026_01840,Amity International School,4,New Delhi,India,School Outreach
REG-2026-01567,2026-01-18,2026,1,Jan,3,International School Olympiad,Student 2026_01567,The Millennium School,4,Sharjah,India,School Outreach
REG-2026-01495,2026-01-18,2026,1,Jan,3,International Mathematics Olympiad,Student 2026_01495,The Millennium School,1,Gurugram,India,Partner School
REG-2026-01537,2026-01-18,2026,1,Jan,3,International School Olympiad,Student 2026_01537,GEMS Modern Academy,5,Bengaluru,UAE,Email Campaign
REG-2026-02122,2026-01-18,2026,1,Jan,3,Winter Painting Competition,Student 2026_02122,Oakridge International School,6,Bengaluru,India,Social Media
REG-2026-01271,2026-01-18,2026,1,Jan,3,Young Innovators Challenge,Student 2026_01271,The Millennium School,1,New Delhi,UAE,WhatsApp
REG-2026-00607,2026-01-18,2026,1,Jan,3,International Coding Olympiad,Student 2026_00607,Oakridge International School,5,Abu Dhabi,UAE,Website
REG-2026-01828,2026-01-18,2026,1,Jan,3,International Science Olympiad,Student 2026_01828,Amity International School,4,Sharjah,UAE,Partner School
REG-2026-01993,2026-01-18,2026,1,Jan,3,AI & Robotics Challenge,Student 2026_01993,Amity International School,5,Dubai,UAE,School Outreach
REG-2026-00886,2026-01-18,2026,1,Jan,3,International Coding Olympiad,Student 2026_00886,Global Indian International School,10,New Delhi,UAE,School Outreach
REG-2026-00747,2026-01-18,2026,1,Jan,3,Young Innovators Challenge,Student 2026_00747,Delhi Public School,9,Doha,India,Email Campaign
REG-2026-00015,2026-01-19,2026,1,Jan,4,Young Innovators Challenge,Student 2026_00015,Greenwood International School,8,Abu Dhabi,UAE,Email Campaign
REG-2026-01413,2026-01-19,2026,1,Jan,4,International Mathematics Olympiad,Student 2026_01413,Global Indian International School,8,Sharjah,UAE,Social Media
REG-2026-01605,2026-01-19,2026,1,Jan,4,International Coding Olympiad,Student 2026_01605,Global Indian International School,6,Doha,UAE,Email Campaign
REG-2026-00325,2026-01-19,2026,1,Jan,4,Young Innovators Challenge,Student 2026_00325,Amity International School,1,Bengaluru,India,Website
REG-2026-01664,2026-01-19,2026,1,Jan,4,AI & Robotics Challenge,Student 2026_01664,Global Indian International School,7,Doha,India,Partner School
REG-2026-01129,2026-01-19,2026,1,Jan,4,International Mathematics Olympiad,Student 2026_01129,Sunrise Public School,9,Sharjah,UAE,Social Media
REG-2026-01939,2026-01-19,2026,1,Jan,4,Student Speaker Competition,Student 2026_01939,Amity International School,1,Mumbai,India,Website
REG-2026-01486,2026-01-19,2026,1,Jan,4,International Mathematics Olympiad,Student 2026_01486,Amity International School,6,Abu Dhabi,India,Social Media
REG-2026-00494,2026-01-19,2026,1,Jan,4,Young Innovators Challenge,Student 2026_00494,GEMS Modern Academy,7,Gurugram,Qatar,School Outreach
REG-2026-01643,2026-01-19,2026,1,Jan,4,International Mathematics Olympiad,Student 2026_01643,Gurukul Global School,12,Mumbai,Qatar,WhatsApp
REG-2026-01878,2026-01-19,2026,1,Jan,4,AI & Robotics Challenge,Student 2026_01878,GEMS Modern Academy,6,Dubai,India,School Outreach
REG-2026-01290,2026-01-19,2026,1,Jan,4,Student Speaker Competition,Student 2026_01290,Bright Future Academy,11,Dubai,India,School Outreach
REG-2026-00927,2026-01-19,2026,1,Jan,4,International School Olympiad,Student 2026_00927,Oakridge International School,2,Sharjah,India,WhatsApp
REG-2026-01412,2026-01-19,2026,1,Jan,4,International Science Olympiad,Student 2026_01412,Gurukul Global School,4,New Delhi,UAE,Partner School
REG-2026-00947,2026-01-19,2026,1,Jan,4,Winter Painting Competition,Student 2026_00947,The Millennium School,10,Sharjah,India,Email Campaign
REG-2026-01854,2026-01-20,2026,1,Jan,4,International Science Olympiad,Student 2026_01854,Amity International School,11,New Delhi,UAE,WhatsApp
REG-2026-01198,2026-01-20,2026,1,Jan,4,International School Olympiad,Student 2026_01198,Amity International School,5,Sharjah,UAE,School Outreach
REG-2026-00822,2026-01-20,2026,1,Jan,4,International Mathematics Olympiad,Student 2026_00822,Delhi Public School,3,Bengaluru,India,Social Media
REG-2026-01676,2026-01-20,2026,1,Jan,4,Winter Painting Competition,Student 2026_01676,Oakridge International School,3,Bengaluru,India,Email Campaign
REG-2026-01185,2026-01-20,2026,1,Jan,4,Young Innovators Challenge,Student 2026_01185,Bright Future Academy,3,New Delhi,UAE,Website
REG-2026-00409,2026-01-20,2026,1,Jan,4,International Coding Olympiad,Student 2026_00409,Gurukul Global School,5,Mumbai,India,School Outreach
REG-2026-01528,2026-01-20,2026,1,Jan,4,International Coding Olympiad,Student 2026_01528,The Millennium School,1,Dubai,India,Partner School
REG-2026-01020,2026-01-21,2026,1,Jan,4,International Science Olympiad,Student 2026_01020,The Indian High School,8,New Delhi,UAE,Partner School
REG-2026-01962,2026-01-21,2026,1,Jan,4,International Science Olympiad,Student 2026_01962,The Indian High School,3,Sharjah,India,Partner School
REG-2026-01300,2026-01-21,2026,1,Jan,4,International School Olympiad,Student 2026_01300,Delhi Public School,6,Sharjah,India,Partner School
REG-2026-00827,2026-01-21,2026,1,Jan,4,International Coding Olympiad,Student 2026_00827,Gurukul Global School,3,Doha,UAE,Social Media
REG-2026-01647,2026-01-21,2026,1,Jan,4,International Mathematics Olympiad,Student 2026_01647,Delhi Public School,3,Mumbai,UAE,Website
REG-2026-01340,2026-01-21,2026,1,Jan,4,Young Innovators Challenge,Student 2026_01340,Global Indian International School,4,Dubai,UAE,WhatsApp
REG-2026-00714,2026-01-22,2026,1,Jan,4,International Science Olympiad,Student 2026_00714,Sunrise Public School,8,New Delhi,India,Social Media
REG-2026-00125,2026-01-22,2026,1,Jan,4,International School Olympiad,Student 2026_00125,Amity International School,11,Dubai,UAE,WhatsApp
REG-2026-01971,2026-01-22,2026,1,Jan,4,International School Olympiad,Student 2026_01971,GEMS Modern Academy,1,Gurugram,India,Partner School
REG-2026-01178,2026-01-22,2026,1,Jan,4,International School Olympiad,Student 2026_01178,GEMS Modern Academy,10,Mumbai,UAE,Email Campaign
REG-2026-00354,2026-01-22,2026,1,Jan,4,International Mathematics Olympiad,Student 2026_00354,Greenwood International School,8,Gurugram,India,Website
REG-2026-01662,2026-01-22,2026,1,Jan,4,Student Speaker Competition,Student 2026_01662,The Indian High School,12,Dubai,UAE,Website
REG-2026-01277,2026-01-22,2026,1,Jan,4,AI & Robotics Challenge,Student 2026_01277,Delhi International School,6,Sharjah,Qatar,School Outreach
REG-2026-02100,2026-01-22,2026,1,Jan,4,AI & Robotics Challenge,Student 2026_02100,Global Indian International School,11,New Delhi,India,Website
REG-2026-01108,2026-01-22,2026,1,Jan,4,International Science Olympiad,Student 2026_01108,Greenwood International School,8,Bengaluru,India,Social Media
REG-2026-01848,2026-01-22,2026,1,Jan,4,Young Innovators Challenge,Student 2026_01848,Oakridge International School,2,Doha,UAE,Email Campaign
REG-2026-02033,2026-01-22,2026,1,Jan,4,International Mathematics Olympiad,Student 2026_02033,Greenwood International School,7,Dubai,UAE,School Outreach
REG-2026-00501,2026-01-22,2026,1,Jan,4,Student Speaker Competition,Student 2026_00501,Sunrise Public School,8,Abu Dhabi,UAE,Website
REG-2026-00374,2026-01-22,2026,1,Jan,4,International Coding Olympiad,Student 2026_00374,Greenwood International School,7,New Delhi,UAE,Website
REG-2026-00027,2026-01-22,2026,1,Jan,4,Student Speaker Competition,Student 2026_00027,Gurukul Global School,1,Bengaluru,Qatar,WhatsApp
REG-2026-01048,2026-01-23,2026,1,Jan,4,Student Speaker Competition,Student 2026_01048,Sunrise Public School,9,Abu Dhabi,India,Website
REG-2026-00962,2026-01-23,2026,1,Jan,4,Young Innovators Challenge,Student 2026_00962,Gurukul Global School,8,Mumbai,Qatar,Partner School
REG-2026-00041,2026-01-23,2026,1,Jan,4,International Mathematics Olympiad,Student 2026_00041,Delhi Public School,1,Doha,UAE,WhatsApp
REG-2026-01626,2026-01-23,2026,1,Jan,4,AI & Robotics Challenge,Student 2026_01626,Bright Future Academy,8,New Delhi,India,Partner School
REG-2026-00042,2026-01-24,2026,1,Jan,4,Student Speaker Competition,Student 2026_00042,Delhi Public School,2,Abu Dhabi,UAE,Social Media
REG-2026-00398,2026-01-24,2026,1,Jan,4,International Science Olympiad,Student 2026_00398,The Millennium School,6,Sharjah,UAE,Email Campaign
REG-2026-00294,2026-01-24,2026,1,Jan,4,International Coding Olympiad,Student 2026_00294,Global Indian International School,6,Mumbai,India,Email Campaign
REG-2026-01064,2026-01-24,2026,1,Jan,4,International Science Olympiad,Student 2026_01064,Greenwood International School,4,Bengaluru,UAE,School Outreach
REG-2026-01813,2026-01-24,2026,1,Jan,4,Student Speaker Competition,Student 2026_01813,The Indian High School,7,Doha,UAE,Partner School
REG-2026-01992,2026-01-24,2026,1,Jan,4,Student Speaker Competition,Student 2026_01992,Bright Future Academy,12,Sharjah,UAE,Social Media
REG-2026-02101,2026-01-24,2026,1,Jan,4,Winter Painting Competition,Student 2026_02101,Global Indian International School,9,Mumbai,UAE,Website
REG-2026-00025,2026-01-24,2026,1,Jan,4,International School Olympiad,Student 2026_00025,Amity International School,9,Dubai,UAE,Social Media
REG-2026-01804,2026-01-24,2026,1,Jan,4,International Mathematics Olympiad,Student 2026_01804,Bright Future Academy,1,Unknown,India,Social Media
REG-2026-01283,2026-01-24,2026,1,Jan,4,International Coding Olympiad,Student 2026_01283,Unknown School,5,Dubai,India,Website
REG-2026-00379,2026-01-24,2026,1,Jan,4,International Coding Olympiad,Student 2026_00379,Amity International School,4,New Delhi,India,Social Media
REG-2026-00185,2026-01-24,2026,1,Jan,4,International Mathematics Olympiad,Student 2026_00185,Amity International School,6,Dubai,India,Social Media
REG-2026-00307,2026-01-24,2026,1,Jan,4,International Coding Olympiad,Student 2026_00307,Oakridge International School,10,Abu Dhabi,India,Email Campaign
REG-2026-00302,2026-01-25,2026,1,Jan,4,International Coding Olympiad,Student 2026_00302,Delhi Public School,1,Bengaluru,India,Email Campaign
REG-2026-00766,2026-01-25,2026,1,Jan,4,AI & Robotics Challenge,Student 2026_00766,Amity International School,2,Doha,India,WhatsApp
REG-2026-00929,2026-01-25,2026,1,Jan,4,International Science Olympiad,Student 2026_00929,Gurukul Global School,11,Abu Dhabi,UAE,School Outreach
REG-2026-00506,2026-01-25,2026,1,Jan,4,Student Speaker Competition,Student 2026_00506,Gurukul Global School,2,Gurugram,India,Social Media
REG-2026-01078,2026-01-25,2026,1,Jan,4,Young Innovators Challenge,Student 2026_01078,Global Indian International School,6,Gurugram,UAE,Partner School
REG-2026-01112,2026-01-25,2026,1,Jan,4,Young Innovators Challenge,Student 2026_01112,Greenwood International School,3,Mumbai,India,Social Media
REG-2026-01485,2026-01-25,2026,1,Jan,4,International Mathematics Olympiad,Student 2026_01485,Delhi International School,8,Sharjah,India,Website
REG-2026-00744,2026-01-25,2026,1,Jan,4,International Science Olympiad,Student 2026_00744,Oakridge International School,4,Dubai,UAE,WhatsApp
REG-2026-02012,2026-01-25,2026,1,Jan,4,International School Olympiad,Student 2026_02012,Greenwood International School,4,Unknown,UAE,Email Campaign
REG-2026-01991,2026-01-25,2026,1,Jan,4,AI & Robotics Challenge,Student 2026_01991,GEMS Modern Academy,8,Gurugram,India,Partner School
REG-2026-00207,2026-01-26,2026,1,Jan,5,International School Olympiad,Student 2026_00207,Unknown School,1,Abu Dhabi,India,Email Campaign
REG-2026-01342,2026-01-26,2026,1,Jan,5,Young Innovators Challenge,Student 2026_01342,Gurukul Global School,6,Doha,India,Email Campaign
REG-2026-01985,2026-01-26,2026,1,Jan,5,International School Olympiad,Student 2026_01985,Delhi Public School,3,Doha,UAE,Website
REG-2026-02019,2026-01-26,2026,1,Jan,5,Winter Painting Competition,Student 2026_02019,Delhi International School,6,Gurugram,UAE,WhatsApp
REG-2026-01490,2026-01-26,2026,1,Jan,5,Student Speaker Competition,Student 2026_01490,The Millennium School,3,Mumbai,UAE,WhatsApp
REG-2026-01685,2026-01-26,2026,1,Jan,5,AI & Robotics Challenge,Student 2026_01685,The Millennium School,9,New Delhi,UAE,Website
REG-2026-01205,2026-01-26,2026,1,Jan,5,International Science Olympiad,Student 2026_01205,Amity International School,9,Sharjah,UAE,School Outreach
REG-2026-00203,2026-01-26,2026,1,Jan,5,AI & Robotics Challenge,Student 2026_00203,Sunrise Public School,12,Doha,UAE,Partner School
REG-2026-01401,2026-01-27,2026,1,Jan,5,Student Speaker Competition,Student 2026_01401,Global Indian International School,5,New Delhi,UAE,Email Campaign
REG-2026-01859,2026-01-27,2026,1,Jan,5,AI & Robotics Challenge,Student 2026_01859,Sunrise Public School,9,Doha,UAE,Email Campaign
REG-2026-01071,2026-01-27,2026,1,Jan,5,International Science Olympiad,Student 2026_01071,The Millennium School,2,New Delhi,India,Website
REG-2026-00500,2026-01-27,2026,1,Jan,5,Young Innovators Challenge,Student 2026_00500,Greenwood International School,7,Doha,India,WhatsApp
REG-2026-00095,2026-01-27,2026,1,Jan,5,Student Speaker Competition,Student 2026_00095,GEMS Modern Academy,3,Gurugram,India,Social Media
REG-2026-01318,2026-01-27,2026,1,Jan,5,International Mathematics Olympiad,Student 2026_01318,Bright Future Academy,1,Sharjah,India,WhatsApp
REG-2026-00102,2026-01-27,2026,1,Jan,5,International Mathematics Olympiad,Student 2026_00102,Bright Future Academy,7,New Delhi,Qatar,Social Media
REG-2026-00404,2026-01-27,2026,1,Jan,5,International School Olympiad,Student 2026_00404,The Indian High School,1,Abu Dhabi,India,Email Campaign
REG-2026-01398,2026-01-28,2026,1,Jan,5,International Mathematics Olympiad,Student 2026_01398,Delhi International School,1,Bengaluru,India,Partner School
REG-2026-01810,2026-01-28,2026,1,Jan,5,AI & Robotics Challenge,Student 2026_01810,Sunrise Public School,6,New Delhi,UAE,School Outreach
REG-2026-00767,2026-01-28,2026,1,Jan,5,AI & Robotics Challenge,Student 2026_00767,Greenwood International School,2,Bengaluru,India,Email Campaign
REG-2026-01632,2026-01-28,2026,1,Jan,5,International Coding Olympiad,Student 2026_01632,Sunrise Public School,3,Gurugram,India,Website
REG-2026-00731,2026-01-28,2026,1,Jan,5,International Mathematics Olympiad,Student 2026_00731,Oakridge International School,8,Doha,India,School Outreach
REG-2026-00992,2026-01-28,2026,1,Jan,5,International School Olympiad,Student 2026_00992,Greenwood International School,1,Mumbai,India,Partner School
REG-2026-00397,2026-01-28,2026,1,Jan,5,International School Olympiad,Student 2026_00397,Global Indian International School,11,Gurugram,UAE,Partner School
REG-2026-02006,2026-01-28,2026,1,Jan,5,International Coding Olympiad,Student 2026_02006,GEMS Modern Academy,3,Abu Dhabi,India,Social Media
REG-2026-00290,2026-01-28,2026,1,Jan,5,Student Speaker Competition,Student 2026_00290,The Indian High School,7,Gurugram,India,WhatsApp
REG-2026-00350,2026-01-28,2026,1,Jan,5,Young Innovators Challenge,Student 2026_00350,Sunrise Public School,11,Bengaluru,India,Website
REG-2026-00889,2026-01-29,2026,1,Jan,5,AI & Robotics Challenge,Student 2026_00889,Sunrise Public School,1,Mumbai,India,Partner School
REG-2026-01636,2026-01-29,2026,1,Jan,5,International School Olympiad,Student 2026_01636,The Indian High School,1,Gurugram,India,Partner School
REG-2026-01011,2026-01-29,2026,1,Jan,5,Young Innovators Challenge,Student 2026_01011,Greenwood International School,2,Dubai,UAE,Email Campaign
REG-2026-01027,2026-01-29,2026,1,Jan,5,International School Olympiad,Student 2026_01027,Amity International School,3,Bengaluru,UAE,Partner School
REG-2026-00073,2026-01-29,2026,1,Jan,5,International School Olympiad,Student 2026_00073,The Millennium School,4,Abu Dhabi,India,WhatsApp
REG-2026-00732,2026-01-29,2026,1,Jan,5,International School Olympiad,Student 2026_00732,Greenwood International School,5,Mumbai,India,School Outreach
REG-2026-00240,2026-01-29,2026,1,Jan,5,International School Olympiad,Student 2026_00240,Greenwood International School,1,Mumbai,India,Partner School
REG-2026-01057,2026-01-30,2026,1,Jan,5,Young Innovators Challenge,Student 2026_01057,Sunrise Public School,6,Dubai,India,Social Media
REG-2026-00395,2026-01-30,2026,1,Jan,5,Student Speaker Competition,Student 2026_00395,Amity International School,5,Sharjah,India,WhatsApp
REG-2026-01049,2026-01-30,2026,1,Jan,5,International Science Olympiad,Student 2026_01049,Oakridge International School,12,Bengaluru,India,Partner School
REG-2026-01819,2026-01-30,2026,1,Jan,5,AI & Robotics Challenge,Student 2026_01819,Greenwood International School,12,Dubai,UAE,Social Media
REG-2026-00306,2026-01-30,2026,1,Jan,5,International Coding Olympiad,Student 2026_00306,Delhi International School,11,Dubai,India,Partner School
REG-2026-00880,2026-01-30,2026,1,Jan,5,AI & Robotics Challenge,Student 2026_00880,The Millennium School,4,Doha,India,Social Media
REG-2026-00810,2026-01-30,2026,1,Jan,5,International Coding Olympiad,Student 2026_00810,Amity International School,10,Mumbai,India,Partner School
REG-2026-00655,2026-01-31,2026,1,Jan,5,International Science Olympiad,Student 2026_00655,Gurukul Global School,2,Dubai,UAE,Partner School
REG-2026-02109,2026-01-31,2026,1,Jan,5,Winter Painting Competition,Student 2026_02109,The Indian High School,12,Abu Dhabi,Qatar,Email Campaign
REG-2026-00112,2026-01-31,2026,1,Jan,5,International School Olympiad,Student 2026_00112,Delhi Public School,12,Sharjah,UAE,Partner School
REG-2026-01801,2026-01-31,2026,1,Jan,5,International Coding Olympiad,Student 2026_01801,Global Indian International School,5,Bengaluru,India,Partner School
REG-2026-00171,2026-01-31,2026,1,Jan,5,International Coding Olympiad,Student 2026_00171,Global Indian International School,5,Dubai,India,Email Campaign
REG-2026-01252,2026-01-31,2026,1,Jan,5,AI & Robotics Challenge,Student 2026_01252,The Millennium School,7,Mumbai,Qatar,School Outreach
REG-2026-01691,2026-01-31,2026,1,Jan,5,AI & Robotics Challenge,Student 2026_01691,Global Indian International School,1,Bengaluru,India,Email Campaign
REG-2026-01547,2026-01-31,2026,1,Jan,5,International Mathematics Olympiad,Student 2026_01547,Gurukul Global School,3,Gurugram,India,Social Media
REG-2026-00217,2026-01-31,2026,1,Jan,5,International Science Olympiad,Student 2026_00217,Bright Future Academy,10,Mumbai,India,Email Campaign
REG-2026-00837,2026-01-31,2026,1,Jan,5,International Mathematics Olympiad,Student 2026_00837,The Millennium School,3,Mumbai,UAE,Email Campaign
REG-2026-01253,2026-01-31,2026,1,Jan,5,International Mathematics Olympiad,Student 2026_01253,Oakridge International School,1,Sharjah,UAE,Unknown
REG-2026-00300,2026-02-01,2026,2,Feb,5,International Science Olympiad,Student 2026_00300,Sunrise Public School,9,Dubai,Qatar,Social Media
REG-2026-01587,2026-02-01,2026,2,Feb,5,International Coding Olympiad,Student 2026_01587,Oakridge International School,12,Abu Dhabi,India,School Outreach
REG-2026-01243,2026-02-01,2026,2,Feb,5,Student Speaker Competition,Student 2026_01243,Gurukul Global School,3,Doha,UAE,Social Media
REG-2026-01884,2026-02-01,2026,2,Feb,5,International School Olympiad,Student 2026_01884,Delhi International School,5,Sharjah,UAE,Partner School
REG-2026-00380,2026-02-01,2026,2,Feb,5,Student Speaker Competition,Student 2026_00380,Gurukul Global School,4,Doha,India,Partner School
REG-2026-00702,2026-02-01,2026,2,Feb,5,Young Innovators Challenge,Student 2026_00702,Oakridge International School,2,Doha,UAE,Website
REG-2026-00919,2026-02-01,2026,2,Feb,5,Young Innovators Challenge,Student 2026_00919,Amity International School,5,Mumbai,UAE,School Outreach
REG-2026-02139,2026-02-01,2026,2,Feb,5,International School Olympiad,Student 2026_02139,GEMS Modern Academy,12,Gurugram,India,Email Campaign
REG-2026-00367,2026-02-01,2026,2,Feb,5,International School Olympiad,Student 2026_00367,Oakridge International School,6,Mumbai,India,Unknown
REG-2026-01125,2026-02-01,2026,2,Feb,5,International Mathematics Olympiad,Student 2026_01125,Delhi Public School,6,Mumbai,India,Social Media
REG-2026-01687,2026-02-01,2026,2,Feb,5,International Coding Olympiad,Student 2026_01687,Global Indian International School,12,Bengaluru,Qatar,Website
REG-2026-00270,2026-02-01,2026,2,Feb,5,International School Olympiad,Student 2026_00270,Delhi Public School,8,New Delhi,India,Email Campaign
REG-2026-02009,2026-02-02,2026,2,Feb,6,International Science Olympiad,Student 2026_02009,Sunrise Public School,3,New Delhi,Qatar,Partner School
REG-2026-00683,2026-02-02,2026,2,Feb,6,International School Olympiad,Student 2026_00683,Bright Future Academy,2,New Delhi,India,Social Media
REG-2026-02017,2026-02-02,2026,2,Feb,6,International Coding Olympiad,Student 2026_02017,Oakridge International School,1,Bengaluru,India,Social Media
REG-2026-00777,2026-02-02,2026,2,Feb,6,Young Innovators Challenge,Student 2026_00777,Global Indian International School,4,New Delhi,India,Email Campaign
REG-2026-02083,2026-02-02,2026,2,Feb,6,International School Olympiad,Student 2026_02083,Gurukul Global School,7,Dubai,India,Social Media
REG-2026-01006,2026-02-02,2026,2,Feb,6,International Science Olympiad,Student 2026_01006,The Millennium School,2,Sharjah,UAE,School Outreach
REG-2026-01481,2026-02-02,2026,2,Feb,6,AI & Robotics Challenge,Student 2026_01481,Gurukul Global School,4,Doha,Qatar,Email Campaign
REG-2026-00237,2026-02-03,2026,2,Feb,6,AI & Robotics Challenge,Student 2026_00237,Oakridge International School,9,New Delhi,India,Email Campaign
REG-2026-01134,2026-02-03,2026,2,Feb,6,International Mathematics Olympiad,Student 2026_01134,Oakridge International School,2,New Delhi,India,WhatsApp
REG-2026-00598,2026-02-03,2026,2,Feb,6,Student Speaker Competition,Student 2026_00598,The Indian High School,1,Abu Dhabi,UAE,WhatsApp
REG-2026-01891,2026-02-03,2026,2,Feb,6,International Mathematics Olympiad,Student 2026_01891,GEMS Modern Academy,2,Sharjah,India,Unknown
REG-2026-01727,2026-02-03,2026,2,Feb,6,International Mathematics Olympiad,Student 2026_01727,Gurukul Global School,5,Bengaluru,India,Website
REG-2026-00613,2026-02-03,2026,2,Feb,6,International Coding Olympiad,Student 2026_00613,The Indian High School,3,Abu Dhabi,India,Email Campaign
REG-2026-00510,2026-02-03,2026,2,Feb,6,International Coding Olympiad,Student 2026_00510,Sunrise Public School,2,Doha,India,School Outreach
REG-2026-00611,2026-02-04,2026,2,Feb,6,AI & Robotics Challenge,Student 2026_00611,Global Indian International School,5,Sharjah,UAE,Social Media
REG-2026-00839,2026-02-04,2026,2,Feb,6,International Coding Olympiad,Student 2026_00839,Gurukul Global School,2,Sharjah,India,WhatsApp
REG-2026-00623,2026-02-04,2026,2,Feb,6,International Coding Olympiad,Student 2026_00623,Sunrise Public School,7,Gurugram,UAE,Email Campaign
REG-2026-00871,2026-02-04,2026,2,Feb,6,International Coding Olympiad,Student 2026_00871,Delhi Public School,10,Gurugram,India,Email Campaign
REG-2026-01844,2026-02-04,2026,2,Feb,6,Young Innovators Challenge,Student 2026_01844,Delhi International School,9,Dubai,India,Email Campaign
REG-2026-01704,2026-02-04,2026,2,Feb,6,International Science Olympiad,Student 2026_01704,Bright Future Academy,3,New Delhi,UAE,School Outreach
REG-2026-00164,2026-02-04,2026,2,Feb,6,Student Speaker Competition,Student 2026_00164,Unknown School,12,Gurugram,UAE,Partner School
REG-2026-00973,2026-02-04,2026,2,Feb,6,Young Innovators Challenge,Student 2026_00973,The Millennium School,3,Bengaluru,UAE,Partner School
REG-2026-01660,2026-02-04,2026,2,Feb,6,Winter Painting Competition,Student 2026_01660,Bright Future Academy,12,Gurugram,India,School Outreach
REG-2026-01982,2026-02-04,2026,2,Feb,6,International Coding Olympiad,Student 2026_01982,Global Indian International School,1,Doha,India,WhatsApp
REG-2026-00149,2026-02-04,2026,2,Feb,6,Young Innovators Challenge,Student 2026_00149,GEMS Modern Academy,3,Doha,UAE,Website
REG-2026-01794,2026-02-04,2026,2,Feb,6,International Mathematics Olympiad,Student 2026_01794,Oakridge International School,3,Abu Dhabi,Qatar,Partner School
REG-2026-00269,2026-02-04,2026,2,Feb,6,AI & Robotics Challenge,Student 2026_00269,The Millennium School,7,Doha,India,Partner School
REG-2026-01429,2026-02-04,2026,2,Feb,6,Young Innovators Challenge,Student 2026_01429,The Indian High School,10,Bengaluru,India,Partner School
REG-2026-00285,2026-02-04,2026,2,Feb,6,International Coding Olympiad,Student 2026_00285,The Indian High School,5,Mumbai,India,WhatsApp
REG-2026-00624,2026-02-05,2026,2,Feb,6,International Science Olympiad,Student 2026_00624,Gurukul Global School,7,Gurugram,UAE,School Outreach
REG-2026-01809,2026-02-05,2026,2,Feb,6,International Coding Olympiad,Student 2026_01809,Gurukul Global School,2,Gurugram,UAE,Partner School
REG-2026-01393,2026-02-05,2026,2,Feb,6,International School Olympiad,Student 2026_01393,Greenwood International School,10,New Delhi,UAE,Partner School
REG-2026-01990,2026-02-05,2026,2,Feb,6,International School Olympiad,Student 2026_01990,Sunrise Public School,4,Abu Dhabi,India,Social Media
REG-2026-01123,2026-02-05,2026,2,Feb,6,Student Speaker Competition,Student 2026_01123,The Millennium School,6,Sharjah,India,Unknown
REG-2026-01007,2026-02-06,2026,2,Feb,6,AI & Robotics Challenge,Student 2026_01007,Gurukul Global School,7,Mumbai,UAE,WhatsApp
REG-2026-00327,2026-02-06,2026,2,Feb,6,Winter Painting Competition,Student 2026_00327,The Indian High School,9,Doha,UAE,Partner School
REG-2026-01509,2026-02-06,2026,2,Feb,6,AI & Robotics Challenge,Student 2026_01509,GEMS Modern Academy,11,Doha,UAE,School Outreach
REG-2026-01886,2026-02-06,2026,2,Feb,6,Winter Painting Competition,Student 2026_01886,Bright Future Academy,6,Dubai,India,WhatsApp
REG-2026-00554,2026-02-06,2026,2,Feb,6,International Mathematics Olympiad,Student 2026_00554,The Indian High School,10,Sharjah,India,WhatsApp
REG-2026-00152,2026-02-06,2026,2,Feb,6,Student Speaker Competition,Student 2026_00152,Bright Future Academy,3,New Delhi,UAE,WhatsApp
REG-2026-01546,2026-02-07,2026,2,Feb,6,Winter Painting Competition,Student 2026_01546,Delhi International School,5,Sharjah,India,WhatsApp
REG-2026-02141,2026-02-07,2026,2,Feb,6,Student Speaker Competition,Student 2026_02141,Oakridge International School,7,New Delhi,India,Social Media
REG-2026-00765,2026-02-07,2026,2,Feb,6,International Mathematics Olympiad,Student 2026_00765,Gurukul Global School,11,Mumbai,UAE,WhatsApp
REG-2026-01212,2026-02-07,2026,2,Feb,6,International Coding Olympiad,Student 2026_01212,Amity International School,11,Dubai,UAE,Email Campaign
REG-2026-01170,2026-02-07,2026,2,Feb,6,International Science Olympiad,Student 2026_01170,Delhi Public School,8,Sharjah,UAE,Email Campaign
REG-2026-00557,2026-02-07,2026,2,Feb,6,Student Speaker Competition,Student 2026_00557,Global Indian International School,10,Gurugram,India,Social Media
REG-2026-01121,2026-02-08,2026,2,Feb,6,AI & Robotics Challenge,Student 2026_01121,Oakridge International School,2,Abu Dhabi,India,Website
REG-2026-01713,2026-02-08,2026,2,Feb,6,International Mathematics Olympiad,Student 2026_01713,Bright Future Academy,5,Dubai,UAE,Website
REG-2026-00321,2026-02-08,2026,2,Feb,6,International School Olympiad,Student 2026_00321,GEMS Modern Academy,9,Dubai,UAE,Email Campaign
REG-2026-01304,2026-02-08,2026,2,Feb,6,Winter Painting Competition,Student 2026_01304,Delhi International School,3,Mumbai,UAE,Website
REG-2026-00661,2026-02-08,2026,2,Feb,6,International Coding Olympiad,Student 2026_00661,Sunrise Public School,6,New Delhi,India,Partner School
REG-2026-01047,2026-02-08,2026,2,Feb,6,Winter Painting Competition,Student 2026_01047,Delhi Public School,9,Dubai,India,WhatsApp
REG-2026-00332,2026-02-08,2026,2,Feb,6,Student Speaker Competition,Student 2026_00332,Gurukul Global School,3,Gurugram,UAE,School Outreach
REG-2026-01247,2026-02-08,2026,2,Feb,6,Student Speaker Competition,Student 2026_01247,Sunrise Public School,3,Mumbai,India,Social Media
REG-2026-01785,2026-02-09,2026,2,Feb,7,AI & Robotics Challenge,Student 2026_01785,Sunrise Public School,7,Doha,India,School Outreach
REG-2026-00716,2026-02-09,2026,2,Feb,7,International Mathematics Olympiad,Student 2026_00716,The Indian High School,10,Doha,India,Social Media
REG-2026-00034,2026-02-09,2026,2,Feb,7,International Mathematics Olympiad,Student 2026_00034,Greenwood International School,1,Mumbai,Qatar,Email Campaign
REG-2026-00039,2026-02-09,2026,2,Feb,7,International Coding Olympiad,Student 2026_00039,Delhi Public School,11,Bengaluru,India,WhatsApp
REG-2026-01926,2026-02-09,2026,2,Feb,7,International Mathematics Olympiad,Student 2026_01926,Gurukul Global School,1,Gurugram,India,Unknown
REG-2026-01171,2026-02-09,2026,2,Feb,7,AI & Robotics Challenge,Student 2026_01171,The Millennium School,10,Doha,Qatar,Partner School
REG-2026-00569,2026-02-10,2026,2,Feb,7,Student Speaker Competition,Student 2026_00569,The Millennium School,6,Doha,India,Website
REG-2026-01719,2026-02-10,2026,2,Feb,7,International Mathematics Olympiad,Student 2026_01719,Greenwood International School,9,Mumbai,Qatar,Email Campaign
REG-2026-00020,2026-02-10,2026,2,Feb,7,International Coding Olympiad,Student 2026_00020,Oakridge International School,4,New Delhi,UAE,Partner School
REG-2026-02086,2026-02-10,2026,2,Feb,7,AI & Robotics Challenge,Student 2026_02086,The Indian High School,8,Sharjah,India,Social Media
REG-2026-00684,2026-02-10,2026,2,Feb,7,Student Speaker Competition,Student 2026_00684,Oakridge International School,2,New Delhi,UAE,WhatsApp
REG-2026-00138,2026-02-10,2026,2,Feb,7,International Mathematics Olympiad,Student 2026_00138,GEMS Modern Academy,4,Bengaluru,UAE,Website
REG-2026-00362,2026-02-10,2026,2,Feb,7,Winter Painting Competition,Student 2026_00362,Global Indian International School,1,Gurugram,India,School Outreach
REG-2026-01466,2026-02-10,2026,2,Feb,7,International Coding Olympiad,Student 2026_01466,Delhi International School,11,Sharjah,India,Email Campaign
REG-2026-01945,2026-02-10,2026,2,Feb,7,AI & Robotics Challenge,Student 2026_01945,Sunrise Public School,7,Abu Dhabi,UAE,Social Media
REG-2026-00901,2026-02-10,2026,2,Feb,7,Winter Painting Competition,Student 2026_00901,GEMS Modern Academy,9,Gurugram,UAE,WhatsApp
REG-2026-01063,2026-02-10,2026,2,Feb,7,International Mathematics Olympiad,Student 2026_01063,Gurukul Global School,4,Mumbai,India,Social Media
REG-2026-00111,2026-02-11,2026,2,Feb,7,International Science Olympiad,Student 2026_00111,Delhi International School,7,Abu Dhabi,UAE,School Outreach
REG-2026-00789,2026-02-11,2026,2,Feb,7,International Mathematics Olympiad,Student 2026_00789,Gurukul Global School,3,Abu Dhabi,UAE,Website
REG-2026-01148,2026-02-11,2026,2,Feb,7,International School Olympiad,Student 2026_01148,Gurukul Global School,10,Dubai,UAE,WhatsApp
REG-2026-00393,2026-02-11,2026,2,Feb,7,AI & Robotics Challenge,Student 2026_00393,Amity International School,12,New Delhi,UAE,Email Campaign
REG-2026-00169,2026-02-11,2026,2,Feb,7,International Coding Olympiad,Student 2026_00169,Global Indian International School,8,Dubai,UAE,Website
REG-2026-00791,2026-02-11,2026,2,Feb,7,International School Olympiad,Student 2026_00791,GEMS Modern Academy,1,New Delhi,UAE,Website
REG-2026-01192,2026-02-11,2026,2,Feb,7,Young Innovators Challenge,Student 2026_01192,Global Indian International School,6,Mumbai,India,WhatsApp
REG-2026-00632,2026-02-11,2026,2,Feb,7,Young Innovators Challenge,Student 2026_00632,Global Indian International School,8,Bengaluru,India,Social Media
REG-2026-01881,2026-02-11,2026,2,Feb,7,International School Olympiad,Student 2026_01881,Gurukul Global School,7,Sharjah,UAE,Partner School
REG-2026-01555,2026-02-11,2026,2,Feb,7,International School Olympiad,Student 2026_01555,Global Indian International School,4,Mumbai,Qatar,Email Campaign
REG-2026-00682,2026-02-11,2026,2,Feb,7,International Coding Olympiad,Student 2026_00682,Amity International School,5,New Delhi,UAE,Social Media
REG-2026-01834,2026-02-12,2026,2,Feb,7,Young Innovators Challenge,Student 2026_01834,The Millennium School,3,Abu Dhabi,India,Email Campaign
REG-2026-00798,2026-02-12,2026,2,Feb,7,International School Olympiad,Student 2026_00798,Amity International School,3,Doha,India,School Outreach
REG-2026-01207,2026-02-12,2026,2,Feb,7,International Science Olympiad,Student 2026_01207,Delhi Public School,6,Bengaluru,India,WhatsApp
REG-2026-01610,2026-02-12,2026,2,Feb,7,International Science Olympiad,Student 2026_01610,The Millennium School,11,Abu Dhabi,India,School Outreach
REG-2026-00148,2026-02-12,2026,2,Feb,7,International Mathematics Olympiad,Student 2026_00148,Delhi Public School,3,Sharjah,UAE,Email Campaign
REG-2026-01868,2026-02-13,2026,2,Feb,7,AI & Robotics Challenge,Student 2026_01868,Delhi Public School,11,Dubai,UAE,Email Campaign
REG-2026-01712,2026-02-13,2026,2,Feb,7,International Science Olympiad,Student 2026_01712,Bright Future Academy,2,Gurugram,India,Partner School
REG-2026-02031,2026-02-13,2026,2,Feb,7,International Coding Olympiad,Student 2026_02031,The Millennium School,11,Mumbai,India,School Outreach
REG-2026-00342,2026-02-13,2026,2,Feb,7,International Mathematics Olympiad,Student 2026_00342,Greenwood International School,6,Gurugram,India,Social Media
REG-2026-00495,2026-02-13,2026,2,Feb,7,International School Olympiad,Student 2026_00495,Bright Future Academy,5,Sharjah,UAE,WhatsApp
REG-2026-01479,2026-02-13,2026,2,Feb,7,Student Speaker Competition,Student 2026_01479,Delhi International School,6,Bengaluru,UAE,Social Media
REG-2026-01518,2026-02-13,2026,2,Feb,7,AI & Robotics Challenge,Student 2026_01518,Greenwood International School,11,Mumbai,UAE,Website
REG-2026-01885,2026-02-13,2026,2,Feb,7,AI & Robotics Challenge,Student 2026_01885,Greenwood International School,3,New Delhi,UAE,Partner School
REG-2026-01236,2026-02-13,2026,2,Feb,7,International Coding Olympiad,Student 2026_01236,Global Indian International School,6,Bengaluru,India,Website
REG-2026-01842,2026-02-13,2026,2,Feb,7,International Mathematics Olympiad,Student 2026_01842,Oakridge International School,7,Mumbai,India,Social Media
REG-2026-01374,2026-02-14,2026,2,Feb,7,International Mathematics Olympiad,Student 2026_01374,Amity International School,4,Sharjah,India,Email Campaign
REG-2026-01126,2026-02-14,2026,2,Feb,7,International Coding Olympiad,Student 2026_01126,The Millennium School,12,Dubai,India,Social Media
REG-2026-01654,2026-02-14,2026,2,Feb,7,International School Olympiad,Student 2026_01654,Oakridge International School,1,Mumbai,UAE,School Outreach
REG-2026-00824,2026-02-14,2026,2,Feb,7,International School Olympiad,Student 2026_00824,Delhi International School,5,Abu Dhabi,UAE,Email Campaign
REG-2026-01128,2026-02-14,2026,2,Feb,7,Student Speaker Competition,Student 2026_01128,Global Indian International School,11,Bengaluru,India,WhatsApp
REG-2026-00662,2026-02-14,2026,2,Feb,7,Winter Painting Competition,Student 2026_00662,The Millennium School,1,Gurugram,UAE,WhatsApp
REG-2026-01037,2026-02-14,2026,2,Feb,7,AI & Robotics Challenge,Student 2026_01037,Global Indian International School,3,Doha,India,Partner School
REG-2026-01571,2026-02-14,2026,2,Feb,7,International Coding Olympiad,Student 2026_01571,The Indian High School,6,Mumbai,India,School Outreach
REG-2026-00272,2026-02-14,2026,2,Feb,7,International Mathematics Olympiad,Student 2026_00272,Greenwood International School,10,Bengaluru,UAE,School Outreach
REG-2026-00349,2026-02-15,2026,2,Feb,7,Young Innovators Challenge,Student 2026_00349,Greenwood International School,10,Doha,India,Social Media
REG-2026-01730,2026-02-15,2026,2,Feb,7,Young Innovators Challenge,Student 2026_01730,Oakridge International School,8,Dubai,Qatar,Partner School
REG-2026-00891,2026-02-15,2026,2,Feb,7,International Coding Olympiad,Student 2026_00891,Global Indian International School,1,Gurugram,UAE,Social Media
REG-2026-01581,2026-02-15,2026,2,Feb,7,International School Olympiad,Student 2026_01581,Greenwood International School,11,Sharjah,Qatar,Email Campaign
REG-2026-01798,2026-02-15,2026,2,Feb,7,International School Olympiad,Student 2026_01798,Greenwood International School,4,Gurugram,India,Social Media
REG-2026-00499,2026-02-15,2026,2,Feb,7,International School Olympiad,Student 2026_00499,GEMS Modern Academy,12,Bengaluru,India,Website
REG-2026-00920,2026-02-16,2026,2,Feb,8,International Coding Olympiad,Student 2026_00920,Greenwood International School,10,Abu Dhabi,UAE,School Outreach
REG-2026-00255,2026-02-16,2026,2,Feb,8,Young Innovators Challenge,Student 2026_00255,Gurukul Global School,10,Doha,UAE,School Outreach
REG-2026-00885,2026-02-16,2026,2,Feb,8,International Mathematics Olympiad,Student 2026_00885,The Indian High School,2,Sharjah,India,Partner School
REG-2026-01934,2026-02-16,2026,2,Feb,8,International Mathematics Olympiad,Student 2026_01934,Gurukul Global School,5,Mumbai,India,Website
REG-2026-01580,2026-02-16,2026,2,Feb,8,International Science Olympiad,Student 2026_01580,Delhi International School,7,Abu Dhabi,UAE,Social Media
REG-2026-00261,2026-02-17,2026,2,Feb,8,Young Innovators Challenge,Student 2026_00261,Delhi Public School,1,Abu Dhabi,India,Unknown
REG-2026-01456,2026-02-17,2026,2,Feb,8,International School Olympiad,Student 2026_01456,Delhi Public School,5,Sharjah,UAE,Website
REG-2026-00135,2026-02-17,2026,2,Feb,8,International School Olympiad,Student 2026_00135,Delhi International School,11,Bengaluru,India,Social Media
REG-2026-01028,2026-02-17,2026,2,Feb,8,Young Innovators Challenge,Student 2026_01028,Bright Future Academy,10,Sharjah,UAE,School Outreach
REG-2026-01005,2026-02-17,2026,2,Feb,8,International Mathematics Olympiad,Student 2026_01005,Sunrise Public School,10,Gurugram,India,WhatsApp
REG-2026-01418,2026-02-17,2026,2,Feb,8,International Mathematics Olympiad,Student 2026_01418,The Millennium School,11,Bengaluru,India,School Outreach
REG-2026-01981,2026-02-18,2026,2,Feb,8,International School Olympiad,Student 2026_01981,Greenwood International School,10,Dubai,Qatar,Website
REG-2026-00281,2026-02-18,2026,2,Feb,8,Student Speaker Competition,Student 2026_00281,Bright Future Academy,10,Sharjah,UAE,Website
REG-2026-00835,2026-02-18,2026,2,Feb,8,International Science Olympiad,Student 2026_00835,Gurukul Global School,10,Doha,India,School Outreach
REG-2026-00952,2026-02-18,2026,2,Feb,8,Winter Painting Competition,Student 2026_00952,Oakridge International School,12,New Delhi,UAE,School Outreach
REG-2026-02054,2026-02-19,2026,2,Feb,8,International Mathematics Olympiad,Student 2026_02054,Global Indian International School,2,Dubai,UAE,School Outreach
REG-2026-01600,2026-02-19,2026,2,Feb,8,International Coding Olympiad,Student 2026_01600,The Millennium School,7,Abu Dhabi,UAE,School Outreach
REG-2026-00449,2026-02-19,2026,2,Feb,8,Student Speaker Competition,Student 2026_00449,Global Indian International School,2,New Delhi,India,School Outreach
REG-2026-01618,2026-02-19,2026,2,Feb,8,International Science Olympiad,Student 2026_01618,Gurukul Global School,2,Dubai,UAE,Partner School
REG-2026-01978,2026-02-19,2026,2,Feb,8,Winter Painting Competition,Student 2026_01978,The Indian High School,12,New Delhi,UAE,School Outreach
REG-2026-02106,2026-02-19,2026,2,Feb,8,AI & Robotics Challenge,Student 2026_02106,Greenwood International School,8,New Delhi,India,Website
REG-2026-01359,2026-02-19,2026,2,Feb,8,International Science Olympiad,Student 2026_01359,Delhi International School,5,Gurugram,India,Social Media
REG-2026-01779,2026-02-19,2026,2,Feb,8,Young Innovators Challenge,Student 2026_01779,Gurukul Global School,8,Doha,UAE,Email Campaign
REG-2026-00176,2026-02-19,2026,2,Feb,8,Winter Painting Competition,Student 2026_00176,GEMS Modern Academy,1,Doha,India,Website
REG-2026-01233,2026-02-19,2026,2,Feb,8,Winter Painting Competition,Student 2026_01233,Bright Future Academy,2,Dubai,UAE,School Outreach
REG-2026-00647,2026-02-19,2026,2,Feb,8,International Mathematics Olympiad,Student 2026_00647,Oakridge International School,12,New Delhi,India,WhatsApp
REG-2026-01628,2026-02-19,2026,2,Feb,8,Young Innovators Challenge,Student 2026_01628,Greenwood International School,5,New Delhi,India,Social Media
REG-2026-00568,2026-02-20,2026,2,Feb,8,International Coding Olympiad,Student 2026_00568,Sunrise Public School,9,Bengaluru,India,Partner School
REG-2026-00008,2026-02-20,2026,2,Feb,8,Young Innovators Challenge,Student 2026_00008,GEMS Modern Academy,12,Unknown,India,Social Media
REG-2026-00575,2026-02-20,2026,2,Feb,8,International Coding Olympiad,Student 2026_00575,Delhi Public School,7,Gurugram,UAE,Social Media
REG-2026-01566,2026-02-20,2026,2,Feb,8,Winter Painting Competition,Student 2026_01566,Global Indian International School,9,New Delhi,Qatar,Email Campaign
REG-2026-01149,2026-02-20,2026,2,Feb,8,International School Olympiad,Student 2026_01149,Greenwood International School,9,Bengaluru,India,Social Media
REG-2026-00271,2026-02-20,2026,2,Feb,8,AI & Robotics Challenge,Student 2026_00271,Sunrise Public School,5,Gurugram,India,School Outreach
REG-2026-01241,2026-02-20,2026,2,Feb,8,Student Speaker Competition,Student 2026_01241,Greenwood International School,11,Sharjah,India,Website
REG-2026-01249,2026-02-20,2026,2,Feb,8,AI & Robotics Challenge,Student 2026_01249,Greenwood International School,3,Abu Dhabi,UAE,Website
REG-2026-01875,2026-02-21,2026,2,Feb,8,AI & Robotics Challenge,Student 2026_01875,Global Indian International School,10,Dubai,India,Website
REG-2026-00242,2026-02-21,2026,2,Feb,8,International Mathematics Olympiad,Student 2026_00242,The Indian High School,3,Dubai,India,Email Campaign
REG-2026-01951,2026-02-21,2026,2,Feb,8,International Coding Olympiad,Student 2026_01951,Global Indian International School,6,New Delhi,India,Website
REG-2026-01494,2026-02-21,2026,2,Feb,8,Winter Painting Competition,Student 2026_01494,Sunrise Public School,6,Gurugram,India,Social Media
REG-2026-01758,2026-02-21,2026,2,Feb,8,Winter Painting Competition,Student 2026_01758,Bright Future Academy,8,Doha,India,Website
REG-2026-01989,2026-02-21,2026,2,Feb,8,Young Innovators Challenge,Student 2026_01989,GEMS Modern Academy,5,Gurugram,UAE,Social Media
REG-2026-01364,2026-02-21,2026,2,Feb,8,International Science Olympiad,Student 2026_01364,GEMS Modern Academy,4,Dubai,UAE,Social Media
REG-2026-00570,2026-02-21,2026,2,Feb,8,International School Olympiad,Student 2026_00570,Amity International School,6,Dubai,UAE,Email Campaign
REG-2026-00635,2026-02-21,2026,2,Feb,8,International Coding Olympiad,Student 2026_00635,Sunrise Public School,6,Gurugram,Qatar,School Outreach
REG-2026-01314,2026-02-21,2026,2,Feb,8,Student Speaker Competition,Student 2026_01314,The Millennium School,8,Bengaluru,India,Social Media
REG-2026-01224,2026-02-21,2026,2,Feb,8,International Mathematics Olympiad,Student 2026_01224,Amity International School,6,Doha,Qatar,Partner School
REG-2026-01421,2026-02-21,2026,2,Feb,8,AI & Robotics Challenge,Student 2026_01421,GEMS Modern Academy,6,Sharjah,UAE,School Outreach
REG-2026-01296,2026-02-21,2026,2,Feb,8,International School Olympiad,Student 2026_01296,Global Indian International School,5,Doha,India,Email Campaign
REG-2026-00014,2026-02-21,2026,2,Feb,8,International Science Olympiad,Student 2026_00014,Gurukul Global School,2,Abu Dhabi,India,Website
REG-2026-00496,2026-02-22,2026,2,Feb,8,International Mathematics Olympiad,Student 2026_00496,Delhi Public School,4,Mumbai,Qatar,Partner School
REG-2026-01275,2026-02-22,2026,2,Feb,8,International School Olympiad,Student 2026_01275,Sunrise Public School,10,Dubai,India,Partner School
REG-2026-00296,2026-02-22,2026,2,Feb,8,AI & Robotics Challenge,Student 2026_00296,Oakridge International School,4,Abu Dhabi,UAE,Website
REG-2026-01681,2026-02-22,2026,2,Feb,8,AI & Robotics Challenge,Student 2026_01681,The Indian High School,2,Doha,India,School Outreach
REG-2026-00979,2026-02-22,2026,2,Feb,8,International Science Olympiad,Student 2026_00979,Amity International School,2,Bengaluru,India,WhatsApp
REG-2026-01624,2026-02-23,2026,2,Feb,9,International Mathematics Olympiad,Student 2026_01624,Greenwood International School,11,Sharjah,India,Partner School
REG-2026-00108,2026-02-23,2026,2,Feb,9,International Science Olympiad,Student 2026_00108,Greenwood International School,11,Abu Dhabi,UAE,Website
REG-2026-00673,2026-02-23,2026,2,Feb,9,AI & Robotics Challenge,Student 2026_00673,Amity International School,5,Bengaluru,India,Social Media
REG-2026-00424,2026-02-23,2026,2,Feb,9,International Coding Olympiad,Student 2026_00424,Sunrise Public School,7,New Delhi,UAE,WhatsApp
REG-2026-01477,2026-02-23,2026,2,Feb,9,Young Innovators Challenge,Student 2026_01477,GEMS Modern Academy,1,Sharjah,UAE,School Outreach
REG-2026-00550,2026-02-23,2026,2,Feb,9,Student Speaker Competition,Student 2026_00550,Delhi Public School,11,Bengaluru,India,WhatsApp
REG-2026-00122,2026-02-23,2026,2,Feb,9,International Science Olympiad,Student 2026_00122,Delhi Public School,11,Bengaluru,India,Email Campaign
REG-2026-01608,2026-02-23,2026,2,Feb,9,International School Olympiad,Student 2026_01608,Delhi International School,5,New Delhi,Qatar,Social Media
REG-2026-01168,2026-02-23,2026,2,Feb,9,International School Olympiad,Student 2026_01168,Oakridge International School,2,Gurugram,UAE,WhatsApp
REG-2026-00900,2026-02-23,2026,2,Feb,9,International School Olympiad,Student 2026_00900,Delhi Public School,10,Sharjah,Qatar,WhatsApp
REG-2026-00536,2026-02-23,2026,2,Feb,9,Winter Painting Competition,Student 2026_00536,GEMS Modern Academy,10,Doha,India,WhatsApp
REG-2026-00701,2026-02-24,2026,2,Feb,9,International Science Olympiad,Student 2026_00701,Delhi Public School,6,Abu Dhabi,India,Email Campaign
REG-2026-01269,2026-02-24,2026,2,Feb,9,International Science Olympiad,Student 2026_01269,Gurukul Global School,11,Bengaluru,India,Social Media
REG-2026-00487,2026-02-24,2026,2,Feb,9,Student Speaker Competition,Student 2026_00487,Greenwood International School,7,Doha,India,Website
REG-2026-00202,2026-02-24,2026,2,Feb,9,AI & Robotics Challenge,Student 2026_00202,Bright Future Academy,1,Dubai,Qatar,Website
REG-2026-01193,2026-02-24,2026,2,Feb,9,International Mathematics Olympiad,Student 2026_01193,Global Indian International School,1,Gurugram,UAE,Website
REG-2026-00931,2026-02-24,2026,2,Feb,9,International Coding Olympiad,Student 2026_00931,Delhi International School,11,Doha,India,School Outreach
REG-2026-02025,2026-02-24,2026,2,Feb,9,International Science Olympiad,Student 2026_02025,Oakridge International School,12,Abu Dhabi,India,Email Campaign
REG-2026-01977,2026-02-25,2026,2,Feb,9,International Mathematics Olympiad,Student 2026_01977,GEMS Modern Academy,11,Mumbai,UAE,Website
REG-2026-01930,2026-02-25,2026,2,Feb,9,International School Olympiad,Student 2026_01930,GEMS Modern Academy,9,Mumbai,UAE,Email Campaign
REG-2026-01240,2026-02-25,2026,2,Feb,9,AI & Robotics Challenge,Student 2026_01240,GEMS Modern Academy,5,Gurugram,UAE,Social Media
REG-2026-00274,2026-02-25,2026,2,Feb,9,AI & Robotics Challenge,Student 2026_00274,GEMS Modern Academy,9,Dubai,India,Partner School
REG-2026-00646,2026-02-25,2026,2,Feb,9,Young Innovators Challenge,Student 2026_00646,Bright Future Academy,9,New Delhi,UAE,WhatsApp
REG-2026-00259,2026-02-25,2026,2,Feb,9,International Science Olympiad,Student 2026_00259,Oakridge International School,1,Dubai,India,Website
REG-2026-01975,2026-02-25,2026,2,Feb,9,International Science Olympiad,Student 2026_01975,Bright Future Academy,4,Bengaluru,India,School Outreach
REG-2026-00179,2026-02-25,2026,2,Feb,9,Winter Painting Competition,Student 2026_00179,The Indian High School,3,Sharjah,India,Email Campaign
REG-2026-00267,2026-02-25,2026,2,Feb,9,International School Olympiad,Student 2026_00267,The Indian High School,9,Mumbai,Qatar,WhatsApp
REG-2026-01467,2026-02-25,2026,2,Feb,9,International Coding Olympiad,Student 2026_01467,GEMS Modern Academy,11,Sharjah,UAE,Email Campaign
REG-2026-00106,2026-02-25,2026,2,Feb,9,International Coding Olympiad,Student 2026_00106,Gurukul Global School,6,Gurugram,UAE,Email Campaign
REG-2026-00605,2026-02-25,2026,2,Feb,9,International Science Olympiad,Student 2026_00605,GEMS Modern Academy,11,Doha,Qatar,Partner School
REG-2026-00370,2026-02-26,2026,2,Feb,9,Young Innovators Challenge,Student 2026_00370,Sunrise Public School,7,Doha,India,Unknown
REG-2026-00089,2026-02-26,2026,2,Feb,9,Student Speaker Competition,Student 2026_00089,Amity International School,10,Sharjah,India,Website
REG-2026-02047,2026-02-26,2026,2,Feb,9,Winter Painting Competition,Student 2026_02047,Sunrise Public School,7,Doha,UAE,WhatsApp
REG-2026-00418,2026-02-26,2026,2,Feb,9,Student Speaker Competition,Student 2026_00418,The Indian High School,12,Abu Dhabi,Qatar,WhatsApp
REG-2026-01360,2026-02-26,2026,2,Feb,9,International Mathematics Olympiad,Student 2026_01360,The Millennium School,7,Abu Dhabi,UAE,Email Campaign
REG-2026-01634,2026-02-26,2026,2,Feb,9,International Science Olympiad,Student 2026_01634,Delhi Public School,1,Dubai,India,School Outreach
REG-2026-01338,2026-02-26,2026,2,Feb,9,Winter Painting Competition,Student 2026_01338,Greenwood International School,8,Bengaluru,Qatar,Social Media
REG-2026-01406,2026-02-27,2026,2,Feb,9,International School Olympiad,Student 2026_01406,Global Indian International School,9,New Delhi,India,Partner School
REG-2026-01074,2026-02-27,2026,2,Feb,9,International Coding Olympiad,Student 2026_01074,GEMS Modern Academy,6,Doha,UAE,Website
REG-2026-00784,2026-02-27,2026,2,Feb,9,International Mathematics Olympiad,Student 2026_00784,Sunrise Public School,4,Bengaluru,India,Website
REG-2026-00002,2026-02-27,2026,2,Feb,9,International Coding Olympiad,Student 2026_00002,Oakridge International School,8,Sharjah,UAE,Email Campaign
REG-2026-00887,2026-02-27,2026,2,Feb,9,Winter Painting Competition,Student 2026_00887,Delhi Public School,6,Bengaluru,UAE,Email Campaign
REG-2026-01222,2026-02-27,2026,2,Feb,9,Young Innovators Challenge,Student 2026_01222,The Millennium School,5,Gurugram,India,Partner School
REG-2026-00739,2026-02-27,2026,2,Feb,9,AI & Robotics Challenge,Student 2026_00739,The Millennium School,2,Sharjah,UAE,Email Campaign
REG-2026-01163,2026-02-28,2026,2,Feb,9,International Mathematics Olympiad,Student 2026_01163,Oakridge International School,6,Dubai,UAE,Partner School
REG-2026-00097,2026-02-28,2026,2,Feb,9,Student Speaker Competition,Student 2026_00097,Delhi International School,7,Doha,India,Partner School
REG-2026-00311,2026-02-28,2026,2,Feb,9,AI & Robotics Challenge,Student 2026_00311,Bright Future Academy,6,Sharjah,India,WhatsApp
REG-2026-00681,2026-02-28,2026,2,Feb,9,International Science Olympiad,Student 2026_00681,Greenwood International School,1,Sharjah,India,School Outreach
REG-2026-01268,2026-02-28,2026,2,Feb,9,International School Olympiad,Student 2026_01268,Global Indian International School,12,Dubai,UAE,Partner School
REG-2026-02013,2026-02-28,2026,2,Feb,9,International Coding Olympiad,Student 2026_02013,GEMS Modern Academy,1,Bengaluru,India,Email Campaign
REG-2026-01790,2026-03-01,2026,3,Mar,9,International School Olympiad,Student 2026_01790,Delhi Public School,12,Mumbai,UAE,School Outreach
REG-2026-00653,2026-03-01,2026,3,Mar,9,International Coding Olympiad,Student 2026_00653,Bright Future Academy,5,Dubai,UAE,Email Campaign
REG-2026-01093,2026-03-01,2026,3,Mar,9,Winter Painting Competition,Student 2026_01093,Delhi Public School,7,Sharjah,UAE,WhatsApp
REG-2026-02123,2026-03-01,2026,3,Mar,9,International School Olympiad,Student 2026_02123,Amity International School,11,Mumbai,UAE,Social Media
REG-2026-01307,2026-03-01,2026,3,Mar,9,International Science Olympiad,Student 2026_01307,Bright Future Academy,9,Gurugram,India,WhatsApp
REG-2026-00895,2026-03-01,2026,3,Mar,9,Young Innovators Challenge,Student 2026_00895,GEMS Modern Academy,4,Gurugram,India,Email Campaign
REG-2026-00751,2026-03-01,2026,3,Mar,9,International Science Olympiad,Student 2026_00751,Sunrise Public School,8,Sharjah,Qatar,Website
REG-2026-00146,2026-03-01,2026,3,Mar,9,International School Olympiad,Student 2026_00146,GEMS Modern Academy,12,Doha,India,Partner School
REG-2026-00162,2026-03-01,2026,3,Mar,9,International Science Olympiad,Student 2026_00162,Delhi International School,8,Gurugram,UAE,Email Campaign
REG-2026-00546,2026-03-01,2026,3,Mar,9,International Science Olympiad,Student 2026_00546,Gurukul Global School,9,New Delhi,UAE,Social Media
REG-2026-00711,2026-03-01,2026,3,Mar,9,Student Speaker Competition,Student 2026_00711,Delhi Public School,6,Bengaluru,Qatar,WhatsApp
REG-2026-01297,2026-03-01,2026,3,Mar,9,AI & Robotics Challenge,Student 2026_01297,Delhi Public School,10,Dubai,India,Social Media
REG-2026-01774,2026-03-01,2026,3,Mar,9,Young Innovators Challenge,Student 2026_01774,Global Indian International School,11,Unknown,India,Partner School
REG-2026-00193,2026-03-01,2026,3,Mar,9,International Mathematics Olympiad,Student 2026_00193,Gurukul Global School,6,New Delhi,UAE,School Outreach
REG-2026-01929,2026-03-01,2026,3,Mar,9,International Science Olympiad,Student 2026_01929,Oakridge International School,8,New Delhi,India,Partner School
REG-2026-01427,2026-03-01,2026,3,Mar,9,International School Olympiad,Student 2026_01427,Sunrise Public School,3,Sharjah,India,Email Campaign
REG-2026-00659,2026-03-02,2026,3,Mar,10,AI & Robotics Challenge,Student 2026_00659,Amity International School,5,Gurugram,India,Partner School
REG-2026-01348,2026-03-02,2026,3,Mar,10,AI & Robotics Challenge,Student 2026_01348,GEMS Modern Academy,3,Bengaluru,UAE,WhatsApp
REG-2026-00670,2026-03-02,2026,3,Mar,10,International School Olympiad,Student 2026_00670,The Millennium School,7,Abu Dhabi,Qatar,Social Media
REG-2026-01230,2026-03-02,2026,3,Mar,10,Winter Painting Competition,Student 2026_01230,Delhi Public School,11,Gurugram,UAE,Website
REG-2026-01656,2026-03-02,2026,3,Mar,10,Student Speaker Competition,Student 2026_01656,Delhi International School,3,Dubai,UAE,Website
REG-2026-00608,2026-03-02,2026,3,Mar,10,Student Speaker Competition,Student 2026_00608,The Indian High School,12,Sharjah,UAE,WhatsApp
REG-2026-01201,2026-03-02,2026,3,Mar,10,AI & Robotics Challenge,Student 2026_01201,GEMS Modern Academy,2,Mumbai,UAE,Social Media
REG-2026-01387,2026-03-02,2026,3,Mar,10,Young Innovators Challenge,Student 2026_01387,Delhi Public School,4,Doha,UAE,Partner School
REG-2026-00005,2026-03-03,2026,3,Mar,10,Winter Painting Competition,Student 2026_00005,Greenwood International School,1,Doha,UAE,WhatsApp
REG-2026-01997,2026-03-03,2026,3,Mar,10,Student Speaker Competition,Student 2026_01997,Bright Future Academy,1,Dubai,India,Partner School
REG-2026-01223,2026-03-03,2026,3,Mar,10,International School Olympiad,Student 2026_01223,Delhi International School,10,Dubai,India,Partner School
REG-2026-01218,2026-03-03,2026,3,Mar,10,AI & Robotics Challenge,Student 2026_01218,Delhi International School,9,Dubai,India,WhatsApp
REG-2026-00365,2026-03-03,2026,3,Mar,10,International Coding Olympiad,Student 2026_00365,Global Indian International School,4,Dubai,India,Email Campaign
REG-2026-01514,2026-03-03,2026,3,Mar,10,Winter Painting Competition,Student 2026_01514,The Indian High School,2,Abu Dhabi,UAE,School Outreach
REG-2026-00317,2026-03-03,2026,3,Mar,10,AI & Robotics Challenge,Student 2026_00317,Bright Future Academy,1,Sharjah,UAE,Unknown
REG-2026-01734,2026-03-03,2026,3,Mar,10,Winter Painting Competition,Student 2026_01734,Global Indian International School,3,Doha,India,School Outreach
REG-2026-00474,2026-03-03,2026,3,Mar,10,International Science Olympiad,Student 2026_00474,Bright Future Academy,3,New Delhi,UAE,WhatsApp
REG-2026-00448,2026-03-03,2026,3,Mar,10,International Mathematics Olympiad,Student 2026_00448,Sunrise Public School,7,Dubai,UAE,WhatsApp
REG-2026-01379,2026-03-03,2026,3,Mar,10,International Mathematics Olympiad,Student 2026_01379,Sunrise Public School,3,Bengaluru,UAE,School Outreach
REG-2026-01630,2026-03-03,2026,3,Mar,10,International School Olympiad,Student 2026_01630,Greenwood International School,8,Gurugram,India,Website
REG-2026-00063,2026-03-03,2026,3,Mar,10,Student Speaker Competition,Student 2026_00063,The Millennium School,7,Bengaluru,India,Social Media
REG-2026-00795,2026-03-04,2026,3,Mar,10,International Coding Olympiad,Student 2026_00795,Delhi International School,8,Bengaluru,India,Website
REG-2026-01544,2026-03-04,2026,3,Mar,10,International Coding Olympiad,Student 2026_01544,The Millennium School,10,Sharjah,UAE,School Outreach
REG-2026-01728,2026-03-04,2026,3,Mar,10,International Mathematics Olympiad,Student 2026_01728,Gurukul Global School,8,Bengaluru,India,Website
REG-2026-01646,2026-03-04,2026,3,Mar,10,International Coding Olympiad,Student 2026_01646,Oakridge International School,11,Unknown,India,Email Campaign
REG-2026-00239,2026-03-04,2026,3,Mar,10,International Mathematics Olympiad,Student 2026_00239,Sunrise Public School,12,Sharjah,Qatar,Partner School
REG-2026-00853,2026-03-05,2026,3,Mar,10,International Mathematics Olympiad,Student 2026_00853,Sunrise Public School,11,Mumbai,India,School Outreach
REG-2026-00447,2026-03-05,2026,3,Mar,10,AI & Robotics Challenge,Student 2026_00447,Greenwood International School,10,Mumbai,UAE,Website
REG-2026-01994,2026-03-05,2026,3,Mar,10,International Coding Olympiad,Student 2026_01994,GEMS Modern Academy,4,Doha,India,WhatsApp
REG-2026-00937,2026-03-05,2026,3,Mar,10,International Mathematics Olympiad,Student 2026_00937,Global Indian International School,12,New Delhi,UAE,Email Campaign
REG-2026-00116,2026-03-05,2026,3,Mar,10,Young Innovators Challenge,Student 2026_00116,Gurukul Global School,3,Mumbai,India,Social Media
REG-2026-00627,2026-03-05,2026,3,Mar,10,Student Speaker Competition,Student 2026_00627,Amity International School,11,Doha,UAE,School Outreach
REG-2026-01670,2026-03-05,2026,3,Mar,10,International Mathematics Olympiad,Student 2026_01670,Gurukul Global School,10,Sharjah,India,WhatsApp
REG-2026-01679,2026-03-05,2026,3,Mar,10,International School Olympiad,Student 2026_01679,Oakridge International School,4,Sharjah,Qatar,Partner School
REG-2026-00710,2026-03-05,2026,3,Mar,10,Winter Painting Competition,Student 2026_00710,Greenwood International School,4,Gurugram,UAE,Website
REG-2026-00563,2026-03-06,2026,3,Mar,10,Winter Painting Competition,Student 2026_00563,Global Indian International School,2,Sharjah,India,Unknown
REG-2026-02095,2026-03-06,2026,3,Mar,10,International Coding Olympiad,Student 2026_02095,Sunrise Public School,8,New Delhi,India,WhatsApp
REG-2026-01402,2026-03-06,2026,3,Mar,10,International School Olympiad,Student 2026_01402,Amity International School,10,Doha,UAE,Social Media
REG-2026-01036,2026-03-06,2026,3,Mar,10,International School Olympiad,Student 2026_01036,The Millennium School,1,Sharjah,India,Website
REG-2026-00551,2026-03-06,2026,3,Mar,10,International Mathematics Olympiad,Student 2026_00551,Bright Future Academy,12,New Delhi,UAE,Partner School
REG-2026-01019,2026-03-06,2026,3,Mar,10,International Coding Olympiad,Student 2026_01019,The Millennium School,7,Abu Dhabi,India,WhatsApp
REG-2026-00163,2026-03-06,2026,3,Mar,10,Student Speaker Competition,Student 2026_00163,Oakridge International School,5,Bengaluru,India,WhatsApp
REG-2026-01302,2026-03-06,2026,3,Mar,10,Winter Painting Competition,Student 2026_01302,Sunrise Public School,5,Gurugram,India,School Outreach
REG-2026-00220,2026-03-07,2026,3,Mar,10,International Coding Olympiad,Student 2026_00220,The Millennium School,8,Bengaluru,UAE,Social Media
REG-2026-00844,2026-03-07,2026,3,Mar,10,Winter Painting Competition,Student 2026_00844,Delhi International School,9,New Delhi,India,Social Media
REG-2026-00115,2026-03-07,2026,3,Mar,10,International Coding Olympiad,Student 2026_00115,Gurukul Global School,3,Sharjah,UAE,Social Media
REG-2026-01822,2026-03-07,2026,3,Mar,10,International Coding Olympiad,Student 2026_01822,Gurukul Global School,11,Doha,UAE,WhatsApp
REG-2026-00263,2026-03-07,2026,3,Mar,10,International School Olympiad,Student 2026_00263,Bright Future Academy,9,Sharjah,UAE,Social Media
REG-2026-00581,2026-03-07,2026,3,Mar,10,Student Speaker Competition,Student 2026_00581,Greenwood International School,5,Gurugram,India,Email Campaign
REG-2026-00128,2026-03-07,2026,3,Mar,10,AI & Robotics Challenge,Student 2026_00128,The Millennium School,1,Gurugram,UAE,Email Campaign
REG-2026-00232,2026-03-07,2026,3,Mar,10,AI & Robotics Challenge,Student 2026_00232,Gurukul Global School,10,Gurugram,India,WhatsApp
REG-2026-02059,2026-03-07,2026,3,Mar,10,International Coding Olympiad,Student 2026_02059,Delhi International School,5,Gurugram,Qatar,School Outreach
REG-2026-00029,2026-03-07,2026,3,Mar,10,International School Olympiad,Student 2026_00029,GEMS Modern Academy,1,Gurugram,UAE,Website
REG-2026-01055,2026-03-07,2026,3,Mar,10,International Mathematics Olympiad,Student 2026_01055,Bright Future Academy,12,Gurugram,UAE,Social Media
REG-2026-00491,2026-03-08,2026,3,Mar,10,AI & Robotics Challenge,Student 2026_00491,Delhi International School,3,Bengaluru,UAE,WhatsApp
REG-2026-01918,2026-03-08,2026,3,Mar,10,AI & Robotics Challenge,Student 2026_01918,Gurukul Global School,7,Dubai,UAE,Email Campaign
REG-2026-00849,2026-03-08,2026,3,Mar,10,AI & Robotics Challenge,Student 2026_00849,Greenwood International School,10,Doha,UAE,School Outreach
REG-2026-01420,2026-03-08,2026,3,Mar,10,Young Innovators Challenge,Student 2026_01420,Greenwood International School,2,Abu Dhabi,India,WhatsApp
REG-2026-00364,2026-03-08,2026,3,Mar,10,Winter Painting Competition,Student 2026_00364,Oakridge International School,5,Dubai,India,WhatsApp
REG-2026-01158,2026-03-08,2026,3,Mar,10,International Mathematics Olympiad,Student 2026_01158,Bright Future Academy,7,New Delhi,India,School Outreach
REG-2026-00883,2026-03-08,2026,3,Mar,10,International Mathematics Olympiad,Student 2026_00883,The Millennium School,2,Gurugram,UAE,Website
REG-2026-00141,2026-03-08,2026,3,Mar,10,Young Innovators Challenge,Student 2026_00141,Gurukul Global School,10,Sharjah,UAE,Partner School
REG-2026-00132,2026-03-08,2026,3,Mar,10,Winter Painting Competition,Student 2026_00132,GEMS Modern Academy,9,Gurugram,UAE,School Outreach
REG-2026-01245,2026-03-08,2026,3,Mar,10,International School Olympiad,Student 2026_01245,The Millennium School,9,Gurugram,India,Partner School
REG-2026-00094,2026-03-09,2026,3,Mar,11,International Coding Olympiad,Student 2026_00094,GEMS Modern Academy,10,New Delhi,India,Social Media
REG-2026-02075,2026-03-09,2026,3,Mar,11,International Science Olympiad,Student 2026_02075,Greenwood International School,6,Doha,UAE,School Outreach
REG-2026-01882,2026-03-09,2026,3,Mar,11,Young Innovators Challenge,Student 2026_01882,Delhi Public School,10,Bengaluru,India,School Outreach
REG-2026-00852,2026-03-09,2026,3,Mar,11,International Science Olympiad,Student 2026_00852,Bright Future Academy,4,Dubai,UAE,WhatsApp
REG-2026-01211,2026-03-09,2026,3,Mar,11,International Mathematics Olympiad,Student 2026_01211,Amity International School,8,New Delhi,UAE,School Outreach
REG-2026-00478,2026-03-10,2026,3,Mar,11,International Science Olympiad,Student 2026_00478,Sunrise Public School,9,Doha,India,WhatsApp
REG-2026-00665,2026-03-10,2026,3,Mar,11,International Mathematics Olympiad,Student 2026_00665,Gurukul Global School,5,Abu Dhabi,India,Website
REG-2026-02136,2026-03-10,2026,3,Mar,11,International School Olympiad,Student 2026_02136,Gurukul Global School,11,Sharjah,UAE,Social Media
REG-2026-00534,2026-03-10,2026,3,Mar,11,International Mathematics Olympiad,Student 2026_00534,Oakridge International School,9,Gurugram,UAE,Website
REG-2026-02072,2026-03-10,2026,3,Mar,11,International Science Olympiad,Student 2026_02072,Delhi International School,3,Sharjah,UAE,School Outreach
REG-2026-02038,2026-03-10,2026,3,Mar,11,Young Innovators Challenge,Student 2026_02038,Amity International School,10,New Delhi,UAE,Social Media
REG-2026-00855,2026-03-10,2026,3,Mar,11,International Science Olympiad,Student 2026_00855,Amity International School,9,New Delhi,India,Social Media
REG-2026-00793,2026-03-10,2026,3,Mar,11,International Coding Olympiad,Student 2026_00793,Sunrise Public School,6,New Delhi,UAE,Partner School
REG-2026-00096,2026-03-10,2026,3,Mar,11,AI & Robotics Challenge,Student 2026_00096,Sunrise Public School,12,Dubai,UAE,Email Campaign
REG-2026-00679,2026-03-10,2026,3,Mar,11,International Mathematics Olympiad,Student 2026_00679,Delhi Public School,3,Dubai,UAE,Email Campaign
REG-2026-00846,2026-03-10,2026,3,Mar,11,International Science Olympiad,Student 2026_00846,Amity International School,2,Sharjah,India,School Outreach
REG-2026-01714,2026-03-10,2026,3,Mar,11,Young Innovators Challenge,Student 2026_01714,Oakridge International School,4,Bengaluru,India,Social Media
REG-2026-02124,2026-03-10,2026,3,Mar,11,International Coding Olympiad,Student 2026_02124,Amity International School,12,Dubai,UAE,School Outreach
REG-2026-00783,2026-03-10,2026,3,Mar,11,Young Innovators Challenge,Student 2026_00783,Amity International School,7,New Delhi,India,School Outreach
REG-2026-01433,2026-03-11,2026,3,Mar,11,AI & Robotics Challenge,Student 2026_01433,Delhi Public School,10,Doha,India,Social Media
REG-2026-01250,2026-03-11,2026,3,Mar,11,International Mathematics Olympiad,Student 2026_01250,Unknown School,1,New Delhi,UAE,Social Media
REG-2026-00829,2026-03-11,2026,3,Mar,11,Young Innovators Challenge,Student 2026_00829,Gurukul Global School,4,Abu Dhabi,UAE,Partner School
REG-2026-01228,2026-03-11,2026,3,Mar,11,International Mathematics Olympiad,Student 2026_01228,Global Indian International School,8,Sharjah,India,School Outreach
REG-2026-01470,2026-03-11,2026,3,Mar,11,International Coding Olympiad,Student 2026_01470,Amity International School,6,Bengaluru,UAE,WhatsApp
REG-2026-01609,2026-03-11,2026,3,Mar,11,AI & Robotics Challenge,Student 2026_01609,Oakridge International School,1,Mumbai,UAE,Website
REG-2026-00032,2026-03-11,2026,3,Mar,11,International Mathematics Olympiad,Student 2026_00032,Oakridge International School,7,Sharjah,UAE,School Outreach
REG-2026-01179,2026-03-11,2026,3,Mar,11,International Coding Olympiad,Student 2026_01179,The Millennium School,2,New Delhi,India,School Outreach
REG-2026-01864,2026-03-11,2026,3,Mar,11,International Coding Olympiad,Student 2026_01864,Gurukul Global School,7,Dubai,UAE,Email Campaign
REG-2026-00704,2026-03-11,2026,3,Mar,11,International Coding Olympiad,Student 2026_00704,Oakridge International School,8,Sharjah,UAE,Website
REG-2026-01043,2026-03-11,2026,3,Mar,11,International Coding Olympiad,Student 2026_01043,Delhi International School,11,New Delhi,India,School Outreach
REG-2026-02125,2026-03-11,2026,3,Mar,11,International School Olympiad,Student 2026_02125,Bright Future Academy,9,Abu Dhabi,UAE,WhatsApp
REG-2026-01131,2026-03-12,2026,3,Mar,11,Student Speaker Competition,Student 2026_01131,The Indian High School,7,Dubai,UAE,WhatsApp
REG-2026-01161,2026-03-12,2026,3,Mar,11,International Science Olympiad,Student 2026_01161,Global Indian International School,11,Mumbai,UAE,Website
REG-2026-01329,2026-03-12,2026,3,Mar,11,International Science Olympiad,Student 2026_01329,Bright Future Academy,9,Gurugram,India,Email Campaign
REG-2026-01263,2026-03-12,2026,3,Mar,11,Young Innovators Challenge,Student 2026_01263,Global Indian International School,1,Mumbai,India,Social Media
REG-2026-00392,2026-03-12,2026,3,Mar,11,Young Innovators Challenge,Student 2026_00392,The Indian High School,11,Mumbai,India,Email Campaign
REG-2026-01690,2026-03-12,2026,3,Mar,11,Student Speaker Competition,Student 2026_01690,Greenwood International School,12,Dubai,India,Email Campaign
REG-2026-01853,2026-03-12,2026,3,Mar,11,Student Speaker Competition,Student 2026_01853,Global Indian International School,6,Gurugram,India,Social Media
REG-2026-01385,2026-03-12,2026,3,Mar,11,International Coding Olympiad,Student 2026_01385,Unknown School,10,New Delhi,UAE,School Outreach
REG-2026-00083,2026-03-12,2026,3,Mar,11,International Coding Olympiad,Student 2026_00083,Greenwood International School,4,Gurugram,UAE,Email Campaign
REG-2026-00508,2026-03-12,2026,3,Mar,11,International Mathematics Olympiad,Student 2026_00508,Amity International School,6,Dubai,Qatar,Email Campaign
REG-2026-01916,2026-03-12,2026,3,Mar,11,AI & Robotics Challenge,Student 2026_01916,Oakridge International School,10,Gurugram,India,WhatsApp
REG-2026-01098,2026-03-13,2026,3,Mar,11,International Science Olympiad,Student 2026_01098,Sunrise Public School,11,Doha,UAE,Social Media
REG-2026-01512,2026-03-13,2026,3,Mar,11,International Mathematics Olympiad,Student 2026_01512,The Millennium School,10,Dubai,India,School Outreach
REG-2026-00864,2026-03-13,2026,3,Mar,11,AI & Robotics Challenge,Student 2026_00864,Global Indian International School,11,Sharjah,India,Website
REG-2026-00295,2026-03-13,2026,3,Mar,11,International Science Olympiad,Student 2026_00295,Delhi International School,12,Sharjah,India,Email Campaign
REG-2026-00052,2026-03-13,2026,3,Mar,11,International Mathematics Olympiad,Student 2026_00052,Delhi Public School,10,Mumbai,India,School Outreach
REG-2026-00134,2026-03-14,2026,3,Mar,11,AI & Robotics Challenge,Student 2026_00134,Bright Future Academy,12,Doha,UAE,Email Campaign
REG-2026-02144,2026-03-15,2026,3,Mar,11,International Coding Olympiad,Student 2026_02144,The Millennium School,4,Unknown,Qatar,WhatsApp
REG-2026-00070,2026-03-15,2026,3,Mar,11,Student Speaker Competition,Student 2026_00070,Gurukul Global School,10,Gurugram,India,Website
REG-2026-01574,2026-03-15,2026,3,Mar,11,Winter Painting Competition,Student 2026_01574,GEMS Modern Academy,4,New Delhi,India,Website
REG-2026-01489,2026-03-15,2026,3,Mar,11,International Coding Olympiad,Student 2026_01489,Delhi Public School,1,Doha,India,WhatsApp
REG-2026-01407,2026-03-15,2026,3,Mar,11,International Science Olympiad,Student 2026_01407,Delhi Public School,9,New Delhi,UAE,WhatsApp
REG-2026-01274,2026-03-15,2026,3,Mar,11,AI & Robotics Challenge,Student 2026_01274,Oakridge International School,6,Mumbai,UAE,WhatsApp
REG-2026-00322,2026-03-15,2026,3,Mar,11,International Coding Olympiad,Student 2026_00322,Delhi International School,4,Abu Dhabi,India,Social Media
REG-2026-00854,2026-03-15,2026,3,Mar,11,International Coding Olympiad,Student 2026_00854,Global Indian International School,5,Dubai,UAE,WhatsApp
REG-2026-00072,2026-03-15,2026,3,Mar,11,International School Olympiad,Student 2026_00072,Unknown School,9,Dubai,UAE,Website
REG-2026-00577,2026-03-15,2026,3,Mar,11,Young Innovators Challenge,Student 2026_00577,The Indian High School,6,Doha,UAE,WhatsApp
REG-2026-01732,2026-03-15,2026,3,Mar,11,International Science Olympiad,Student 2026_01732,GEMS Modern Academy,9,Bengaluru,India,Social Media
REG-2026-01743,2026-03-15,2026,3,Mar,11,International Coding Olympiad,Student 2026_01743,Gurukul Global School,5,Gurugram,India,Social Media
REG-2026-00708,2026-03-16,2026,3,Mar,12,AI & Robotics Challenge,Student 2026_00708,GEMS Modern Academy,3,Gurugram,UAE,Social Media
REG-2026-00738,2026-03-16,2026,3,Mar,12,International School Olympiad,Student 2026_00738,Greenwood International School,12,Gurugram,India,Partner School
REG-2026-00578,2026-03-16,2026,3,Mar,12,International Coding Olympiad,Student 2026_00578,Bright Future Academy,5,Sharjah,India,School Outreach
REG-2026-01400,2026-03-16,2026,3,Mar,12,International Mathematics Olympiad,Student 2026_01400,Greenwood International School,11,Doha,UAE,Email Campaign
REG-2026-01907,2026-03-16,2026,3,Mar,12,International Science Olympiad,Student 2026_01907,GEMS Modern Academy,6,Abu Dhabi,Qatar,School Outreach
REG-2026-02088,2026-03-16,2026,3,Mar,12,International Coding Olympiad,Student 2026_02088,Bright Future Academy,2,New Delhi,India,School Outreach
REG-2026-00328,2026-03-16,2026,3,Mar,12,Student Speaker Competition,Student 2026_00328,Global Indian International School,12,New Delhi,India,School Outreach
REG-2026-00669,2026-03-16,2026,3,Mar,12,Student Speaker Competition,Student 2026_00669,Delhi Public School,8,Dubai,India,WhatsApp
REG-2026-00764,2026-03-16,2026,3,Mar,12,AI & Robotics Challenge,Student 2026_00764,Gurukul Global School,4,Bengaluru,India,Website
REG-2026-01588,2026-03-16,2026,3,Mar,12,International Science Olympiad,Student 2026_01588,Bright Future Academy,5,Doha,UAE,School Outreach
REG-2026-00292,2026-03-16,2026,3,Mar,12,AI & Robotics Challenge,Student 2026_00292,Delhi International School,2,Doha,UAE,School Outreach
REG-2026-02007,2026-03-16,2026,3,Mar,12,Young Innovators Challenge,Student 2026_02007,Bright Future Academy,12,Doha,UAE,School Outreach
REG-2026-02093,2026-03-16,2026,3,Mar,12,Student Speaker Competition,Student 2026_02093,GEMS Modern Academy,4,New Delhi,Qatar,WhatsApp
REG-2026-00127,2026-03-17,2026,3,Mar,12,International Coding Olympiad,Student 2026_00127,Amity International School,1,Abu Dhabi,UAE,Website
REG-2026-01538,2026-03-17,2026,3,Mar,12,AI & Robotics Challenge,Student 2026_01538,Delhi Public School,10,Gurugram,India,Social Media
REG-2026-02146,2026-03-17,2026,3,Mar,12,International School Olympiad,Student 2026_02146,The Indian High School,8,Abu Dhabi,UAE,WhatsApp
REG-2026-01408,2026-03-17,2026,3,Mar,12,International Science Olympiad,Student 2026_01408,Global Indian International School,6,Doha,UAE,WhatsApp
REG-2026-02049,2026-03-17,2026,3,Mar,12,International Mathematics Olympiad,Student 2026_02049,Bright Future Academy,2,Sharjah,UAE,Website
REG-2026-00519,2026-03-17,2026,3,Mar,12,International Mathematics Olympiad,Student 2026_00519,Amity International School,8,Sharjah,Qatar,Email Campaign
REG-2026-00123,2026-03-17,2026,3,Mar,12,International Coding Olympiad,Student 2026_00123,The Indian High School,11,Mumbai,UAE,Partner School
REG-2026-01524,2026-03-17,2026,3,Mar,12,International Coding Olympiad,Student 2026_01524,The Millennium School,12,Abu Dhabi,UAE,School Outreach
REG-2026-00572,2026-03-17,2026,3,Mar,12,International School Olympiad,Student 2026_00572,GEMS Modern Academy,10,Dubai,UAE,Partner School
REG-2026-00335,2026-03-17,2026,3,Mar,12,International Science Olympiad,Student 2026_00335,Amity International School,9,Mumbai,India,School Outreach
REG-2026-00305,2026-03-18,2026,3,Mar,12,Young Innovators Challenge,Student 2026_00305,Bright Future Academy,9,New Delhi,India,Email Campaign
REG-2026-01377,2026-03-18,2026,3,Mar,12,International Mathematics Olympiad,Student 2026_01377,Oakridge International School,10,Sharjah,UAE,School Outreach
REG-2026-00484,2026-03-18,2026,3,Mar,12,AI & Robotics Challenge,Student 2026_00484,GEMS Modern Academy,4,Mumbai,India,Social Media
REG-2026-01611,2026-03-18,2026,3,Mar,12,Young Innovators Challenge,Student 2026_01611,Gurukul Global School,9,Abu Dhabi,UAE,Partner School
REG-2026-01501,2026-03-18,2026,3,Mar,12,Winter Painting Competition,Student 2026_01501,Bright Future Academy,9,Abu Dhabi,India,Social Media
REG-2026-01898,2026-03-18,2026,3,Mar,12,International Science Olympiad,Student 2026_01898,Delhi International School,9,Abu Dhabi,India,Email Campaign
REG-2026-00048,2026-03-18,2026,3,Mar,12,Student Speaker Competition,Student 2026_00048,Oakridge International School,9,New Delhi,India,School Outreach
REG-2026-01738,2026-03-18,2026,3,Mar,12,International School Olympiad,Student 2026_01738,The Millennium School,4,Bengaluru,India,Email Campaign
REG-2026-00750,2026-03-18,2026,3,Mar,12,Winter Painting Competition,Student 2026_00750,Global Indian International School,3,New Delhi,UAE,School Outreach
REG-2026-01445,2026-03-18,2026,3,Mar,12,International Mathematics Olympiad,Student 2026_01445,Sunrise Public School,11,Doha,India,Social Media
REG-2026-01506,2026-03-19,2026,3,Mar,12,Young Innovators Challenge,Student 2026_01506,The Millennium School,6,Abu Dhabi,India,Social Media
REG-2026-01202,2026-03-19,2026,3,Mar,12,International Coding Olympiad,Student 2026_01202,Greenwood International School,12,Gurugram,India,Social Media
REG-2026-02056,2026-03-19,2026,3,Mar,12,Student Speaker Competition,Student 2026_02056,GEMS Modern Academy,9,Doha,UAE,School Outreach
REG-2026-01561,2026-03-19,2026,3,Mar,12,International Coding Olympiad,Student 2026_01561,Delhi Public School,11,New Delhi,India,WhatsApp
REG-2026-00214,2026-03-19,2026,3,Mar,12,International Science Olympiad,Student 2026_00214,Delhi Public School,11,Bengaluru,India,Email Campaign
REG-2026-01026,2026-03-19,2026,3,Mar,12,International Mathematics Olympiad,Student 2026_01026,Gurukul Global School,6,Dubai,UAE,Social Media
REG-2026-00385,2026-03-19,2026,3,Mar,12,International Science Olympiad,Student 2026_00385,Amity International School,4,Doha,UAE,Website
REG-2026-00286,2026-03-20,2026,3,Mar,12,International School Olympiad,Student 2026_00286,Amity International School,1,New Delhi,India,School Outreach
REG-2026-00976,2026-03-20,2026,3,Mar,12,International Coding Olympiad,Student 2026_00976,Greenwood International School,11,Bengaluru,India,Website
REG-2026-01136,2026-03-20,2026,3,Mar,12,International Science Olympiad,Student 2026_01136,Greenwood International School,7,Doha,Qatar,Website
REG-2026-01775,2026-03-20,2026,3,Mar,12,International School Olympiad,Student 2026_01775,Bright Future Academy,1,Doha,UAE,Email Campaign
REG-2026-00640,2026-03-20,2026,3,Mar,12,AI & Robotics Challenge,Student 2026_00640,Delhi Public School,2,New Delhi,Qatar,Partner School
REG-2026-02127,2026-03-20,2026,3,Mar,12,International Coding Olympiad,Student 2026_02127,The Indian High School,12,Dubai,UAE,School Outreach
REG-2026-02062,2026-03-20,2026,3,Mar,12,AI & Robotics Challenge,Student 2026_02062,The Millennium School,1,Gurugram,India,Social Media
REG-2026-00786,2026-03-21,2026,3,Mar,12,International Coding Olympiad,Student 2026_00786,Greenwood International School,7,Gurugram,India,Email Campaign
REG-2026-01103,2026-03-21,2026,3,Mar,12,International Mathematics Olympiad,Student 2026_01103,Global Indian International School,12,Gurugram,India,School Outreach
REG-2026-01480,2026-03-21,2026,3,Mar,12,International School Olympiad,Student 2026_01480,Delhi Public School,11,Bengaluru,India,Partner School
REG-2026-02018,2026-03-21,2026,3,Mar,12,Winter Painting Competition,Student 2026_02018,Gurukul Global School,5,Sharjah,India,Website
REG-2026-01725,2026-03-21,2026,3,Mar,12,AI & Robotics Challenge,Student 2026_01725,Oakridge International School,2,Bengaluru,UAE,WhatsApp
REG-2026-00735,2026-03-21,2026,3,Mar,12,International Coding Olympiad,Student 2026_00735,Delhi Public School,8,Bengaluru,India,School Outreach
REG-2026-01748,2026-03-21,2026,3,Mar,12,Student Speaker Competition,Student 2026_01748,GEMS Modern Academy,10,Sharjah,India,Email Campaign
REG-2026-01173,2026-03-21,2026,3,Mar,12,Winter Painting Competition,Student 2026_01173,GEMS Modern Academy,10,Sharjah,India,Social Media
REG-2026-01839,2026-03-21,2026,3,Mar,12,Young Innovators Challenge,Student 2026_01839,Bright Future Academy,10,Abu Dhabi,India,WhatsApp
REG-2026-01165,2026-03-21,2026,3,Mar,12,Student Speaker Competition,Student 2026_01165,Delhi Public School,12,Bengaluru,India,Website
REG-2026-00233,2026-03-22,2026,3,Mar,12,AI & Robotics Challenge,Student 2026_00233,The Millennium School,12,Doha,India,Partner School
REG-2026-01909,2026-03-22,2026,3,Mar,12,Winter Painting Competition,Student 2026_01909,The Indian High School,4,Bengaluru,India,School Outreach
REG-2026-00958,2026-03-22,2026,3,Mar,12,International School Olympiad,Student 2026_00958,Global Indian International School,2,New Delhi,UAE,Website
REG-2026-00629,2026-03-22,2026,3,Mar,12,International Coding Olympiad,Student 2026_00629,Gurukul Global School,9,Bengaluru,India,Partner School
REG-2026-01531,2026-03-22,2026,3,Mar,12,Student Speaker Competition,Student 2026_01531,The Indian High School,9,New Delhi,UAE,WhatsApp
REG-2026-00352,2026-03-22,2026,3,Mar,12,International School Olympiad,Student 2026_00352,The Millennium School,11,Doha,India,Partner School
REG-2026-00592,2026-03-22,2026,3,Mar,12,International Science Olympiad,Student 2026_00592,Gurukul Global School,4,New Delhi,UAE,Website
REG-2026-00080,2026-03-22,2026,3,Mar,12,Young Innovators Challenge,Student 2026_00080,Unknown School,11,New Delhi,UAE,WhatsApp
REG-2026-01299,2026-03-23,2026,3,Mar,13,International Mathematics Olympiad,Student 2026_01299,The Millennium School,3,Sharjah,UAE,Social Media
REG-2026-00381,2026-03-23,2026,3,Mar,13,International Mathematics Olympiad,Student 2026_00381,Oakridge International School,8,Gurugram,India,Social Media
REG-2026-00967,2026-03-23,2026,3,Mar,13,Student Speaker Competition,Student 2026_00967,Delhi Public School,9,Dubai,Qatar,Email Campaign
REG-2026-00084,2026-03-23,2026,3,Mar,13,Young Innovators Challenge,Student 2026_00084,Sunrise Public School,10,Abu Dhabi,Qatar,Partner School
REG-2026-01428,2026-03-23,2026,3,Mar,13,International Coding Olympiad,Student 2026_01428,Delhi Public School,7,Abu Dhabi,India,Website
REG-2026-00170,2026-03-23,2026,3,Mar,13,Young Innovators Challenge,Student 2026_00170,Delhi International School,12,Doha,UAE,WhatsApp
REG-2026-01469,2026-03-23,2026,3,Mar,13,Winter Painting Competition,Student 2026_01469,Delhi Public School,5,Bengaluru,India,Website
REG-2026-00573,2026-03-23,2026,3,Mar,13,International Mathematics Olympiad,Student 2026_00573,Delhi International School,10,Sharjah,UAE,Website
REG-2026-01024,2026-03-23,2026,3,Mar,13,International Mathematics Olympiad,Student 2026_01024,Delhi Public School,4,Doha,UAE,Website
REG-2026-02131,2026-03-23,2026,3,Mar,13,International Mathematics Olympiad,Student 2026_02131,Gurukul Global School,7,Abu Dhabi,India,Website
REG-2026-01435,2026-03-23,2026,3,Mar,13,Young Innovators Challenge,Student 2026_01435,Gurukul Global School,3,Doha,India,Email Campaign
REG-2026-00151,2026-03-23,2026,3,Mar,13,International Coding Olympiad,Student 2026_00151,Sunrise Public School,12,Mumbai,Qatar,Unknown
REG-2026-02004,2026-03-23,2026,3,Mar,13,Winter Painting Competition,Student 2026_02004,Delhi International School,10,New Delhi,India,Partner School
REG-2026-00293,2026-03-23,2026,3,Mar,13,International Coding Olympiad,Student 2026_00293,The Millennium School,8,Dubai,Qatar,Unknown
REG-2026-02096,2026-03-23,2026,3,Mar,13,International Science Olympiad,Student 2026_02096,Gurukul Global School,9,Mumbai,UAE,WhatsApp
REG-2026-01649,2026-03-24,2026,3,Mar,13,AI & Robotics Challenge,Student 2026_01649,GEMS Modern Academy,11,Doha,UAE,Social Media
REG-2026-00234,2026-03-24,2026,3,Mar,13,Young Innovators Challenge,Student 2026_00234,The Indian High School,4,Bengaluru,UAE,Social Media
REG-2026-00672,2026-03-24,2026,3,Mar,13,Student Speaker Competition,Student 2026_00672,Global Indian International School,4,Mumbai,Qatar,Partner School
REG-2026-00643,2026-03-24,2026,3,Mar,13,International Mathematics Olympiad,Student 2026_00643,Global Indian International School,8,Doha,UAE,Email Campaign
REG-2026-00908,2026-03-24,2026,3,Mar,13,Student Speaker Competition,Student 2026_00908,Global Indian International School,4,Sharjah,India,Social Media
REG-2026-00907,2026-03-24,2026,3,Mar,13,International School Olympiad,Student 2026_00907,Delhi Public School,10,Dubai,UAE,School Outreach
REG-2026-01289,2026-03-24,2026,3,Mar,13,Student Speaker Competition,Student 2026_01289,The Indian High School,6,Bengaluru,India,Partner School
REG-2026-00781,2026-03-24,2026,3,Mar,13,International Coding Olympiad,Student 2026_00781,The Indian High School,3,Gurugram,India,Partner School
REG-2026-01505,2026-03-24,2026,3,Mar,13,Winter Painting Competition,Student 2026_01505,Gurukul Global School,5,Dubai,India,WhatsApp
REG-2026-00996,2026-03-25,2026,3,Mar,13,International Mathematics Olympiad,Student 2026_00996,Sunrise Public School,2,Mumbai,UAE,School Outreach
REG-2026-00905,2026-03-25,2026,3,Mar,13,International School Olympiad,Student 2026_00905,Bright Future Academy,12,New Delhi,Qatar,WhatsApp
REG-2026-01824,2026-03-25,2026,3,Mar,13,Student Speaker Competition,Student 2026_01824,Sunrise Public School,12,New Delhi,UAE,Website
REG-2026-01183,2026-03-25,2026,3,Mar,13,Young Innovators Challenge,Student 2026_01183,Global Indian International School,5,Sharjah,UAE,WhatsApp
REG-2026-00951,2026-03-25,2026,3,Mar,13,International School Olympiad,Student 2026_00951,Global Indian International School,10,New Delhi,India,WhatsApp
REG-2026-01598,2026-03-25,2026,3,Mar,13,International School Olympiad,Student 2026_01598,The Indian High School,10,Gurugram,UAE,Email Campaign
REG-2026-01972,2026-03-25,2026,3,Mar,13,International Coding Olympiad,Student 2026_01972,GEMS Modern Academy,6,Doha,India,Partner School
REG-2026-01328,2026-03-26,2026,3,Mar,13,International Coding Olympiad,Student 2026_01328,Sunrise Public School,2,Mumbai,India,School Outreach
REG-2026-01317,2026-03-26,2026,3,Mar,13,International Science Olympiad,Student 2026_01317,Delhi International School,9,Abu Dhabi,India,Partner School
REG-2026-02011,2026-03-26,2026,3,Mar,13,International Coding Olympiad,Student 2026_02011,Gurukul Global School,12,Abu Dhabi,UAE,WhatsApp
REG-2026-01805,2026-03-26,2026,3,Mar,13,International Mathematics Olympiad,Student 2026_01805,Global Indian International School,11,Doha,UAE,Email Campaign
REG-2026-00597,2026-03-26,2026,3,Mar,13,International Mathematics Olympiad,Student 2026_00597,Delhi Public School,12,Abu Dhabi,Qatar,Email Campaign
REG-2026-01118,2026-03-26,2026,3,Mar,13,Winter Painting Competition,Student 2026_01118,Delhi Public School,11,Gurugram,India,Partner School
REG-2026-00657,2026-03-26,2026,3,Mar,13,International Mathematics Olympiad,Student 2026_00657,The Indian High School,5,New Delhi,UAE,Website
REG-2026-01914,2026-03-26,2026,3,Mar,13,International School Olympiad,Student 2026_01914,Global Indian International School,5,New Delhi,Qatar,Social Media
REG-2026-02048,2026-03-26,2026,3,Mar,13,Student Speaker Competition,Student 2026_02048,Oakridge International School,11,Mumbai,UAE,WhatsApp
REG-2026-01114,2026-03-27,2026,3,Mar,13,International Science Olympiad,Student 2026_01114,The Indian High School,8,New Delhi,India,WhatsApp
REG-2026-00224,2026-03-27,2026,3,Mar,13,International Coding Olympiad,Student 2026_00224,The Millennium School,1,Sharjah,UAE,Partner School
REG-2026-01488,2026-03-27,2026,3,Mar,13,Winter Painting Competition,Student 2026_01488,Delhi International School,1,Doha,UAE,School Outreach
REG-2026-01847,2026-03-27,2026,3,Mar,13,International Mathematics Olympiad,Student 2026_01847,Gurukul Global School,6,Dubai,UAE,Website
REG-2026-00107,2026-03-27,2026,3,Mar,13,International Science Olympiad,Student 2026_00107,Bright Future Academy,2,Sharjah,India,Social Media
REG-2026-00729,2026-03-27,2026,3,Mar,13,International Mathematics Olympiad,Student 2026_00729,Bright Future Academy,5,Bengaluru,UAE,Website
REG-2026-01462,2026-03-27,2026,3,Mar,13,International School Olympiad,Student 2026_01462,The Millennium School,10,Sharjah,India,WhatsApp
REG-2026-00248,2026-03-27,2026,3,Mar,13,AI & Robotics Challenge,Student 2026_00248,The Indian High School,4,Dubai,India,Email Campaign
REG-2026-00618,2026-03-27,2026,3,Mar,13,International School Olympiad,Student 2026_00618,Bright Future Academy,5,Sharjah,UAE,WhatsApp
REG-2026-01255,2026-03-27,2026,3,Mar,13,Student Speaker Competition,Student 2026_01255,The Millennium School,3,Bengaluru,UAE,Partner School
REG-2026-00806,2026-03-27,2026,3,Mar,13,International Mathematics Olympiad,Student 2026_00806,Global Indian International School,1,Bengaluru,UAE,Partner School
REG-2026-00121,2026-03-28,2026,3,Mar,13,International Coding Olympiad,Student 2026_00121,Delhi International School,2,New Delhi,UAE,WhatsApp
REG-2026-00310,2026-03-28,2026,3,Mar,13,International Science Olympiad,Student 2026_00310,Greenwood International School,8,Sharjah,India,Email Campaign
REG-2026-01262,2026-03-28,2026,3,Mar,13,International Science Olympiad,Student 2026_01262,Amity International School,7,New Delhi,India,Email Campaign
REG-2026-02092,2026-03-28,2026,3,Mar,13,AI & Robotics Challenge,Student 2026_02092,Gurukul Global School,6,Dubai,India,School Outreach
REG-2026-00330,2026-03-28,2026,3,Mar,13,International School Olympiad,Student 2026_00330,Delhi Public School,8,Dubai,UAE,School Outreach
REG-2026-02089,2026-03-28,2026,3,Mar,13,International Science Olympiad,Student 2026_02089,Oakridge International School,11,Doha,India,Partner School
REG-2026-01034,2026-03-28,2026,3,Mar,13,International Science Olympiad,Student 2026_01034,Greenwood International School,4,Abu Dhabi,UAE,Email Campaign
REG-2026-00528,2026-03-28,2026,3,Mar,13,Student Speaker Competition,Student 2026_00528,GEMS Modern Academy,4,Sharjah,India,Social Media
REG-2026-00206,2026-03-28,2026,3,Mar,13,AI & Robotics Challenge,Student 2026_00206,Bright Future Academy,8,New Delhi,India,WhatsApp
REG-2026-00831,2026-03-28,2026,3,Mar,13,International Coding Olympiad,Student 2026_00831,Greenwood International School,8,Doha,Qatar,Email Campaign
REG-2026-02104,2026-03-28,2026,3,Mar,13,Winter Painting Competition,Student 2026_02104,Bright Future Academy,11,Abu Dhabi,India,WhatsApp
REG-2026-01543,2026-03-29,2026,3,Mar,13,Student Speaker Competition,Student 2026_01543,Greenwood International School,11,Unknown,Qatar,Website
REG-2026-01497,2026-03-29,2026,3,Mar,13,International Coding Olympiad,Student 2026_01497,Delhi International School,8,Abu Dhabi,UAE,School Outreach
REG-2026-01354,2026-03-29,2026,3,Mar,13,Winter Painting Competition,Student 2026_01354,Sunrise Public School,9,Abu Dhabi,UAE,Social Media
REG-2026-00471,2026-03-29,2026,3,Mar,13,International Science Olympiad,Student 2026_00471,The Indian High School,1,Mumbai,UAE,Email Campaign
REG-2026-00832,2026-03-29,2026,3,Mar,13,International Mathematics Olympiad,Student 2026_00832,Oakridge International School,1,Sharjah,India,Email Campaign
REG-2026-00090,2026-03-29,2026,3,Mar,13,Winter Painting Competition,Student 2026_00090,Oakridge International School,2,Dubai,India,Website
REG-2026-01085,2026-03-29,2026,3,Mar,13,International Coding Olympiad,Student 2026_01085,Bright Future Academy,1,Gurugram,UAE,Social Media
REG-2026-00428,2026-03-29,2026,3,Mar,13,Young Innovators Challenge,Student 2026_00428,Bright Future Academy,11,Abu Dhabi,UAE,Email Campaign
REG-2026-00389,2026-03-29,2026,3,Mar,13,AI & Robotics Challenge,Student 2026_00389,Amity International School,7,Doha,India,WhatsApp
REG-2026-02027,2026-03-29,2026,3,Mar,13,International Science Olympiad,Student 2026_02027,Amity International School,7,New Delhi,India,Social Media
REG-2026-00250,2026-03-30,2026,3,Mar,14,International Science Olympiad,Student 2026_00250,Gurukul Global School,10,Dubai,UAE,Website
REG-2026-00150,2026-03-30,2026,3,Mar,14,International Mathematics Olympiad,Student 2026_00150,Oakridge International School,7,Abu Dhabi,India,WhatsApp
REG-2026-00309,2026-03-30,2026,3,Mar,14,International Mathematics Olympiad,Student 2026_00309,GEMS Modern Academy,5,Bengaluru,India,Email Campaign
REG-2026-01371,2026-03-30,2026,3,Mar,14,International Mathematics Olympiad,Student 2026_01371,Delhi International School,6,Dubai,Qatar,Unknown
REG-2026-01073,2026-03-30,2026,3,Mar,14,International Coding Olympiad,Student 2026_01073,Oakridge International School,5,Abu Dhabi,UAE,School Outreach
REG-2026-02057,2026-03-30,2026,3,Mar,14,Young Innovators Challenge,Student 2026_02057,GEMS Modern Academy,9,Mumbai,UAE,School Outreach
REG-2026-01099,2026-03-31,2026,3,Mar,14,International Mathematics Olympiad,Student 2026_01099,Bright Future Academy,10,Doha,India,School Outreach
REG-2026-01615,2026-03-31,2026,3,Mar,14,International Science Olympiad,Student 2026_01615,Gurukul Global School,9,Gurugram,India,WhatsApp
REG-2026-01703,2026-03-31,2026,3,Mar,14,Winter Painting Competition,Student 2026_01703,Amity International School,1,Bengaluru,UAE,Website
REG-2026-00470,2026-03-31,2026,3,Mar,14,International Mathematics Olympiad,Student 2026_00470,GEMS Modern Academy,1,New Delhi,UAE,Website
REG-2026-01911,2026-03-31,2026,3,Mar,14,International Coding Olympiad,Student 2026_01911,Bright Future Academy,2,Bengaluru,UAE,School Outreach
REG-2026-01540,2026-04-01,2026,4,Apr,14,International Mathematics Olympiad,Student 2026_01540,Gurukul Global School,12,Mumbai,UAE,WhatsApp
REG-2026-00414,2026-04-01,2026,4,Apr,14,International Science Olympiad,Student 2026_00414,The Millennium School,2,Mumbai,India,WhatsApp
REG-2026-00982,2026-04-01,2026,4,Apr,14,Young Innovators Challenge,Student 2026_00982,The Indian High School,12,New Delhi,India,WhatsApp
REG-2026-00159,2026-04-01,2026,4,Apr,14,Young Innovators Challenge,Student 2026_00159,The Millennium School,9,Mumbai,India,Social Media
REG-2026-01285,2026-04-01,2026,4,Apr,14,Young Innovators Challenge,Student 2026_01285,Oakridge International School,6,Dubai,India,Partner School
REG-2026-00455,2026-04-01,2026,4,Apr,14,International Coding Olympiad,Student 2026_00455,Bright Future Academy,6,Gurugram,UAE,Social Media
REG-2026-01336,2026-04-01,2026,4,Apr,14,Young Innovators Challenge,Student 2026_01336,Amity International School,12,New Delhi,India,School Outreach
REG-2026-01616,2026-04-01,2026,4,Apr,14,International School Olympiad,Student 2026_01616,Delhi International School,6,New Delhi,UAE,Website
REG-2026-02023,2026-04-02,2026,4,Apr,14,International Science Olympiad,Student 2026_02023,Bright Future Academy,8,Bengaluru,India,Social Media
REG-2026-01460,2026-04-02,2026,4,Apr,14,International Science Olympiad,Student 2026_01460,GEMS Modern Academy,10,Doha,India,WhatsApp
REG-2026-02074,2026-04-02,2026,4,Apr,14,Young Innovators Challenge,Student 2026_02074,Gurukul Global School,10,Mumbai,India,Social Media
REG-2026-01897,2026-04-02,2026,4,Apr,14,Student Speaker Competition,Student 2026_01897,The Millennium School,8,Doha,India,Partner School
REG-2026-00825,2026-04-02,2026,4,Apr,14,Student Speaker Competition,Student 2026_00825,Delhi International School,3,Gurugram,UAE,Partner School
REG-2026-00693,2026-04-02,2026,4,Apr,14,International Science Olympiad,Student 2026_00693,Amity International School,6,Mumbai,UAE,WhatsApp
REG-2026-02032,2026-04-02,2026,4,Apr,14,Winter Painting Competition,Student 2026_02032,Global Indian International School,10,Abu Dhabi,UAE,Website
REG-2026-01167,2026-04-03,2026,4,Apr,14,Young Innovators Challenge,Student 2026_01167,Global Indian International School,7,Abu Dhabi,India,School Outreach
REG-2026-01054,2026-04-03,2026,4,Apr,14,Winter Painting Competition,Student 2026_01054,Oakridge International School,11,Gurugram,India,School Outreach
REG-2026-00231,2026-04-03,2026,4,Apr,14,AI & Robotics Challenge,Student 2026_00231,Unknown School,4,Dubai,India,Partner School
REG-2026-01150,2026-04-03,2026,4,Apr,14,International Coding Olympiad,Student 2026_01150,Sunrise Public School,3,Sharjah,Qatar,Partner School
REG-2026-00313,2026-04-03,2026,4,Apr,14,International Science Olympiad,Student 2026_00313,Amity International School,7,Abu Dhabi,India,WhatsApp
REG-2026-01865,2026-04-03,2026,4,Apr,14,AI & Robotics Challenge,Student 2026_01865,Sunrise Public School,6,Mumbai,UAE,WhatsApp
REG-2026-00533,2026-04-03,2026,4,Apr,14,International Science Olympiad,Student 2026_00533,GEMS Modern Academy,2,Sharjah,Qatar,Email Campaign
REG-2026-00360,2026-04-03,2026,4,Apr,14,AI & Robotics Challenge,Student 2026_00360,Gurukul Global School,10,Bengaluru,India,Website
REG-2026-02108,2026-04-03,2026,4,Apr,14,Student Speaker Competition,Student 2026_02108,Delhi Public School,5,Mumbai,Qatar,Website
REG-2026-01665,2026-04-03,2026,4,Apr,14,AI & Robotics Challenge,Student 2026_01665,Gurukul Global School,12,Abu Dhabi,India,Partner School
REG-2026-01893,2026-04-04,2026,4,Apr,14,International Coding Olympiad,Student 2026_01893,Sunrise Public School,10,Sharjah,UAE,Social Media
REG-2026-01791,2026-04-04,2026,4,Apr,14,International Coding Olympiad,Student 2026_01791,Oakridge International School,5,Doha,India,Partner School
REG-2026-00436,2026-04-04,2026,4,Apr,14,International School Olympiad,Student 2026_00436,GEMS Modern Academy,12,Mumbai,India,School Outreach
REG-2026-01638,2026-04-04,2026,4,Apr,14,International Coding Olympiad,Student 2026_01638,Delhi Public School,10,New Delhi,India,School Outreach
REG-2026-01747,2026-04-04,2026,4,Apr,14,International Mathematics Olympiad,Student 2026_01747,Unknown School,9,Abu Dhabi,UAE,Partner School
REG-2026-01190,2026-04-04,2026,4,Apr,14,International Coding Olympiad,Student 2026_01190,Delhi Public School,9,Bengaluru,UAE,School Outreach
REG-2026-01395,2026-04-04,2026,4,Apr,14,Student Speaker Competition,Student 2026_01395,GEMS Modern Academy,3,Abu Dhabi,UAE,Email Campaign
REG-2026-00989,2026-04-04,2026,4,Apr,14,International School Olympiad,Student 2026_00989,The Millennium School,4,New Delhi,Qatar,Unknown
REG-2026-01787,2026-04-05,2026,4,Apr,14,AI & Robotics Challenge,Student 2026_01787,Sunrise Public School,9,Doha,India,School Outreach
REG-2026-00915,2026-04-05,2026,4,Apr,14,International Coding Olympiad,Student 2026_00915,Bright Future Academy,5,Doha,India,School Outreach
REG-2026-02073,2026-04-05,2026,4,Apr,14,AI & Robotics Challenge,Student 2026_02073,The Indian High School,4,New Delhi,India,Social Media
REG-2026-00204,2026-04-05,2026,4,Apr,14,International Coding Olympiad,Student 2026_00204,GEMS Modern Academy,11,Mumbai,India,WhatsApp
REG-2026-01955,2026-04-05,2026,4,Apr,14,International Science Olympiad,Student 2026_01955,GEMS Modern Academy,2,Sharjah,India,WhatsApp
REG-2026-00745,2026-04-06,2026,4,Apr,15,AI & Robotics Challenge,Student 2026_00745,Global Indian International School,9,Doha,India,Social Media
REG-2026-00612,2026-04-06,2026,4,Apr,15,International Science Olympiad,Student 2026_00612,Gurukul Global School,6,Mumbai,India,Social Media
REG-2026-02148,2026-04-06,2026,4,Apr,15,International Science Olympiad,Student 2026_02148,The Indian High School,9,Sharjah,India,Partner School
REG-2026-00862,2026-04-06,2026,4,Apr,15,International Coding Olympiad,Student 2026_00862,Greenwood International School,11,Doha,India,Social Media
REG-2026-00136,2026-04-06,2026,4,Apr,15,Winter Painting Competition,Student 2026_00136,Amity International School,1,Dubai,India,School Outreach
REG-2026-00858,2026-04-06,2026,4,Apr,15,International Coding Olympiad,Student 2026_00858,Oakridge International School,5,Gurugram,India,Website
REG-2026-00419,2026-04-07,2026,4,Apr,15,International Coding Olympiad,Student 2026_00419,Gurukul Global School,2,Dubai,UAE,School Outreach
REG-2026-02021,2026-04-07,2026,4,Apr,15,Young Innovators Challenge,Student 2026_02021,Delhi Public School,5,Doha,UAE,WhatsApp
REG-2026-01590,2026-04-07,2026,4,Apr,15,International School Olympiad,Student 2026_01590,The Indian High School,11,Abu Dhabi,UAE,Partner School
REG-2026-01830,2026-04-07,2026,4,Apr,15,AI & Robotics Challenge,Student 2026_01830,Global Indian International School,4,Bengaluru,UAE,WhatsApp
REG-2026-01319,2026-04-07,2026,4,Apr,15,Winter Painting Competition,Student 2026_01319,GEMS Modern Academy,1,Bengaluru,India,Social Media
REG-2026-00911,2026-04-07,2026,4,Apr,15,Winter Painting Competition,Student 2026_00911,Gurukul Global School,3,Gurugram,UAE,Email Campaign
REG-2026-00922,2026-04-07,2026,4,Apr,15,AI & Robotics Challenge,Student 2026_00922,Sunrise Public School,9,New Delhi,India,Website
REG-2026-01883,2026-04-07,2026,4,Apr,15,AI & Robotics Challenge,Student 2026_01883,Sunrise Public School,1,Dubai,UAE,WhatsApp
REG-2026-00283,2026-04-08,2026,4,Apr,15,Student Speaker Competition,Student 2026_00283,Bright Future Academy,12,Doha,India,Website
REG-2026-00892,2026-04-08,2026,4,Apr,15,International Mathematics Olympiad,Student 2026_00892,Oakridge International School,4,New Delhi,UAE,Social Media
REG-2026-00833,2026-04-08,2026,4,Apr,15,International Science Olympiad,Student 2026_00833,Delhi International School,2,Bengaluru,Qatar,Email Campaign
REG-2026-01070,2026-04-08,2026,4,Apr,15,Young Innovators Challenge,Student 2026_01070,Delhi Public School,1,Abu Dhabi,Qatar,Website
REG-2026-01526,2026-04-08,2026,4,Apr,15,International Mathematics Olympiad,Student 2026_01526,The Indian High School,2,Gurugram,India,Partner School
REG-2026-01851,2026-04-08,2026,4,Apr,15,Student Speaker Competition,Student 2026_01851,Greenwood International School,6,Gurugram,India,Social Media
REG-2026-00184,2026-04-08,2026,4,Apr,15,International Mathematics Olympiad,Student 2026_00184,Sunrise Public School,8,Gurugram,Qatar,Partner School
REG-2026-00733,2026-04-08,2026,4,Apr,15,International Coding Olympiad,Student 2026_00733,Greenwood International School,11,Mumbai,India,WhatsApp
REG-2026-00229,2026-04-08,2026,4,Apr,15,International School Olympiad,Student 2026_00229,Oakridge International School,1,Doha,India,Social Media
REG-2026-01051,2026-04-09,2026,4,Apr,15,International Coding Olympiad,Student 2026_01051,Gurukul Global School,8,Doha,UAE,Social Media
REG-2026-00369,2026-04-10,2026,4,Apr,15,AI & Robotics Challenge,Student 2026_00369,The Indian High School,3,Abu Dhabi,UAE,School Outreach
REG-2026-01214,2026-04-10,2026,4,Apr,15,International School Olympiad,Student 2026_01214,The Millennium School,2,Dubai,UAE,Website
REG-2026-01559,2026-04-10,2026,4,Apr,15,Young Innovators Challenge,Student 2026_01559,Sunrise Public School,12,Doha,India,WhatsApp
REG-2026-00276,2026-04-10,2026,4,Apr,15,AI & Robotics Challenge,Student 2026_00276,The Millennium School,1,Bengaluru,India,Partner School
REG-2026-00044,2026-04-10,2026,4,Apr,15,International Mathematics Olympiad,Student 2026_00044,Oakridge International School,12,Abu Dhabi,India,Social Media
REG-2026-02044,2026-04-10,2026,4,Apr,15,International Science Olympiad,Student 2026_02044,Amity International School,11,Mumbai,India,Social Media
REG-2026-01530,2026-04-10,2026,4,Apr,15,AI & Robotics Challenge,Student 2026_01530,Amity International School,12,Abu Dhabi,UAE,Social Media
REG-2026-01825,2026-04-11,2026,4,Apr,15,Student Speaker Competition,Student 2026_01825,Bright Future Academy,4,Sharjah,UAE,Partner School
REG-2026-01058,2026-04-11,2026,4,Apr,15,International Coding Olympiad,Student 2026_01058,The Indian High School,7,Sharjah,UAE,Email Campaign
REG-2026-01932,2026-04-11,2026,4,Apr,15,AI & Robotics Challenge,Student 2026_01932,Oakridge International School,12,New Delhi,Qatar,Website
REG-2026-00576,2026-04-11,2026,4,Apr,15,International Science Olympiad,Student 2026_00576,The Indian High School,12,Mumbai,UAE,Email Campaign
REG-2026-00556,2026-04-11,2026,4,Apr,15,International Science Olympiad,Student 2026_00556,Delhi Public School,2,Dubai,India,Partner School
REG-2026-00443,2026-04-11,2026,4,Apr,15,Young Innovators Challenge,Student 2026_00443,Bright Future Academy,2,Sharjah,India,School Outreach
REG-2026-01678,2026-04-11,2026,4,Apr,15,International Mathematics Olympiad,Student 2026_01678,Amity International School,2,Abu Dhabi,India,Social Media
REG-2026-00425,2026-04-11,2026,4,Apr,15,International School Olympiad,Student 2026_00425,Bright Future Academy,5,Abu Dhabi,India,Email Campaign
REG-2026-02070,2026-04-11,2026,4,Apr,15,Student Speaker Competition,Student 2026_02070,Greenwood International School,2,Gurugram,UAE,School Outreach
REG-2026-00221,2026-04-12,2026,4,Apr,15,International Coding Olympiad,Student 2026_00221,Gurukul Global School,5,Dubai,UAE,School Outreach
REG-2026-00619,2026-04-12,2026,4,Apr,15,International Mathematics Olympiad,Student 2026_00619,Sunrise Public School,10,Mumbai,UAE,Social Media
REG-2026-01065,2026-04-12,2026,4,Apr,15,International Science Olympiad,Student 2026_01065,Bright Future Academy,4,Doha,India,Social Media
REG-2026-01564,2026-04-12,2026,4,Apr,15,International Mathematics Olympiad,Student 2026_01564,Bright Future Academy,8,Sharjah,UAE,Email Campaign
REG-2026-01602,2026-04-12,2026,4,Apr,15,Student Speaker Competition,Student 2026_01602,Global Indian International School,5,Bengaluru,UAE,WhatsApp
REG-2026-00696,2026-04-12,2026,4,Apr,15,International Coding Olympiad,Student 2026_00696,Global Indian International School,1,New Delhi,UAE,WhatsApp
REG-2026-01251,2026-04-12,2026,4,Apr,15,International Coding Olympiad,Student 2026_01251,Delhi International School,9,Mumbai,UAE,Partner School
REG-2026-00616,2026-04-12,2026,4,Apr,15,International Coding Olympiad,Student 2026_00616,Gurukul Global School,2,Mumbai,India,Social Media
REG-2026-02081,2026-04-12,2026,4,Apr,15,International Coding Olympiad,Student 2026_02081,The Indian High School,3,Sharjah,India,School Outreach
REG-2026-00338,2026-04-13,2026,4,Apr,16,International Coding Olympiad,Student 2026_00338,Delhi International School,1,Mumbai,UAE,Website
REG-2026-00794,2026-04-13,2026,4,Apr,16,International Science Olympiad,Student 2026_00794,Global Indian International School,6,Dubai,UAE,School Outreach
REG-2026-00663,2026-04-13,2026,4,Apr,16,International Mathematics Olympiad,Student 2026_00663,GEMS Modern Academy,8,Mumbai,India,School Outreach
REG-2026-00756,2026-04-13,2026,4,Apr,16,Student Speaker Competition,Student 2026_00756,The Indian High School,1,Mumbai,India,Website
REG-2026-01940,2026-04-13,2026,4,Apr,16,International Coding Olympiad,Student 2026_01940,Global Indian International School,12,Sharjah,India,Website
REG-2026-01970,2026-04-13,2026,4,Apr,16,Winter Painting Competition,Student 2026_01970,Gurukul Global School,9,Doha,UAE,School Outreach
REG-2026-00320,2026-04-13,2026,4,Apr,16,International School Olympiad,Student 2026_00320,Bright Future Academy,11,New Delhi,India,WhatsApp
REG-2026-00187,2026-04-13,2026,4,Apr,16,AI & Robotics Challenge,Student 2026_00187,GEMS Modern Academy,11,New Delhi,India,Partner School
REG-2026-02126,2026-04-13,2026,4,Apr,16,AI & Robotics Challenge,Student 2026_02126,Global Indian International School,3,Bengaluru,Qatar,Social Media
REG-2026-00617,2026-04-14,2026,4,Apr,16,International Coding Olympiad,Student 2026_00617,Bright Future Academy,9,Gurugram,India,Social Media
REG-2026-00345,2026-04-14,2026,4,Apr,16,International Science Olympiad,Student 2026_00345,The Indian High School,10,Mumbai,UAE,Social Media
REG-2026-02066,2026-04-14,2026,4,Apr,16,International Science Olympiad,Student 2026_02066,Oakridge International School,4,Doha,India,WhatsApp
REG-2026-00968,2026-04-14,2026,4,Apr,16,Winter Painting Competition,Student 2026_00968,Delhi International School,3,Dubai,UAE,Partner School
REG-2026-01961,2026-04-14,2026,4,Apr,16,AI & Robotics Challenge,Student 2026_01961,Greenwood International School,6,Doha,UAE,Email Campaign
REG-2026-02045,2026-04-15,2026,4,Apr,16,International School Olympiad,Student 2026_02045,The Indian High School,9,Doha,UAE,School Outreach
REG-2026-01452,2026-04-15,2026,4,Apr,16,International School Olympiad,Student 2026_01452,Amity International School,12,Mumbai,India,Website
REG-2026-01265,2026-04-15,2026,4,Apr,16,International Mathematics Olympiad,Student 2026_01265,Unknown School,6,Dubai,UAE,Website
REG-2026-00026,2026-04-15,2026,4,Apr,16,International Coding Olympiad,Student 2026_00026,The Indian High School,11,Abu Dhabi,UAE,Partner School
REG-2026-01040,2026-04-15,2026,4,Apr,16,International Science Olympiad,Student 2026_01040,Sunrise Public School,11,Bengaluru,India,Social Media
REG-2026-00544,2026-04-15,2026,4,Apr,16,Winter Painting Competition,Student 2026_00544,Gurukul Global School,5,New Delhi,Qatar,School Outreach
REG-2026-01442,2026-04-15,2026,4,Apr,16,Young Innovators Challenge,Student 2026_01442,Oakridge International School,7,Bengaluru,UAE,Partner School
REG-2026-00865,2026-04-16,2026,4,Apr,16,International Science Olympiad,Student 2026_00865,Greenwood International School,8,Doha,UAE,Website
REG-2026-00378,2026-04-16,2026,4,Apr,16,AI & Robotics Challenge,Student 2026_00378,Bright Future Academy,1,Mumbai,India,School Outreach
REG-2026-01242,2026-04-16,2026,4,Apr,16,International Coding Olympiad,Student 2026_01242,Global Indian International School,9,Doha,Qatar,Email Campaign
REG-2026-01018,2026-04-16,2026,4,Apr,16,Young Innovators Challenge,Student 2026_01018,Greenwood International School,5,Gurugram,UAE,WhatsApp
REG-2026-00938,2026-04-16,2026,4,Apr,16,International Science Olympiad,Student 2026_00938,Global Indian International School,8,Mumbai,UAE,Website
REG-2026-00289,2026-04-16,2026,4,Apr,16,International Mathematics Olympiad,Student 2026_00289,Delhi Public School,12,Bengaluru,India,School Outreach
REG-2026-00028,2026-04-16,2026,4,Apr,16,Young Innovators Challenge,Student 2026_00028,The Indian High School,5,Abu Dhabi,Qatar,Social Media
REG-2026-02087,2026-04-16,2026,4,Apr,16,International Science Olympiad,Student 2026_02087,Delhi International School,3,Doha,India,Website
REG-2026-01751,2026-04-16,2026,4,Apr,16,AI & Robotics Challenge,Student 2026_01751,The Indian High School,3,Bengaluru,UAE,WhatsApp
REG-2026-01355,2026-04-16,2026,4,Apr,16,AI & Robotics Challenge,Student 2026_01355,The Millennium School,6,Mumbai,India,Email Campaign
REG-2026-01800,2026-04-16,2026,4,Apr,16,International Coding Olympiad,Student 2026_01800,Bright Future Academy,5,Abu Dhabi,UAE,WhatsApp
REG-2026-01152,2026-04-16,2026,4,Apr,16,International Coding Olympiad,Student 2026_01152,Delhi Public School,4,Gurugram,UAE,Website
REG-2026-01924,2026-04-16,2026,4,Apr,16,AI & Robotics Challenge,Student 2026_01924,Sunrise Public School,9,Doha,India,Email Campaign
REG-2026-01231,2026-04-16,2026,4,Apr,16,International School Olympiad,Student 2026_01231,GEMS Modern Academy,10,Bengaluru,UAE,Partner School
REG-2026-00689,2026-04-16,2026,4,Apr,16,Young Innovators Challenge,Student 2026_00689,Sunrise Public School,11,Dubai,UAE,Partner School
REG-2026-01935,2026-04-16,2026,4,Apr,16,International Science Olympiad,Student 2026_01935,Gurukul Global School,12,Doha,India,Partner School
REG-2026-00599,2026-04-16,2026,4,Apr,16,Young Innovators Challenge,Student 2026_00599,The Millennium School,6,Doha,India,Social Media
REG-2026-01096,2026-04-16,2026,4,Apr,16,AI & Robotics Challenge,Student 2026_01096,Gurukul Global School,5,Abu Dhabi,UAE,Partner School
REG-2026-00437,2026-04-16,2026,4,Apr,16,International Coding Olympiad,Student 2026_00437,Oakridge International School,7,Gurugram,UAE,WhatsApp
REG-2026-01922,2026-04-17,2026,4,Apr,16,International Coding Olympiad,Student 2026_01922,Amity International School,7,Mumbai,India,School Outreach
REG-2026-00758,2026-04-17,2026,4,Apr,16,International Coding Olympiad,Student 2026_00758,GEMS Modern Academy,8,Abu Dhabi,UAE,WhatsApp
REG-2026-00610,2026-04-17,2026,4,Apr,16,International Science Olympiad,Student 2026_00610,GEMS Modern Academy,1,Dubai,India,Website
REG-2026-01189,2026-04-17,2026,4,Apr,16,Winter Painting Competition,Student 2026_01189,The Millennium School,8,Mumbai,India,Partner School
REG-2026-01476,2026-04-17,2026,4,Apr,16,AI & Robotics Challenge,Student 2026_01476,Oakridge International School,8,Mumbai,India,Social Media
REG-2026-02026,2026-04-17,2026,4,Apr,16,International School Olympiad,Student 2026_02026,Unknown School,5,Abu Dhabi,India,Email Campaign
REG-2026-00166,2026-04-17,2026,4,Apr,16,International School Olympiad,Student 2026_00166,GEMS Modern Academy,8,Abu Dhabi,UAE,WhatsApp
REG-2026-01191,2026-04-18,2026,4,Apr,16,Young Innovators Challenge,Student 2026_01191,Gurukul Global School,11,Dubai,India,Partner School
REG-2026-02069,2026-04-18,2026,4,Apr,16,International Science Olympiad,Student 2026_02069,Amity International School,10,Gurugram,Qatar,WhatsApp
REG-2026-00986,2026-04-18,2026,4,Apr,16,International Science Olympiad,Student 2026_00986,Global Indian International School,10,Abu Dhabi,India,Partner School
REG-2026-01987,2026-04-18,2026,4,Apr,16,International School Olympiad,Student 2026_01987,GEMS Modern Academy,1,Dubai,UAE,Social Media
REG-2026-01784,2026-04-18,2026,4,Apr,16,International Mathematics Olympiad,Student 2026_01784,GEMS Modern Academy,5,Sharjah,UAE,Email Campaign
REG-2026-01938,2026-04-18,2026,4,Apr,16,International Science Olympiad,Student 2026_01938,Oakridge International School,11,Abu Dhabi,India,Partner School
REG-2026-01782,2026-04-18,2026,4,Apr,16,Winter Painting Competition,Student 2026_01782,Delhi Public School,3,Gurugram,UAE,Partner School
REG-2026-01175,2026-04-18,2026,4,Apr,16,AI & Robotics Challenge,Student 2026_01175,The Indian High School,8,Abu Dhabi,UAE,Partner School
REG-2026-01768,2026-04-19,2026,4,Apr,16,International Coding Olympiad,Student 2026_01768,Delhi International School,9,Dubai,UAE,Partner School
REG-2026-01356,2026-04-19,2026,4,Apr,16,International Coding Olympiad,Student 2026_01356,GEMS Modern Academy,10,Dubai,India,Social Media
REG-2026-00718,2026-04-19,2026,4,Apr,16,AI & Robotics Challenge,Student 2026_00718,Sunrise Public School,9,Mumbai,India,School Outreach
REG-2026-00459,2026-04-19,2026,4,Apr,16,International Science Olympiad,Student 2026_00459,Bright Future Academy,10,Sharjah,India,Email Campaign
REG-2026-00775,2026-04-19,2026,4,Apr,16,International Coding Olympiad,Student 2026_00775,Delhi International School,2,Bengaluru,UAE,School Outreach
REG-2026-00483,2026-04-19,2026,4,Apr,16,AI & Robotics Challenge,Student 2026_00483,Delhi Public School,8,Gurugram,India,WhatsApp
REG-2026-01657,2026-04-19,2026,4,Apr,16,Student Speaker Competition,Student 2026_01657,Greenwood International School,3,Dubai,UAE,Partner School
REG-2026-00386,2026-04-19,2026,4,Apr,16,International Science Olympiad,Student 2026_00386,Delhi Public School,5,New Delhi,Qatar,WhatsApp
REG-2026-00965,2026-04-20,2026,4,Apr,17,Young Innovators Challenge,Student 2026_00965,The Indian High School,2,Gurugram,India,Social Media
REG-2026-01151,2026-04-20,2026,4,Apr,17,International Science Olympiad,Student 2026_01151,The Indian High School,4,Doha,Qatar,School Outreach
REG-2026-00949,2026-04-20,2026,4,Apr,17,Young Innovators Challenge,Student 2026_00949,Greenwood International School,6,Mumbai,UAE,School Outreach
REG-2026-01807,2026-04-20,2026,4,Apr,17,International School Olympiad,Student 2026_01807,The Indian High School,12,New Delhi,India,WhatsApp
REG-2026-01332,2026-04-21,2026,4,Apr,17,International Mathematics Olympiad,Student 2026_01332,Greenwood International School,8,Dubai,UAE,School Outreach
REG-2026-01465,2026-04-21,2026,4,Apr,17,International Science Olympiad,Student 2026_01465,Amity International School,3,New Delhi,India,Partner School
REG-2026-01879,2026-04-21,2026,4,Apr,17,International School Olympiad,Student 2026_01879,Amity International School,9,Bengaluru,UAE,Email Campaign
REG-2026-00963,2026-04-21,2026,4,Apr,17,AI & Robotics Challenge,Student 2026_00963,GEMS Modern Academy,1,Mumbai,UAE,WhatsApp
REG-2026-01436,2026-04-21,2026,4,Apr,17,Student Speaker Competition,Student 2026_01436,Bright Future Academy,10,Doha,India,School Outreach
REG-2026-00391,2026-04-22,2026,4,Apr,17,Young Innovators Challenge,Student 2026_00391,Amity International School,12,Sharjah,UAE,Website
REG-2026-01593,2026-04-22,2026,4,Apr,17,Student Speaker Competition,Student 2026_01593,GEMS Modern Academy,4,Gurugram,Qatar,Email Campaign
REG-2026-01711,2026-04-22,2026,4,Apr,17,Student Speaker Competition,Student 2026_01711,Sunrise Public School,1,Unknown,UAE,Partner School
REG-2026-00586,2026-04-22,2026,4,Apr,17,International Mathematics Olympiad,Student 2026_00586,The Indian High School,6,Doha,India,Website
REG-2026-01459,2026-04-22,2026,4,Apr,17,International Mathematics Olympiad,Student 2026_01459,Bright Future Academy,5,Dubai,India,Email Campaign
REG-2026-01447,2026-04-22,2026,4,Apr,17,International Mathematics Olympiad,Student 2026_01447,Greenwood International School,1,Bengaluru,India,Website
REG-2026-00175,2026-04-22,2026,4,Apr,17,International School Olympiad,Student 2026_00175,Gurukul Global School,10,New Delhi,India,Email Campaign
REG-2026-01642,2026-04-23,2026,4,Apr,17,Winter Painting Competition,Student 2026_01642,The Indian High School,5,Mumbai,UAE,Website
REG-2026-01478,2026-04-23,2026,4,Apr,17,International School Olympiad,Student 2026_01478,The Millennium School,9,Doha,Qatar,Website
REG-2026-01592,2026-04-23,2026,4,Apr,17,International Coding Olympiad,Student 2026_01592,Oakridge International School,8,New Delhi,UAE,WhatsApp
REG-2026-01280,2026-04-23,2026,4,Apr,17,International School Olympiad,Student 2026_01280,Gurukul Global School,8,Abu Dhabi,Qatar,Partner School
REG-2026-00497,2026-04-23,2026,4,Apr,17,International Mathematics Olympiad,Student 2026_00497,GEMS Modern Academy,6,New Delhi,UAE,Website
REG-2026-00881,2026-04-23,2026,4,Apr,17,Young Innovators Challenge,Student 2026_00881,Amity International School,10,Dubai,UAE,Partner School
REG-2026-00977,2026-04-23,2026,4,Apr,17,International Coding Olympiad,Student 2026_00977,The Indian High School,1,New Delhi,UAE,Website
REG-2026-01838,2026-04-24,2026,4,Apr,17,Student Speaker Competition,Student 2026_01838,Delhi International School,3,Bengaluru,UAE,Social Media
REG-2026-00219,2026-04-24,2026,4,Apr,17,Young Innovators Challenge,Student 2026_00219,Greenwood International School,2,Mumbai,India,School Outreach
REG-2026-00983,2026-04-24,2026,4,Apr,17,AI & Robotics Challenge,Student 2026_00983,The Millennium School,11,Doha,India,School Outreach
REG-2026-00030,2026-04-24,2026,4,Apr,17,Young Innovators Challenge,Student 2026_00030,GEMS Modern Academy,7,Doha,India,WhatsApp
REG-2026-01577,2026-04-24,2026,4,Apr,17,AI & Robotics Challenge,Student 2026_01577,The Millennium School,12,Sharjah,Qatar,Website
REG-2026-02102,2026-04-24,2026,4,Apr,17,International Science Olympiad,Student 2026_02102,Oakridge International School,8,Bengaluru,UAE,School Outreach
REG-2026-01312,2026-04-24,2026,4,Apr,17,Student Speaker Competition,Student 2026_01312,Gurukul Global School,1,Gurugram,India,Partner School
REG-2026-00492,2026-04-24,2026,4,Apr,17,International Coding Olympiad,Student 2026_00492,Global Indian International School,10,Sharjah,India,Website
REG-2026-01759,2026-04-24,2026,4,Apr,17,Student Speaker Competition,Student 2026_01759,GEMS Modern Academy,11,Doha,UAE,Partner School
REG-2026-00882,2026-04-24,2026,4,Apr,17,International Science Olympiad,Student 2026_00882,Global Indian International School,11,Gurugram,India,School Outreach
REG-2026-01733,2026-04-25,2026,4,Apr,17,Young Innovators Challenge,Student 2026_01733,GEMS Modern Academy,4,Mumbai,UAE,Website
REG-2026-01426,2026-04-25,2026,4,Apr,17,International Science Olympiad,Student 2026_01426,Oakridge International School,12,New Delhi,India,Partner School
REG-2026-00225,2026-04-25,2026,4,Apr,17,International Coding Olympiad,Student 2026_00225,Unknown School,5,Gurugram,Qatar,WhatsApp
REG-2026-01821,2026-04-25,2026,4,Apr,17,Student Speaker Competition,Student 2026_01821,Sunrise Public School,4,Mumbai,India,Social Media
REG-2026-02060,2026-04-25,2026,4,Apr,17,International School Olympiad,Student 2026_02060,The Millennium School,1,Sharjah,UAE,Website
REG-2026-01906,2026-04-25,2026,4,Apr,17,International Coding Olympiad,Student 2026_01906,Greenwood International School,3,Dubai,UAE,Email Campaign
REG-2026-00859,2026-04-25,2026,4,Apr,17,International Mathematics Olympiad,Student 2026_00859,Delhi Public School,5,Doha,India,Social Media
REG-2026-01286,2026-04-26,2026,4,Apr,17,Young Innovators Challenge,Student 2026_01286,Bright Future Academy,6,Bengaluru,India,Social Media
REG-2026-00252,2026-04-26,2026,4,Apr,17,International Coding Olympiad,Student 2026_00252,Delhi International School,9,New Delhi,UAE,Website
REG-2026-01698,2026-04-26,2026,4,Apr,17,International Coding Olympiad,Student 2026_01698,Oakridge International School,2,Dubai,Qatar,Partner School
REG-2026-00842,2026-04-26,2026,4,Apr,17,International Science Olympiad,Student 2026_00842,The Indian High School,11,Mumbai,India,Partner School
REG-2026-00181,2026-04-26,2026,4,Apr,17,Young Innovators Challenge,Student 2026_00181,Delhi Public School,6,Dubai,UAE,Partner School
REG-2026-01948,2026-04-26,2026,4,Apr,17,International Coding Olympiad,Student 2026_01948,Delhi International School,8,Gurugram,UAE,Website
REG-2026-00870,2026-04-27,2026,4,Apr,18,AI & Robotics Challenge,Student 2026_00870,The Millennium School,2,New Delhi,UAE,School Outreach
REG-2026-00114,2026-04-27,2026,4,Apr,18,International School Olympiad,Student 2026_00114,Gurukul Global School,11,New Delhi,India,Partner School
REG-2026-01541,2026-04-27,2026,4,Apr,18,International School Olympiad,Student 2026_01541,Greenwood International School,6,Bengaluru,India,Partner School
REG-2026-01900,2026-04-27,2026,4,Apr,18,AI & Robotics Challenge,Student 2026_01900,Amity International School,3,Dubai,India,Social Media
REG-2026-00415,2026-04-27,2026,4,Apr,18,International School Olympiad,Student 2026_00415,GEMS Modern Academy,6,Dubai,UAE,Email Campaign
REG-2026-01536,2026-04-28,2026,4,Apr,18,Student Speaker Competition,Student 2026_01536,Sunrise Public School,1,New Delhi,UAE,Partner School
REG-2026-00205,2026-04-28,2026,4,Apr,18,International Science Olympiad,Student 2026_00205,Unknown School,4,Mumbai,India,Partner School
REG-2026-00056,2026-04-28,2026,4,Apr,18,International Mathematics Olympiad,Student 2026_00056,Global Indian International School,2,Doha,UAE,Partner School
REG-2026-00615,2026-04-28,2026,4,Apr,18,Student Speaker Competition,Student 2026_00615,The Indian High School,10,Abu Dhabi,Qatar,Website
REG-2026-01197,2026-04-28,2026,4,Apr,18,Young Innovators Challenge,Student 2026_01197,Delhi International School,1,Bengaluru,India,Website
REG-2026-01066,2026-04-29,2026,4,Apr,18,Young Innovators Challenge,Student 2026_01066,The Indian High School,6,New Delhi,India,Website
REG-2026-00228,2026-04-29,2026,4,Apr,18,Winter Painting Competition,Student 2026_00228,Greenwood International School,1,Bengaluru,India,Email Campaign
REG-2026-00621,2026-04-29,2026,4,Apr,18,International School Olympiad,Student 2026_00621,Global Indian International School,7,Gurugram,UAE,School Outreach
REG-2026-00337,2026-04-29,2026,4,Apr,18,International Science Olympiad,Student 2026_00337,Global Indian International School,1,Doha,India,Email Campaign
REG-2026-01722,2026-04-29,2026,4,Apr,18,International Science Olympiad,Student 2026_01722,The Millennium School,7,Doha,India,Email Campaign
REG-2026-00329,2026-04-29,2026,4,Apr,18,Winter Painting Competition,Student 2026_00329,Sunrise Public School,10,Mumbai,UAE,School Outreach
REG-2026-01697,2026-04-29,2026,4,Apr,18,International Science Olympiad,Student 2026_01697,Delhi International School,10,Doha,India,Email Campaign
REG-2026-00910,2026-04-29,2026,4,Apr,18,AI & Robotics Challenge,Student 2026_00910,Amity International School,10,Mumbai,UAE,Website
REG-2026-01663,2026-04-29,2026,4,Apr,18,Winter Painting Competition,Student 2026_01663,Delhi Public School,11,Dubai,India,Website
REG-2026-01347,2026-04-29,2026,4,Apr,18,Student Speaker Competition,Student 2026_01347,The Indian High School,2,Doha,UAE,Email Campaign
REG-2026-00966,2026-04-29,2026,4,Apr,18,AI & Robotics Challenge,Student 2026_00966,Oakridge International School,9,Gurugram,UAE,WhatsApp
REG-2026-01143,2026-04-29,2026,4,Apr,18,International Coding Olympiad,Student 2026_01143,Sunrise Public School,9,Dubai,UAE,WhatsApp
REG-2026-01895,2026-04-29,2026,4,Apr,18,Young Innovators Challenge,Student 2026_01895,Global Indian International School,9,Dubai,India,Partner School
REG-2026-00520,2026-04-30,2026,4,Apr,18,International Coding Olympiad,Student 2026_00520,The Indian High School,12,Gurugram,UAE,School Outreach
REG-2026-01322,2026-04-30,2026,4,Apr,18,AI & Robotics Challenge,Student 2026_01322,Delhi International School,10,Abu Dhabi,UAE,Website
REG-2026-02118,2026-04-30,2026,4,Apr,18,International Coding Olympiad,Student 2026_02118,The Indian High School,9,New Delhi,Qatar,Website
REG-2026-00770,2026-04-30,2026,4,Apr,18,International School Olympiad,Student 2026_00770,Amity International School,12,Mumbai,UAE,Social Media
REG-2026-01484,2026-04-30,2026,4,Apr,18,Winter Painting Competition,Student 2026_01484,Gurukul Global School,9,Abu Dhabi,UAE,WhatsApp
REG-2026-00687,2026-05-01,2026,5,May,18,Student Speaker Competition,Student 2026_00687,The Millennium School,12,Bengaluru,UAE,Partner School
REG-2026-01471,2026-05-01,2026,5,May,18,Young Innovators Challenge,Student 2026_01471,Bright Future Academy,10,Dubai,India,Website
REG-2026-00363,2026-05-01,2026,5,May,18,Winter Painting Competition,Student 2026_00363,Gurukul Global School,10,Sharjah,India,Partner School
REG-2026-01229,2026-05-01,2026,5,May,18,International Coding Olympiad,Student 2026_01229,Delhi International School,11,New Delhi,UAE,Social Media
REG-2026-01105,2026-05-01,2026,5,May,18,AI & Robotics Challenge,Student 2026_01105,Delhi International School,6,Sharjah,UAE,Website
REG-2026-01640,2026-05-01,2026,5,May,18,International Science Olympiad,Student 2026_01640,GEMS Modern Academy,9,Mumbai,India,Website
REG-2026-01521,2026-05-01,2026,5,May,18,Student Speaker Competition,Student 2026_01521,GEMS Modern Academy,6,Unknown,India,Email Campaign
REG-2026-00403,2026-05-02,2026,5,May,18,Winter Painting Competition,Student 2026_00403,Oakridge International School,8,Sharjah,UAE,Partner School
REG-2026-00902,2026-05-02,2026,5,May,18,Student Speaker Competition,Student 2026_00902,GEMS Modern Academy,4,Doha,UAE,Partner School
REG-2026-01132,2026-05-02,2026,5,May,18,Winter Painting Competition,Student 2026_01132,Oakridge International School,7,Abu Dhabi,UAE,Social Media
REG-2026-00161,2026-05-02,2026,5,May,18,International Coding Olympiad,Student 2026_00161,The Indian High School,2,New Delhi,India,Website
REG-2026-01107,2026-05-02,2026,5,May,18,International Mathematics Olympiad,Student 2026_01107,GEMS Modern Academy,10,Sharjah,India,Email Campaign
REG-2026-02142,2026-05-02,2026,5,May,18,International Science Olympiad,Student 2026_02142,Sunrise Public School,3,Mumbai,India,Email Campaign
REG-2026-01075,2026-05-02,2026,5,May,18,International Science Olympiad,Student 2026_01075,Greenwood International School,8,Abu Dhabi,UAE,School Outreach
REG-2026-01416,2026-05-02,2026,5,May,18,Young Innovators Challenge,Student 2026_01416,Amity International School,10,Gurugram,UAE,Email Campaign
REG-2026-02112,2026-05-02,2026,5,May,18,AI & Robotics Challenge,Student 2026_02112,The Indian High School,4,Gurugram,India,Website
REG-2026-02036,2026-05-02,2026,5,May,18,International School Olympiad,Student 2026_02036,GEMS Modern Academy,9,Dubai,UAE,Website
REG-2026-01031,2026-05-02,2026,5,May,18,International School Olympiad,Student 2026_01031,Delhi International School,8,Doha,India,Partner School
REG-2026-00867,2026-05-02,2026,5,May,18,International Science Olympiad,Student 2026_00867,Delhi International School,9,New Delhi,UAE,School Outreach
REG-2026-01963,2026-05-02,2026,5,May,18,International Mathematics Olympiad,Student 2026_01963,GEMS Modern Academy,1,Doha,UAE,Partner School
REG-2026-00898,2026-05-03,2026,5,May,18,International Mathematics Olympiad,Student 2026_00898,Sunrise Public School,4,Mumbai,India,Unknown
REG-2026-01392,2026-05-03,2026,5,May,18,International Science Olympiad,Student 2026_01392,Amity International School,8,Gurugram,India,WhatsApp
REG-2026-01808,2026-05-03,2026,5,May,18,International Science Olympiad,Student 2026_01808,Delhi International School,7,Bengaluru,UAE,Email Campaign
REG-2026-00247,2026-05-03,2026,5,May,18,Student Speaker Competition,Student 2026_00247,Greenwood International School,5,Sharjah,UAE,Partner School
REG-2026-01984,2026-05-03,2026,5,May,18,International Mathematics Olympiad,Student 2026_01984,Bright Future Academy,3,Sharjah,UAE,Social Media
REG-2026-01281,2026-05-03,2026,5,May,18,International Mathematics Olympiad,Student 2026_01281,GEMS Modern Academy,7,Sharjah,UAE,School Outreach
REG-2026-00812,2026-05-03,2026,5,May,18,Student Speaker Competition,Student 2026_00812,Delhi Public School,1,Dubai,UAE,Partner School
REG-2026-01127,2026-05-03,2026,5,May,18,Student Speaker Competition,Student 2026_01127,Sunrise Public School,9,Doha,India,WhatsApp
REG-2026-00591,2026-05-03,2026,5,May,18,International Science Olympiad,Student 2026_00591,Oakridge International School,6,Doha,India,WhatsApp
REG-2026-01196,2026-05-03,2026,5,May,18,International Coding Olympiad,Student 2026_01196,Bright Future Academy,7,New Delhi,UAE,Website
REG-2026-00838,2026-05-03,2026,5,May,18,International Coding Olympiad,Student 2026_00838,Oakridge International School,7,Doha,UAE,Email Campaign
REG-2026-00075,2026-05-03,2026,5,May,18,International Mathematics Olympiad,Student 2026_00075,Global Indian International School,12,Bengaluru,UAE,School Outreach
REG-2026-00209,2026-05-04,2026,5,May,19,International School Olympiad,Student 2026_00209,Bright Future Academy,5,Gurugram,India,WhatsApp
REG-2026-02010,2026-05-04,2026,5,May,19,Student Speaker Competition,Student 2026_02010,Amity International School,9,Gurugram,UAE,Partner School
REG-2026-00925,2026-05-04,2026,5,May,19,International School Olympiad,Student 2026_00925,Delhi Public School,7,Mumbai,India,Social Media
REG-2026-01761,2026-05-04,2026,5,May,19,Student Speaker Competition,Student 2026_01761,Delhi Public School,10,Doha,India,Partner School
REG-2026-00626,2026-05-04,2026,5,May,19,AI & Robotics Challenge,Student 2026_00626,The Millennium School,7,Sharjah,UAE,WhatsApp
REG-2026-01912,2026-05-04,2026,5,May,19,International School Olympiad,Student 2026_01912,Delhi Public School,5,Abu Dhabi,UAE,WhatsApp
REG-2026-02068,2026-05-04,2026,5,May,19,Winter Painting Competition,Student 2026_02068,Delhi Public School,12,Doha,India,WhatsApp
REG-2026-00253,2026-05-04,2026,5,May,19,Winter Painting Competition,Student 2026_00253,Sunrise Public School,4,Doha,India,Social Media
REG-2026-01756,2026-05-05,2026,5,May,19,International Mathematics Olympiad,Student 2026_01756,Amity International School,7,Gurugram,India,Website
REG-2026-00047,2026-05-05,2026,5,May,19,Student Speaker Competition,Student 2026_00047,Delhi Public School,6,Doha,UAE,Email Campaign
REG-2026-00985,2026-05-05,2026,5,May,19,International Coding Olympiad,Student 2026_00985,GEMS Modern Academy,11,Abu Dhabi,Qatar,Partner School
REG-2026-00208,2026-05-05,2026,5,May,19,International Science Olympiad,Student 2026_00208,The Indian High School,9,Dubai,India,Website
REG-2026-01415,2026-05-05,2026,5,May,19,International School Olympiad,Student 2026_01415,Greenwood International School,6,Sharjah,UAE,Partner School
REG-2026-00875,2026-05-05,2026,5,May,19,International Coding Olympiad,Student 2026_00875,Delhi International School,5,Bengaluru,Qatar,Website
REG-2026-01273,2026-05-05,2026,5,May,19,AI & Robotics Challenge,Student 2026_01273,Amity International School,11,Bengaluru,India,Social Media
REG-2026-00847,2026-05-06,2026,5,May,19,Young Innovators Challenge,Student 2026_00847,The Indian High School,9,Mumbai,Qatar,Social Media
REG-2026-00182,2026-05-06,2026,5,May,19,International School Olympiad,Student 2026_00182,Greenwood International School,4,New Delhi,UAE,Website
REG-2026-01454,2026-05-06,2026,5,May,19,International Coding Olympiad,Student 2026_01454,The Indian High School,6,Bengaluru,India,School Outreach
REG-2026-00416,2026-05-06,2026,5,May,19,International Coding Olympiad,Student 2026_00416,Delhi Public School,10,Bengaluru,India,Partner School
REG-2026-00482,2026-05-06,2026,5,May,19,International Coding Olympiad,Student 2026_00482,Amity International School,3,Doha,India,School Outreach
REG-2026-00481,2026-05-06,2026,5,May,19,Student Speaker Competition,Student 2026_00481,Bright Future Academy,12,New Delhi,Qatar,Partner School
REG-2026-00390,2026-05-06,2026,5,May,19,AI & Robotics Challenge,Student 2026_00390,Unknown School,5,Doha,UAE,Partner School
REG-2026-00860,2026-05-07,2026,5,May,19,Student Speaker Competition,Student 2026_00860,Oakridge International School,3,Bengaluru,India,Website
REG-2026-01067,2026-05-07,2026,5,May,19,International Science Olympiad,Student 2026_01067,Global Indian International School,2,Unknown,India,Social Media
REG-2026-01908,2026-05-07,2026,5,May,19,International Coding Olympiad,Student 2026_01908,Bright Future Academy,8,Doha,UAE,Unknown
REG-2026-00558,2026-05-07,2026,5,May,19,AI & Robotics Challenge,Student 2026_00558,Delhi International School,9,Abu Dhabi,UAE,School Outreach
REG-2026-00809,2026-05-07,2026,5,May,19,International School Olympiad,Student 2026_00809,The Millennium School,11,Doha,UAE,Social Media
REG-2026-00461,2026-05-07,2026,5,May,19,International Science Olympiad,Student 2026_00461,Unknown School,6,Gurugram,UAE,Website
REG-2026-01849,2026-05-08,2026,5,May,19,Young Innovators Challenge,Student 2026_01849,Oakridge International School,4,New Delhi,Qatar,Website
REG-2026-00978,2026-05-08,2026,5,May,19,Student Speaker Competition,Student 2026_00978,Bright Future Academy,10,Dubai,India,WhatsApp
REG-2026-00465,2026-05-08,2026,5,May,19,Winter Painting Competition,Student 2026_00465,The Millennium School,11,Mumbai,India,Email Campaign
REG-2026-00023,2026-05-08,2026,5,May,19,International Mathematics Olympiad,Student 2026_00023,Delhi International School,6,Gurugram,UAE,Email Campaign
REG-2026-01789,2026-05-08,2026,5,May,19,International Coding Olympiad,Student 2026_01789,Global Indian International School,7,Sharjah,India,Social Media
REG-2026-00509,2026-05-08,2026,5,May,19,International Coding Olympiad,Student 2026_00509,Sunrise Public School,10,Gurugram,Qatar,Social Media
REG-2026-00022,2026-05-08,2026,5,May,19,Student Speaker Competition,Student 2026_00022,Delhi International School,2,Mumbai,India,Partner School
REG-2026-00226,2026-05-08,2026,5,May,19,Young Innovators Challenge,Student 2026_00226,The Indian High School,9,Gurugram,UAE,School Outreach
REG-2026-00830,2026-05-08,2026,5,May,19,International Mathematics Olympiad,Student 2026_00830,Delhi Public School,11,Abu Dhabi,UAE,Social Media
REG-2026-01449,2026-05-08,2026,5,May,19,International Science Olympiad,Student 2026_01449,The Millennium School,3,Gurugram,Qatar,Partner School
REG-2026-01757,2026-05-08,2026,5,May,19,International Coding Olympiad,Student 2026_01757,Sunrise Public School,7,Gurugram,Qatar,Social Media
REG-2026-01778,2026-05-08,2026,5,May,19,AI & Robotics Challenge,Student 2026_01778,Greenwood International School,10,Gurugram,India,WhatsApp
REG-2026-00787,2026-05-09,2026,5,May,19,International School Olympiad,Student 2026_00787,GEMS Modern Academy,6,New Delhi,UAE,Email Campaign
REG-2026-01946,2026-05-09,2026,5,May,19,International Mathematics Olympiad,Student 2026_01946,Sunrise Public School,6,Abu Dhabi,UAE,Partner School
REG-2026-01913,2026-05-09,2026,5,May,19,International Science Olympiad,Student 2026_01913,Oakridge International School,1,Mumbai,India,Email Campaign
REG-2026-01776,2026-05-09,2026,5,May,19,International Science Olympiad,Student 2026_01776,Gurukul Global School,9,Dubai,Qatar,WhatsApp
REG-2026-00799,2026-05-09,2026,5,May,19,International Coding Olympiad,Student 2026_00799,Amity International School,2,Bengaluru,India,WhatsApp
REG-2026-02050,2026-05-09,2026,5,May,19,International School Olympiad,Student 2026_02050,The Indian High School,8,Bengaluru,India,Partner School
REG-2026-01293,2026-05-09,2026,5,May,19,Winter Painting Competition,Student 2026_01293,Greenwood International School,3,Mumbai,India,Unknown
REG-2026-00406,2026-05-09,2026,5,May,19,International School Olympiad,Student 2026_00406,Bright Future Academy,3,Doha,Qatar,WhatsApp
REG-2026-00548,2026-05-09,2026,5,May,19,International Coding Olympiad,Student 2026_00548,Global Indian International School,10,Mumbai,India,Email Campaign
REG-2026-01410,2026-05-09,2026,5,May,19,AI & Robotics Challenge,Student 2026_01410,Sunrise Public School,11,Sharjah,India,Website
REG-2026-00975,2026-05-09,2026,5,May,19,International School Olympiad,Student 2026_00975,Delhi International School,7,Dubai,Qatar,School Outreach
REG-2026-01331,2026-05-10,2026,5,May,19,Young Innovators Challenge,Student 2026_01331,Bright Future Academy,6,Mumbai,UAE,WhatsApp
REG-2026-00468,2026-05-10,2026,5,May,19,International Science Olympiad,Student 2026_00468,Sunrise Public School,2,Bengaluru,India,School Outreach
REG-2026-00596,2026-05-10,2026,5,May,19,Young Innovators Challenge,Student 2026_00596,Unknown School,3,Abu Dhabi,India,Email Campaign
REG-2026-01705,2026-05-10,2026,5,May,19,AI & Robotics Challenge,Student 2026_01705,Greenwood International School,6,Mumbai,India,Website
REG-2026-01635,2026-05-10,2026,5,May,19,International Mathematics Olympiad,Student 2026_01635,Delhi Public School,10,Sharjah,UAE,Social Media
REG-2026-00282,2026-05-10,2026,5,May,19,International Coding Olympiad,Student 2026_00282,The Millennium School,1,Abu Dhabi,Qatar,School Outreach
REG-2026-01101,2026-05-10,2026,5,May,19,International Coding Olympiad,Student 2026_01101,Oakridge International School,10,Sharjah,Qatar,Partner School
REG-2026-01669,2026-05-10,2026,5,May,19,Young Innovators Challenge,Student 2026_01669,Oakridge International School,8,Mumbai,UAE,WhatsApp
REG-2026-01362,2026-05-11,2026,5,May,20,International School Olympiad,Student 2026_01362,Amity International School,6,Gurugram,India,School Outreach
REG-2026-00351,2026-05-11,2026,5,May,20,International School Olympiad,Student 2026_00351,The Millennium School,2,Doha,India,WhatsApp
REG-2026-01529,2026-05-11,2026,5,May,20,International Science Olympiad,Student 2026_01529,The Indian High School,11,Dubai,India,Partner School
REG-2026-00071,2026-05-11,2026,5,May,20,AI & Robotics Challenge,Student 2026_00071,Delhi International School,7,Bengaluru,India,School Outreach
REG-2026-01843,2026-05-11,2026,5,May,20,International Mathematics Olympiad,Student 2026_01843,GEMS Modern Academy,7,Dubai,UAE,Partner School
REG-2026-00651,2026-05-11,2026,5,May,20,AI & Robotics Challenge,Student 2026_00651,Gurukul Global School,3,Bengaluru,UAE,School Outreach
REG-2026-01350,2026-05-11,2026,5,May,20,International Mathematics Olympiad,Student 2026_01350,The Indian High School,9,Gurugram,India,Website
REG-2026-01744,2026-05-12,2026,5,May,20,International Coding Olympiad,Student 2026_01744,Delhi International School,10,Doha,India,Social Media
REG-2026-00826,2026-05-12,2026,5,May,20,Young Innovators Challenge,Student 2026_00826,GEMS Modern Academy,9,Unknown,UAE,School Outreach
REG-2026-01014,2026-05-12,2026,5,May,20,International Mathematics Olympiad,Student 2026_01014,Gurukul Global School,5,Abu Dhabi,India,WhatsApp
REG-2026-00514,2026-05-12,2026,5,May,20,International School Olympiad,Student 2026_00514,Amity International School,4,Abu Dhabi,UAE,WhatsApp
REG-2026-01556,2026-05-12,2026,5,May,20,AI & Robotics Challenge,Student 2026_01556,GEMS Modern Academy,9,New Delhi,India,Website
REG-2026-00284,2026-05-12,2026,5,May,20,International Science Olympiad,Student 2026_00284,Oakridge International School,10,Dubai,UAE,Email Campaign
REG-2026-02043,2026-05-12,2026,5,May,20,Winter Painting Competition,Student 2026_02043,GEMS Modern Academy,2,Dubai,India,Partner School
REG-2026-01282,2026-05-13,2026,5,May,20,International Coding Olympiad,Student 2026_01282,Amity International School,9,Sharjah,UAE,WhatsApp
REG-2026-00816,2026-05-13,2026,5,May,20,Student Speaker Competition,Student 2026_00816,Delhi International School,1,Sharjah,India,WhatsApp
REG-2026-01504,2026-05-13,2026,5,May,20,International Mathematics Olympiad,Student 2026_01504,The Indian High School,10,Doha,UAE,Social Media
REG-2026-02085,2026-05-13,2026,5,May,20,International School Olympiad,Student 2026_02085,Sunrise Public School,1,Bengaluru,UAE,Unknown
REG-2026-01826,2026-05-13,2026,5,May,20,International Science Olympiad,Student 2026_01826,Amity International School,6,Mumbai,India,WhatsApp
REG-2026-00680,2026-05-13,2026,5,May,20,Young Innovators Challenge,Student 2026_00680,Bright Future Academy,8,Dubai,UAE,School Outreach
REG-2026-01745,2026-05-13,2026,5,May,20,AI & Robotics Challenge,Student 2026_01745,The Millennium School,5,Mumbai,UAE,WhatsApp
REG-2026-00091,2026-05-13,2026,5,May,20,International Mathematics Olympiad,Student 2026_00091,Gurukul Global School,11,New Delhi,Qatar,Email Campaign
REG-2026-00697,2026-05-13,2026,5,May,20,Young Innovators Challenge,Student 2026_00697,Greenwood International School,5,New Delhi,India,WhatsApp
REG-2026-02014,2026-05-13,2026,5,May,20,International Science Olympiad,Student 2026_02014,Oakridge International School,2,Doha,UAE,Social Media
REG-2026-00645,2026-05-13,2026,5,May,20,International Mathematics Olympiad,Student 2026_00645,Delhi Public School,8,Mumbai,India,Website
REG-2026-02149,2026-05-14,2026,5,May,20,International Mathematics Olympiad,Student 2026_02149,GEMS Modern Academy,10,Sharjah,India,WhatsApp
REG-2026-00796,2026-05-14,2026,5,May,20,International Mathematics Olympiad,Student 2026_00796,Sunrise Public School,9,Bengaluru,India,WhatsApp
REG-2026-01527,2026-05-14,2026,5,May,20,Young Innovators Challenge,Student 2026_01527,Amity International School,1,Dubai,India,Website
REG-2026-00840,2026-05-14,2026,5,May,20,AI & Robotics Challenge,Student 2026_00840,Bright Future Academy,4,Mumbai,UAE,Social Media
REG-2026-00420,2026-05-14,2026,5,May,20,Student Speaker Competition,Student 2026_00420,GEMS Modern Academy,8,New Delhi,UAE,Partner School
REG-2026-00518,2026-05-15,2026,5,May,20,Winter Painting Competition,Student 2026_00518,Sunrise Public School,3,Dubai,UAE,Partner School
REG-2026-00939,2026-05-15,2026,5,May,20,Young Innovators Challenge,Student 2026_00939,Delhi International School,8,New Delhi,UAE,Social Media
REG-2026-01781,2026-05-15,2026,5,May,20,International School Olympiad,Student 2026_01781,Gurukul Global School,4,Mumbai,India,Social Media
REG-2026-00018,2026-05-15,2026,5,May,20,AI & Robotics Challenge,Student 2026_00018,Delhi Public School,8,Bengaluru,UAE,Partner School
REG-2026-02130,2026-05-15,2026,5,May,20,International Science Olympiad,Student 2026_02130,GEMS Modern Academy,2,New Delhi,India,School Outreach
REG-2026-00303,2026-05-15,2026,5,May,20,Young Innovators Challenge,Student 2026_00303,Oakridge International School,10,Mumbai,India,Website
REG-2026-00178,2026-05-15,2026,5,May,20,Student Speaker Competition,Student 2026_00178,The Millennium School,9,Doha,India,School Outreach
REG-2026-02053,2026-05-15,2026,5,May,20,AI & Robotics Challenge,Student 2026_02053,Amity International School,9,Mumbai,UAE,Website
REG-2026-00275,2026-05-16,2026,5,May,20,International Science Olympiad,Student 2026_00275,Bright Future Academy,9,Sharjah,Qatar,Website
REG-2026-00584,2026-05-16,2026,5,May,20,International Science Olympiad,Student 2026_00584,Gurukul Global School,9,Gurugram,UAE,Email Campaign
REG-2026-01814,2026-05-16,2026,5,May,20,International Coding Olympiad,Student 2026_01814,Bright Future Academy,7,Bengaluru,India,Partner School
REG-2026-01195,2026-05-16,2026,5,May,20,International Coding Olympiad,Student 2026_01195,The Indian High School,9,Sharjah,India,School Outreach
REG-2026-01403,2026-05-16,2026,5,May,20,International School Olympiad,Student 2026_01403,Sunrise Public School,7,Dubai,UAE,Website
REG-2026-01829,2026-05-17,2026,5,May,20,International Science Olympiad,Student 2026_01829,The Indian High School,10,Abu Dhabi,UAE,Partner School
REG-2026-01039,2026-05-17,2026,5,May,20,International Mathematics Olympiad,Student 2026_01039,Global Indian International School,11,Dubai,India,Partner School
REG-2026-00531,2026-05-17,2026,5,May,20,International Coding Olympiad,Student 2026_00531,Oakridge International School,4,Gurugram,India,Email Campaign
REG-2026-00893,2026-05-17,2026,5,May,20,AI & Robotics Challenge,Student 2026_00893,Delhi International School,2,Gurugram,UAE,Social Media
REG-2026-00011,2026-05-17,2026,5,May,20,International Coding Olympiad,Student 2026_00011,The Millennium School,3,Dubai,UAE,Partner School
REG-2026-00507,2026-05-17,2026,5,May,20,AI & Robotics Challenge,Student 2026_00507,Greenwood International School,12,Bengaluru,UAE,Website
REG-2026-00426,2026-05-17,2026,5,May,20,International School Olympiad,Student 2026_00426,Sunrise Public School,4,Abu Dhabi,India,Website
REG-2026-00120,2026-05-17,2026,5,May,20,International Coding Olympiad,Student 2026_00120,The Indian High School,1,Dubai,UAE,Website
REG-2026-00814,2026-05-17,2026,5,May,20,International Mathematics Olympiad,Student 2026_00814,Sunrise Public School,5,Mumbai,India,Partner School
REG-2026-00553,2026-05-17,2026,5,May,20,International Science Olympiad,Student 2026_00553,The Indian High School,7,Doha,UAE,Email Campaign
REG-2026-00861,2026-05-17,2026,5,May,20,Student Speaker Competition,Student 2026_00861,GEMS Modern Academy,6,Gurugram,India,Website
REG-2026-01614,2026-05-17,2026,5,May,20,International Mathematics Olympiad,Student 2026_01614,Bright Future Academy,10,Gurugram,India,Website
REG-2026-00142,2026-05-18,2026,5,May,21,International Mathematics Olympiad,Student 2026_00142,GEMS Modern Academy,1,New Delhi,UAE,Email Campaign
REG-2026-01921,2026-05-18,2026,5,May,21,AI & Robotics Challenge,Student 2026_01921,Amity International School,8,New Delhi,India,Website
REG-2026-00845,2026-05-18,2026,5,May,21,International Mathematics Olympiad,Student 2026_00845,Greenwood International School,6,Sharjah,India,Social Media
REG-2026-01736,2026-05-18,2026,5,May,21,Student Speaker Competition,Student 2026_01736,Oakridge International School,5,Abu Dhabi,UAE,Social Media
REG-2026-01159,2026-05-18,2026,5,May,21,Young Innovators Challenge,Student 2026_01159,The Millennium School,2,Mumbai,Qatar,WhatsApp
REG-2026-00821,2026-05-18,2026,5,May,21,Student Speaker Competition,Student 2026_00821,Delhi International School,12,Gurugram,Qatar,Email Campaign
REG-2026-01439,2026-05-18,2026,5,May,21,International Coding Olympiad,Student 2026_01439,Greenwood International School,11,New Delhi,India,WhatsApp
REG-2026-02140,2026-05-18,2026,5,May,21,AI & Robotics Challenge,Student 2026_02140,Oakridge International School,2,Mumbai,UAE,School Outreach
REG-2026-00542,2026-05-18,2026,5,May,21,International School Olympiad,Student 2026_00542,Global Indian International School,4,Abu Dhabi,India,Social Media
REG-2026-00631,2026-05-18,2026,5,May,21,Student Speaker Competition,Student 2026_00631,Delhi International School,1,Sharjah,India,WhatsApp
REG-2026-00235,2026-05-18,2026,5,May,21,International Science Olympiad,Student 2026_00235,Gurukul Global School,10,Dubai,India,WhatsApp
REG-2026-00371,2026-05-19,2026,5,May,21,International Coding Olympiad,Student 2026_00371,Delhi Public School,1,Bengaluru,India,Partner School
REG-2026-01817,2026-05-19,2026,5,May,21,Student Speaker Competition,Student 2026_01817,Global Indian International School,6,Abu Dhabi,India,Social Media
REG-2026-01473,2026-05-19,2026,5,May,21,AI & Robotics Challenge,Student 2026_01473,Oakridge International School,1,Sharjah,UAE,Website
REG-2026-01266,2026-05-19,2026,5,May,21,Student Speaker Competition,Student 2026_01266,The Millennium School,9,Abu Dhabi,India,Email Campaign
REG-2026-01726,2026-05-19,2026,5,May,21,Winter Painting Competition,Student 2026_01726,Gurukul Global School,11,Sharjah,UAE,Partner School
REG-2026-00347,2026-05-19,2026,5,May,21,Young Innovators Challenge,Student 2026_00347,The Indian High School,4,Dubai,India,Email Campaign
REG-2026-00727,2026-05-19,2026,5,May,21,Winter Painting Competition,Student 2026_00727,Delhi International School,12,Bengaluru,UAE,Partner School
REG-2026-00375,2026-05-19,2026,5,May,21,International Coding Olympiad,Student 2026_00375,Delhi International School,12,Mumbai,UAE,WhatsApp
REG-2026-00256,2026-05-19,2026,5,May,21,International Science Olympiad,Student 2026_00256,Greenwood International School,5,Doha,India,School Outreach
REG-2026-01573,2026-05-20,2026,5,May,21,Young Innovators Challenge,Student 2026_01573,Delhi Public School,10,Abu Dhabi,UAE,Email Campaign
REG-2026-00462,2026-05-20,2026,5,May,21,Winter Painting Competition,Student 2026_00462,Delhi International School,10,Bengaluru,Qatar,Email Campaign
REG-2026-00552,2026-05-20,2026,5,May,21,International School Olympiad,Student 2026_00552,Global Indian International School,11,New Delhi,India,Partner School
REG-2026-00007,2026-05-20,2026,5,May,21,International Science Olympiad,Student 2026_00007,Delhi International School,4,Doha,India,Partner School
REG-2026-00936,2026-05-20,2026,5,May,21,International Coding Olympiad,Student 2026_00936,Delhi Public School,12,Sharjah,UAE,WhatsApp
REG-2026-01693,2026-05-21,2026,5,May,21,International Science Olympiad,Student 2026_01693,GEMS Modern Academy,11,Abu Dhabi,UAE,Email Campaign
REG-2026-01146,2026-05-21,2026,5,May,21,International Coding Olympiad,Student 2026_01146,Oakridge International School,9,Mumbai,UAE,WhatsApp
REG-2026-01238,2026-05-21,2026,5,May,21,Young Innovators Challenge,Student 2026_01238,Gurukul Global School,5,Dubai,India,School Outreach
REG-2026-01383,2026-05-21,2026,5,May,21,International Coding Olympiad,Student 2026_01383,Oakridge International School,9,New Delhi,UAE,School Outreach
REG-2026-01735,2026-05-21,2026,5,May,21,International Coding Olympiad,Student 2026_01735,Amity International School,5,Dubai,India,WhatsApp
REG-2026-01234,2026-05-21,2026,5,May,21,Young Innovators Challenge,Student 2026_01234,Delhi International School,1,Doha,Qatar,WhatsApp
REG-2026-02132,2026-05-21,2026,5,May,21,Student Speaker Competition,Student 2026_02132,Sunrise Public School,5,New Delhi,UAE,Social Media
REG-2026-00068,2026-05-21,2026,5,May,21,International School Olympiad,Student 2026_00068,Bright Future Academy,7,Gurugram,India,Email Campaign
REG-2026-01742,2026-05-21,2026,5,May,21,Student Speaker Competition,Student 2026_01742,Global Indian International School,12,New Delhi,India,Social Media
REG-2026-00368,2026-05-21,2026,5,May,21,International Science Olympiad,Student 2026_00368,GEMS Modern Academy,6,Abu Dhabi,India,Email Campaign
REG-2026-00145,2026-05-21,2026,5,May,21,Winter Painting Competition,Student 2026_00145,Bright Future Academy,1,Abu Dhabi,India,School Outreach
REG-2026-01861,2026-05-21,2026,5,May,21,International Science Olympiad,Student 2026_01861,Delhi International School,3,Dubai,UAE,WhatsApp
REG-2026-00366,2026-05-21,2026,5,May,21,Young Innovators Challenge,Student 2026_00366,GEMS Modern Academy,7,Doha,UAE,Email Campaign
REG-2026-00413,2026-05-21,2026,5,May,21,Winter Painting Competition,Student 2026_00413,The Indian High School,3,Abu Dhabi,Qatar,Partner School
REG-2026-01256,2026-05-21,2026,5,May,21,International Mathematics Olympiad,Student 2026_01256,Delhi International School,5,Abu Dhabi,India,Email Campaign
REG-2026-00595,2026-05-22,2026,5,May,21,Winter Painting Competition,Student 2026_00595,The Millennium School,9,Bengaluru,UAE,Email Campaign
REG-2026-01772,2026-05-22,2026,5,May,21,AI & Robotics Challenge,Student 2026_01772,Oakridge International School,11,Mumbai,UAE,Partner School
REG-2026-00485,2026-05-22,2026,5,May,21,International Mathematics Olympiad,Student 2026_00485,Global Indian International School,1,New Delhi,India,WhatsApp
REG-2026-00667,2026-05-22,2026,5,May,21,Young Innovators Challenge,Student 2026_00667,Global Indian International School,5,Bengaluru,UAE,Website
REG-2026-01677,2026-05-22,2026,5,May,21,International Coding Olympiad,Student 2026_01677,Sunrise Public School,8,New Delhi,India,Social Media
REG-2026-00749,2026-05-22,2026,5,May,21,International School Olympiad,Student 2026_00749,Bright Future Academy,4,Dubai,Qatar,WhatsApp
REG-2026-02103,2026-05-22,2026,5,May,21,Young Innovators Challenge,Student 2026_02103,Gurukul Global School,7,Mumbai,India,Email Campaign
REG-2026-01771,2026-05-22,2026,5,May,21,International School Olympiad,Student 2026_01771,Amity International School,3,Doha,India,Email Campaign
REG-2026-00012,2026-05-22,2026,5,May,21,Winter Painting Competition,Student 2026_00012,GEMS Modern Academy,11,Bengaluru,UAE,Social Media
REG-2026-01739,2026-05-23,2026,5,May,21,International School Olympiad,Student 2026_01739,Oakridge International School,11,Dubai,Qatar,Website
REG-2026-01208,2026-05-23,2026,5,May,21,International School Olympiad,Student 2026_01208,Global Indian International School,10,New Delhi,UAE,WhatsApp
REG-2026-01308,2026-05-23,2026,5,May,21,Young Innovators Challenge,Student 2026_01308,Bright Future Academy,8,Sharjah,India,Website
REG-2026-00109,2026-05-23,2026,5,May,21,Young Innovators Challenge,Student 2026_00109,Unknown School,8,New Delhi,India,Email Campaign
REG-2026-01947,2026-05-23,2026,5,May,21,International Coding Olympiad,Student 2026_01947,The Indian High School,2,Dubai,India,Website
REG-2026-01724,2026-05-23,2026,5,May,21,International Mathematics Olympiad,Student 2026_01724,Delhi International School,11,Dubai,UAE,WhatsApp
REG-2026-00505,2026-05-23,2026,5,May,21,Student Speaker Competition,Student 2026_00505,Oakridge International School,9,Mumbai,UAE,Website
REG-2026-01324,2026-05-23,2026,5,May,21,Student Speaker Competition,Student 2026_01324,Sunrise Public School,9,New Delhi,India,Website
REG-2026-00036,2026-05-23,2026,5,May,21,International Mathematics Olympiad,Student 2026_00036,Bright Future Academy,1,Doha,UAE,Partner School
REG-2026-00444,2026-05-23,2026,5,May,21,International Coding Olympiad,Student 2026_00444,The Indian High School,11,Bengaluru,UAE,WhatsApp
REG-2026-00104,2026-05-24,2026,5,May,21,AI & Robotics Challenge,Student 2026_00104,Bright Future Academy,3,Abu Dhabi,India,Email Campaign
REG-2026-00593,2026-05-24,2026,5,May,21,International Coding Olympiad,Student 2026_00593,Sunrise Public School,6,New Delhi,UAE,Unknown
REG-2026-00490,2026-05-24,2026,5,May,21,Winter Painting Competition,Student 2026_00490,The Millennium School,3,Dubai,India,Website
REG-2026-00890,2026-05-24,2026,5,May,21,International Mathematics Olympiad,Student 2026_00890,Delhi Public School,3,Doha,UAE,School Outreach
REG-2026-02128,2026-05-24,2026,5,May,21,International Mathematics Olympiad,Student 2026_02128,Delhi International School,4,Gurugram,India,School Outreach
REG-2026-00685,2026-05-24,2026,5,May,21,International Coding Olympiad,Student 2026_00685,Gurukul Global School,7,Dubai,India,School Outreach
REG-2026-00896,2026-05-25,2026,5,May,22,International School Olympiad,Student 2026_00896,Delhi Public School,5,Doha,Qatar,Partner School
REG-2026-01957,2026-05-25,2026,5,May,22,AI & Robotics Challenge,Student 2026_01957,Delhi Public School,5,Gurugram,UAE,Social Media
REG-2026-01986,2026-05-25,2026,5,May,22,AI & Robotics Challenge,Student 2026_01986,Global Indian International School,4,New Delhi,UAE,WhatsApp
REG-2026-00656,2026-05-25,2026,5,May,22,International School Olympiad,Student 2026_00656,Delhi International School,2,Doha,Qatar,Website
REG-2026-01549,2026-05-25,2026,5,May,22,Winter Painting Competition,Student 2026_01549,The Indian High School,9,Dubai,UAE,School Outreach
REG-2026-00298,2026-05-25,2026,5,May,22,AI & Robotics Challenge,Student 2026_00298,The Indian High School,8,Doha,Qatar,School Outreach
REG-2026-00541,2026-05-25,2026,5,May,22,International Mathematics Olympiad,Student 2026_00541,Delhi Public School,6,Mumbai,India,Email Campaign
REG-2026-01799,2026-05-25,2026,5,May,22,International School Olympiad,Student 2026_01799,Oakridge International School,1,Gurugram,India,Partner School
REG-2026-01535,2026-05-26,2026,5,May,22,International Mathematics Olympiad,Student 2026_01535,Delhi International School,3,Gurugram,UAE,Social Media
REG-2026-01041,2026-05-26,2026,5,May,22,AI & Robotics Challenge,Student 2026_01041,GEMS Modern Academy,6,Gurugram,UAE,Social Media
REG-2026-00177,2026-05-26,2026,5,May,22,International Coding Olympiad,Student 2026_00177,Delhi International School,9,Bengaluru,Qatar,WhatsApp
REG-2026-02145,2026-05-26,2026,5,May,22,International Science Olympiad,Student 2026_02145,The Millennium School,4,Gurugram,UAE,Website
REG-2026-00410,2026-05-26,2026,5,May,22,International School Olympiad,Student 2026_00410,Oakridge International School,7,Bengaluru,Qatar,Email Campaign
REG-2026-01523,2026-05-26,2026,5,May,22,AI & Robotics Challenge,Student 2026_01523,The Indian High School,2,New Delhi,Qatar,Social Media
REG-2026-00993,2026-05-27,2026,5,May,22,Student Speaker Competition,Student 2026_00993,The Millennium School,2,Gurugram,Qatar,School Outreach
REG-2026-00753,2026-05-27,2026,5,May,22,International Science Olympiad,Student 2026_00753,GEMS Modern Academy,1,Bengaluru,India,Email Campaign
REG-2026-00703,2026-05-27,2026,5,May,22,Student Speaker Competition,Student 2026_00703,The Indian High School,12,Doha,India,WhatsApp
REG-2026-00279,2026-05-27,2026,5,May,22,International Mathematics Olympiad,Student 2026_00279,Gurukul Global School,3,Abu Dhabi,India,Social Media
REG-2026-00334,2026-05-27,2026,5,May,22,International School Olympiad,Student 2026_00334,Amity International School,3,Mumbai,Qatar,Social Media
REG-2026-00405,2026-05-27,2026,5,May,22,International Science Olympiad,Student 2026_00405,The Millennium School,5,Abu Dhabi,India,Email Campaign
REG-2026-00133,2026-05-27,2026,5,May,22,Young Innovators Challenge,Student 2026_00133,Amity International School,11,Mumbai,UAE,Partner School
REG-2026-01441,2026-05-27,2026,5,May,22,Young Innovators Challenge,Student 2026_01441,Amity International School,5,Doha,UAE,Partner School
REG-2026-01968,2026-05-27,2026,5,May,22,International Science Olympiad,Student 2026_01968,Gurukul Global School,10,Gurugram,India,Email Campaign
REG-2026-01320,2026-05-28,2026,5,May,22,Winter Painting Competition,Student 2026_01320,Global Indian International School,8,Mumbai,UAE,WhatsApp
REG-2026-00579,2026-05-28,2026,5,May,22,Young Innovators Challenge,Student 2026_00579,Amity International School,1,Gurugram,India,Email Campaign
REG-2026-01731,2026-05-28,2026,5,May,22,International Mathematics Olympiad,Student 2026_01731,The Indian High School,2,Mumbai,India,Email Campaign
REG-2026-01458,2026-05-28,2026,5,May,22,International Mathematics Olympiad,Student 2026_01458,Amity International School,3,Gurugram,India,Partner School
REG-2026-01706,2026-05-28,2026,5,May,22,International Mathematics Olympiad,Student 2026_01706,The Indian High School,7,Dubai,India,Email Campaign
REG-2026-02029,2026-05-28,2026,5,May,22,International School Olympiad,Student 2026_02029,The Millennium School,7,Doha,UAE,School Outreach
REG-2026-01641,2026-05-28,2026,5,May,22,Young Innovators Challenge,Student 2026_01641,Amity International School,2,Doha,India,School Outreach
REG-2026-00265,2026-05-28,2026,5,May,22,AI & Robotics Challenge,Student 2026_00265,Greenwood International School,12,Dubai,UAE,Email Campaign
REG-2026-01021,2026-05-28,2026,5,May,22,International Mathematics Olympiad,Student 2026_01021,Bright Future Academy,4,Bengaluru,India,Website
REG-2026-01721,2026-05-28,2026,5,May,22,Young Innovators Challenge,Student 2026_01721,GEMS Modern Academy,12,Abu Dhabi,UAE,Website
REG-2026-00139,2026-05-28,2026,5,May,22,Young Innovators Challenge,Student 2026_00139,Greenwood International School,2,Sharjah,India,School Outreach
REG-2026-00438,2026-05-29,2026,5,May,22,International Mathematics Olympiad,Student 2026_00438,Gurukul Global School,8,Bengaluru,India,WhatsApp
REG-2026-01715,2026-05-29,2026,5,May,22,International Mathematics Olympiad,Student 2026_01715,Delhi International School,5,Doha,India,WhatsApp
REG-2026-01357,2026-05-29,2026,5,May,22,AI & Robotics Challenge,Student 2026_01357,The Indian High School,8,Dubai,India,Partner School
REG-2026-01769,2026-05-29,2026,5,May,22,AI & Robotics Challenge,Student 2026_01769,Greenwood International School,3,Dubai,India,Website
REG-2026-01016,2026-05-29,2026,5,May,22,International School Olympiad,Student 2026_01016,Greenwood International School,9,Gurugram,India,Website
REG-2026-00356,2026-05-29,2026,5,May,22,Winter Painting Competition,Student 2026_00356,Bright Future Academy,7,Mumbai,Qatar,Partner School
REG-2026-00746,2026-05-29,2026,5,May,22,Winter Painting Competition,Student 2026_00746,Gurukul Global School,6,Dubai,UAE,School Outreach
REG-2026-00980,2026-05-30,2026,5,May,22,International Science Olympiad,Student 2026_00980,Gurukul Global School,12,Doha,UAE,School Outreach
REG-2026-00630,2026-05-30,2026,5,May,22,International Coding Olympiad,Student 2026_00630,Greenwood International School,6,Abu Dhabi,UAE,School Outreach
REG-2026-00762,2026-05-30,2026,5,May,22,International Science Olympiad,Student 2026_00762,Amity International School,1,Mumbai,UAE,Social Media
REG-2026-01639,2026-05-30,2026,5,May,22,Young Innovators Challenge,Student 2026_01639,Delhi International School,4,Mumbai,India,Partner School
REG-2026-01000,2026-05-30,2026,5,May,22,Winter Painting Competition,Student 2026_01000,Gurukul Global School,7,New Delhi,India,WhatsApp
REG-2026-00201,2026-05-30,2026,5,May,22,International School Olympiad,Student 2026_00201,Unknown School,11,Gurugram,Qatar,Partner School
REG-2026-01803,2026-05-30,2026,5,May,22,Student Speaker Competition,Student 2026_01803,Bright Future Academy,12,Mumbai,India,WhatsApp
REG-2026-00899,2026-05-30,2026,5,May,22,Winter Painting Competition,Student 2026_00899,The Indian High School,3,Abu Dhabi,UAE,Social Media
REG-2026-01996,2026-05-30,2026,5,May,22,International Mathematics Olympiad,Student 2026_01996,Global Indian International School,2,Mumbai,India,School Outreach
REG-2026-01431,2026-05-30,2026,5,May,22,Student Speaker Competition,Student 2026_01431,The Indian High School,2,Gurugram,India,Social Media
REG-2026-01666,2026-05-30,2026,5,May,22,Young Innovators Challenge,Student 2026_01666,GEMS Modern Academy,7,Sharjah,UAE,Partner School
REG-2026-00373,2026-05-31,2026,5,May,22,International School Olympiad,Student 2026_00373,Sunrise Public School,5,Mumbai,UAE,Email Campaign
REG-2026-00644,2026-05-31,2026,5,May,22,International Science Olympiad,Student 2026_00644,The Indian High School,12,Dubai,Qatar,School Outreach
REG-2026-01119,2026-05-31,2026,5,May,22,International School Olympiad,Student 2026_01119,Sunrise Public School,7,Doha,India,Email Campaign
REG-2026-01980,2026-05-31,2026,5,May,22,International School Olympiad,Student 2026_01980,Bright Future Academy,7,Dubai,India,Email Campaign
REG-2026-01542,2026-05-31,2026,5,May,22,Winter Painting Competition,Student 2026_01542,Amity International School,9,Bengaluru,UAE,WhatsApp
REG-2026-01629,2026-05-31,2026,5,May,22,International Science Olympiad,Student 2026_01629,Oakridge International School,12,Dubai,India,WhatsApp
REG-2026-00562,2026-05-31,2026,5,May,22,Student Speaker Competition,Student 2026_00562,Sunrise Public School,8,Dubai,UAE,Partner School
REG-2026-01595,2026-05-31,2026,5,May,22,AI & Robotics Challenge,Student 2026_01595,Greenwood International School,3,Mumbai,India,WhatsApp
REG-2026-00308,2026-05-31,2026,5,May,22,Young Innovators Challenge,Student 2026_00308,The Millennium School,12,Abu Dhabi,UAE,Email Campaign
REG-2026-00820,2026-05-31,2026,5,May,22,Winter Painting Competition,Student 2026_00820,Gurukul Global School,3,Sharjah,India,Email Campaign
REG-2026-02111,2026-06-01,2026,6,Jun,23,International Mathematics Olympiad,Student 2026_02111,Sunrise Public School,7,Mumbai,UAE,WhatsApp
REG-2026-01135,2026-06-01,2026,6,Jun,23,AI & Robotics Challenge,Student 2026_01135,Delhi International School,7,Dubai,India,Website
REG-2026-00458,2026-06-01,2026,6,Jun,23,AI & Robotics Challenge,Student 2026_00458,Global Indian International School,1,Dubai,UAE,Partner School
REG-2026-02107,2026-06-01,2026,6,Jun,23,Student Speaker Competition,Student 2026_02107,The Indian High School,8,Abu Dhabi,India,Partner School
REG-2026-00771,2026-06-01,2026,6,Jun,23,International Coding Olympiad,Student 2026_00771,Sunrise Public School,6,Sharjah,UAE,Email Campaign
REG-2026-00453,2026-06-01,2026,6,Jun,23,International School Olympiad,Student 2026_00453,GEMS Modern Academy,10,Dubai,India,Partner School
REG-2026-00249,2026-06-01,2026,6,Jun,23,International Mathematics Olympiad,Student 2026_00249,Sunrise Public School,1,Doha,UAE,Partner School
REG-2026-01104,2026-06-01,2026,6,Jun,23,International Science Olympiad,Student 2026_01104,Amity International School,12,Dubai,India,Website
REG-2026-00723,2026-06-01,2026,6,Jun,23,International Coding Olympiad,Student 2026_00723,Gurukul Global School,5,Dubai,UAE,Email Campaign
REG-2026-01239,2026-06-01,2026,6,Jun,23,AI & Robotics Challenge,Student 2026_01239,Delhi Public School,3,Abu Dhabi,India,Website
REG-2026-00984,2026-06-02,2026,6,Jun,23,International Science Olympiad,Student 2026_00984,GEMS Modern Academy,6,Dubai,UAE,Email Campaign
REG-2026-00634,2026-06-02,2026,6,Jun,23,International Coding Olympiad,Student 2026_00634,Gurukul Global School,5,Sharjah,UAE,WhatsApp
REG-2026-01180,2026-06-02,2026,6,Jun,23,International Science Olympiad,Student 2026_01180,The Millennium School,12,Gurugram,India,Email Campaign
REG-2026-01737,2026-06-02,2026,6,Jun,23,International Mathematics Olympiad,Student 2026_01737,Gurukul Global School,12,Mumbai,India,Email Campaign
REG-2026-00110,2026-06-02,2026,6,Jun,23,Young Innovators Challenge,Student 2026_00110,Gurukul Global School,2,Mumbai,India,Website
REG-2026-00212,2026-06-02,2026,6,Jun,23,International Science Olympiad,Student 2026_00212,Amity International School,5,Doha,India,Email Campaign
REG-2026-01272,2026-06-02,2026,6,Jun,23,Winter Painting Competition,Student 2026_01272,Delhi International School,9,New Delhi,UAE,School Outreach
REG-2026-00006,2026-06-02,2026,6,Jun,23,Young Innovators Challenge,Student 2026_00006,Delhi International School,1,New Delhi,Qatar,WhatsApp
REG-2026-00417,2026-06-02,2026,6,Jun,23,Young Innovators Challenge,Student 2026_00417,Sunrise Public School,2,New Delhi,India,Social Media
REG-2026-01582,2026-06-02,2026,6,Jun,23,International Coding Olympiad,Student 2026_01582,Delhi International School,4,Doha,India,Social Media
REG-2026-02022,2026-06-03,2026,6,Jun,23,International Science Olympiad,Student 2026_02022,Delhi International School,12,Gurugram,India,Social Media
REG-2026-00730,2026-06-03,2026,6,Jun,23,International Science Olympiad,Student 2026_00730,Delhi International School,9,Mumbai,India,Website
REG-2026-00376,2026-06-03,2026,6,Jun,23,Young Innovators Challenge,Student 2026_00376,Oakridge International School,2,Abu Dhabi,India,Email Campaign
REG-2026-01182,2026-06-03,2026,6,Jun,23,Student Speaker Competition,Student 2026_01182,Gurukul Global School,3,Bengaluru,UAE,WhatsApp
REG-2026-01846,2026-06-03,2026,6,Jun,23,International School Olympiad,Student 2026_01846,Delhi Public School,5,Gurugram,UAE,Social Media
REG-2026-01258,2026-06-03,2026,6,Jun,23,AI & Robotics Challenge,Student 2026_01258,Bright Future Academy,1,Doha,India,School Outreach
REG-2026-02133,2026-06-03,2026,6,Jun,23,Student Speaker Competition,Student 2026_02133,Amity International School,1,Dubai,India,School Outreach
REG-2026-00637,2026-06-03,2026,6,Jun,23,Winter Painting Competition,Student 2026_00637,Amity International School,10,Dubai,UAE,Website
REG-2026-00445,2026-06-03,2026,6,Jun,23,International Science Olympiad,Student 2026_00445,Bright Future Academy,6,New Delhi,India,Partner School
REG-2026-01967,2026-06-04,2026,6,Jun,23,Young Innovators Challenge,Student 2026_01967,Unknown School,5,Doha,UAE,Website
REG-2026-00956,2026-06-04,2026,6,Jun,23,Student Speaker Competition,Student 2026_00956,Delhi International School,2,Mumbai,UAE,School Outreach
REG-2026-01259,2026-06-04,2026,6,Jun,23,Young Innovators Challenge,Student 2026_01259,Unknown School,1,Doha,India,WhatsApp
REG-2026-02063,2026-06-04,2026,6,Jun,23,Student Speaker Competition,Student 2026_02063,GEMS Modern Academy,7,Doha,UAE,Social Media
REG-2026-00933,2026-06-04,2026,6,Jun,23,AI & Robotics Challenge,Student 2026_00933,Amity International School,2,Doha,UAE,Social Media
REG-2026-00535,2026-06-04,2026,6,Jun,23,Winter Painting Competition,Student 2026_00535,Amity International School,3,Dubai,Qatar,School Outreach
REG-2026-01658,2026-06-04,2026,6,Jun,23,International Mathematics Olympiad,Student 2026_01658,Delhi Public School,6,Dubai,India,School Outreach
REG-2026-01284,2026-06-04,2026,6,Jun,23,Winter Painting Competition,Student 2026_01284,The Indian High School,9,Gurugram,UAE,Website
REG-2026-00504,2026-06-04,2026,6,Jun,23,AI & Robotics Challenge,Student 2026_00504,Oakridge International School,10,Mumbai,UAE,WhatsApp
REG-2026-01390,2026-06-04,2026,6,Jun,23,International Coding Olympiad,Student 2026_01390,The Indian High School,6,Bengaluru,Qatar,Email Campaign
REG-2026-00588,2026-06-04,2026,6,Jun,23,Winter Painting Competition,Student 2026_00588,Amity International School,6,Abu Dhabi,UAE,Website
REG-2026-00981,2026-06-05,2026,6,Jun,23,Winter Painting Competition,Student 2026_00981,GEMS Modern Academy,3,Sharjah,UAE,WhatsApp
REG-2026-01116,2026-06-05,2026,6,Jun,23,International School Olympiad,Student 2026_01116,Amity International School,3,Sharjah,UAE,WhatsApp
REG-2026-01261,2026-06-05,2026,6,Jun,23,International Science Olympiad,Student 2026_01261,Global Indian International School,7,Gurugram,India,WhatsApp
REG-2026-02015,2026-06-05,2026,6,Jun,23,AI & Robotics Challenge,Student 2026_02015,Gurukul Global School,9,Abu Dhabi,India,Partner School
REG-2026-00742,2026-06-05,2026,6,Jun,23,International School Olympiad,Student 2026_00742,The Millennium School,4,Mumbai,India,WhatsApp
REG-2026-01321,2026-06-05,2026,6,Jun,23,Young Innovators Challenge,Student 2026_01321,Amity International School,10,Gurugram,Qatar,Website
REG-2026-01203,2026-06-05,2026,6,Jun,23,Young Innovators Challenge,Student 2026_01203,Bright Future Academy,7,Gurugram,UAE,Email Campaign
REG-2026-01889,2026-06-05,2026,6,Jun,23,AI & Robotics Challenge,Student 2026_01889,Bright Future Academy,4,Doha,India,Website
REG-2026-01424,2026-06-06,2026,6,Jun,23,Young Innovators Challenge,Student 2026_01424,Oakridge International School,1,Gurugram,UAE,Partner School
REG-2026-01156,2026-06-06,2026,6,Jun,23,International Science Olympiad,Student 2026_01156,The Indian High School,6,New Delhi,India,Email Campaign
REG-2026-00678,2026-06-06,2026,6,Jun,23,Young Innovators Challenge,Student 2026_00678,The Millennium School,6,Dubai,India,Partner School
REG-2026-00431,2026-06-06,2026,6,Jun,23,International School Olympiad,Student 2026_00431,Greenwood International School,7,Abu Dhabi,UAE,Social Media
REG-2026-00382,2026-06-06,2026,6,Jun,23,International Science Olympiad,Student 2026_00382,GEMS Modern Academy,3,Abu Dhabi,UAE,Website
REG-2026-01661,2026-06-06,2026,6,Jun,23,International Mathematics Olympiad,Student 2026_01661,Sunrise Public School,6,Abu Dhabi,Qatar,School Outreach
REG-2026-00813,2026-06-06,2026,6,Jun,23,International Mathematics Olympiad,Student 2026_00813,Global Indian International School,3,Gurugram,UAE,Email Campaign
REG-2026-01750,2026-06-06,2026,6,Jun,23,Winter Painting Competition,Student 2026_01750,Delhi Public School,4,Doha,UAE,School Outreach
REG-2026-01631,2026-06-06,2026,6,Jun,23,Young Innovators Challenge,Student 2026_01631,The Millennium School,1,Abu Dhabi,India,Website
REG-2026-01601,2026-06-06,2026,6,Jun,23,International Coding Olympiad,Student 2026_01601,Amity International School,7,Dubai,India,Social Media
REG-2026-01770,2026-06-07,2026,6,Jun,23,International School Olympiad,Student 2026_01770,Global Indian International School,7,Abu Dhabi,UAE,Email Campaign
REG-2026-00594,2026-06-07,2026,6,Jun,23,International Mathematics Olympiad,Student 2026_00594,The Millennium School,7,Dubai,India,Partner School
REG-2026-01194,2026-06-07,2026,6,Jun,23,International Mathematics Olympiad,Student 2026_01194,Delhi International School,12,Bengaluru,India,Email Campaign
REG-2026-00273,2026-06-07,2026,6,Jun,23,International Science Olympiad,Student 2026_00273,GEMS Modern Academy,11,Mumbai,UAE,WhatsApp
REG-2026-01988,2026-06-07,2026,6,Jun,23,Young Innovators Challenge,Student 2026_01988,Gurukul Global School,6,Unknown,India,Email Campaign
REG-2026-00583,2026-06-07,2026,6,Jun,23,International Mathematics Olympiad,Student 2026_00583,Sunrise Public School,7,Bengaluru,India,Social Media
REG-2026-01941,2026-06-08,2026,6,Jun,24,AI & Robotics Challenge,Student 2026_01941,Oakridge International School,6,Gurugram,UAE,WhatsApp
REG-2026-01645,2026-06-08,2026,6,Jun,24,International Coding Olympiad,Student 2026_01645,The Indian High School,12,Sharjah,UAE,Partner School
REG-2026-01707,2026-06-08,2026,6,Jun,24,International Coding Olympiad,Student 2026_01707,The Indian High School,3,Abu Dhabi,India,Social Media
REG-2026-00660,2026-06-08,2026,6,Jun,24,International Coding Olympiad,Student 2026_00660,Gurukul Global School,6,Abu Dhabi,India,Partner School
REG-2026-00522,2026-06-08,2026,6,Jun,24,International School Olympiad,Student 2026_00522,Oakridge International School,9,Abu Dhabi,UAE,WhatsApp
REG-2026-01160,2026-06-08,2026,6,Jun,24,International Coding Olympiad,Student 2026_01160,The Millennium School,11,Sharjah,UAE,Website
REG-2026-01090,2026-06-08,2026,6,Jun,24,International Coding Olympiad,Student 2026_01090,Delhi Public School,4,Bengaluru,UAE,Website
REG-2026-00841,2026-06-08,2026,6,Jun,24,International School Olympiad,Student 2026_00841,Delhi Public School,2,Sharjah,India,School Outreach
REG-2026-00873,2026-06-08,2026,6,Jun,24,Winter Painting Competition,Student 2026_00873,GEMS Modern Academy,2,Dubai,India,Partner School
REG-2026-01325,2026-06-08,2026,6,Jun,24,International Coding Olympiad,Student 2026_01325,Delhi Public School,1,New Delhi,UAE,Social Media
REG-2026-02076,2026-06-08,2026,6,Jun,24,Student Speaker Competition,Student 2026_02076,Greenwood International School,9,Bengaluru,UAE,School Outreach
REG-2026-00823,2026-06-08,2026,6,Jun,24,International School Olympiad,Student 2026_00823,Global Indian International School,12,Sharjah,UAE,Website
REG-2026-01873,2026-06-08,2026,6,Jun,24,AI & Robotics Challenge,Student 2026_01873,Bright Future Academy,5,Doha,UAE,Social Media
REG-2026-01917,2026-06-09,2026,6,Jun,24,International Science Olympiad,Student 2026_01917,Bright Future Academy,4,Dubai,India,WhatsApp
REG-2026-01216,2026-06-09,2026,6,Jun,24,Winter Painting Competition,Student 2026_01216,Bright Future Academy,6,Gurugram,India,Partner School
REG-2026-01257,2026-06-09,2026,6,Jun,24,International Mathematics Olympiad,Student 2026_01257,The Millennium School,1,New Delhi,India,Email Campaign
REG-2026-01510,2026-06-09,2026,6,Jun,24,International Science Olympiad,Student 2026_01510,Global Indian International School,3,Dubai,UAE,Social Media
REG-2026-01380,2026-06-09,2026,6,Jun,24,International School Olympiad,Student 2026_01380,Delhi Public School,11,Dubai,UAE,School Outreach
REG-2026-02082,2026-06-09,2026,6,Jun,24,International Mathematics Olympiad,Student 2026_02082,Sunrise Public School,2,Unknown,UAE,Email Campaign
REG-2026-01513,2026-06-09,2026,6,Jun,24,Winter Painting Competition,Student 2026_01513,Delhi International School,2,Bengaluru,Qatar,Social Media
REG-2026-00515,2026-06-09,2026,6,Jun,24,Student Speaker Competition,Student 2026_00515,Oakridge International School,3,Dubai,India,Website
REG-2026-01797,2026-06-09,2026,6,Jun,24,AI & Robotics Challenge,Student 2026_01797,Sunrise Public School,3,Bengaluru,UAE,School Outreach
REG-2026-01777,2026-06-09,2026,6,Jun,24,International Coding Olympiad,Student 2026_01777,The Millennium School,12,Doha,UAE,Partner School
REG-2026-00857,2026-06-10,2026,6,Jun,24,Young Innovators Challenge,Student 2026_00857,Sunrise Public School,10,Gurugram,UAE,Social Media
REG-2026-02110,2026-06-10,2026,6,Jun,24,International Science Olympiad,Student 2026_02110,Sunrise Public School,4,Abu Dhabi,India,Email Campaign
REG-2026-00555,2026-06-10,2026,6,Jun,24,International School Olympiad,Student 2026_00555,Gurukul Global School,10,Doha,UAE,School Outreach
REG-2026-01248,2026-06-10,2026,6,Jun,24,International Science Olympiad,Student 2026_01248,Global Indian International School,5,New Delhi,India,Website
REG-2026-00759,2026-06-10,2026,6,Jun,24,International Mathematics Olympiad,Student 2026_00759,Gurukul Global School,1,Dubai,UAE,Email Campaign
REG-2026-00527,2026-06-10,2026,6,Jun,24,International Science Olympiad,Student 2026_00527,The Indian High School,5,Abu Dhabi,UAE,School Outreach
REG-2026-00694,2026-06-10,2026,6,Jun,24,International School Olympiad,Student 2026_00694,Oakridge International School,9,Gurugram,UAE,Social Media
REG-2026-01920,2026-06-10,2026,6,Jun,24,International Mathematics Olympiad,Student 2026_01920,Delhi International School,9,New Delhi,India,WhatsApp
REG-2026-01855,2026-06-10,2026,6,Jun,24,Young Innovators Challenge,Student 2026_01855,Gurukul Global School,7,Bengaluru,India,Social Media
REG-2026-00291,2026-06-10,2026,6,Jun,24,Winter Painting Competition,Student 2026_00291,Global Indian International School,5,Bengaluru,UAE,School Outreach
REG-2026-02080,2026-06-10,2026,6,Jun,24,International Science Olympiad,Student 2026_02080,Delhi International School,1,Sharjah,India,Email Campaign
REG-2026-00440,2026-06-10,2026,6,Jun,24,International Coding Olympiad,Student 2026_00440,Amity International School,1,Dubai,UAE,Website
REG-2026-00278,2026-06-11,2026,6,Jun,24,Winter Painting Competition,Student 2026_00278,The Millennium School,5,New Delhi,India,Email Campaign
REG-2026-00479,2026-06-11,2026,6,Jun,24,International School Olympiad,Student 2026_00479,The Millennium School,10,New Delhi,India,WhatsApp
REG-2026-01437,2026-06-11,2026,6,Jun,24,AI & Robotics Challenge,Student 2026_01437,Global Indian International School,9,Sharjah,India,Social Media
REG-2026-01062,2026-06-11,2026,6,Jun,24,Winter Painting Competition,Student 2026_01062,Amity International School,5,Sharjah,UAE,Partner School
REG-2026-00277,2026-06-11,2026,6,Jun,24,Student Speaker Competition,Student 2026_00277,Oakridge International School,12,Mumbai,UAE,Website
REG-2026-01965,2026-06-11,2026,6,Jun,24,AI & Robotics Challenge,Student 2026_01965,GEMS Modern Academy,8,Doha,UAE,WhatsApp
REG-2026-01084,2026-06-11,2026,6,Jun,24,Student Speaker Competition,Student 2026_01084,Bright Future Academy,4,New Delhi,UAE,Email Campaign
REG-2026-00935,2026-06-11,2026,6,Jun,24,International Science Olympiad,Student 2026_00935,The Indian High School,1,New Delhi,India,School Outreach
REG-2026-01976,2026-06-11,2026,6,Jun,24,International Science Olympiad,Student 2026_01976,Delhi International School,6,Doha,India,Partner School
REG-2026-00954,2026-06-11,2026,6,Jun,24,International Mathematics Olympiad,Student 2026_00954,The Indian High School,3,Gurugram,UAE,School Outreach
REG-2026-00113,2026-06-11,2026,6,Jun,24,International Coding Olympiad,Student 2026_00113,Gurukul Global School,10,Sharjah,UAE,Email Campaign
REG-2026-01653,2026-06-12,2026,6,Jun,24,International Coding Olympiad,Student 2026_01653,Amity International School,3,Mumbai,India,Website
REG-2026-00585,2026-06-12,2026,6,Jun,24,International Science Olympiad,Student 2026_00585,Sunrise Public School,2,Gurugram,India,WhatsApp
REG-2026-02037,2026-06-12,2026,6,Jun,24,International Coding Olympiad,Student 2026_02037,Delhi International School,12,New Delhi,India,WhatsApp
REG-2026-01880,2026-06-12,2026,6,Jun,24,International Coding Olympiad,Student 2026_01880,Oakridge International School,12,Abu Dhabi,UAE,Social Media
REG-2026-00101,2026-06-12,2026,6,Jun,24,International Coding Olympiad,Student 2026_00101,Greenwood International School,5,Mumbai,UAE,Social Media
REG-2026-02041,2026-06-12,2026,6,Jun,24,AI & Robotics Challenge,Student 2026_02041,Amity International School,6,Mumbai,UAE,WhatsApp
REG-2026-01764,2026-06-13,2026,6,Jun,24,Winter Painting Competition,Student 2026_01764,Sunrise Public School,2,Unknown,UAE,Email Campaign
REG-2026-00817,2026-06-13,2026,6,Jun,24,International Mathematics Olympiad,Student 2026_00817,GEMS Modern Academy,12,Doha,UAE,Website
REG-2026-01334,2026-06-13,2026,6,Jun,24,International Coding Olympiad,Student 2026_01334,Oakridge International School,6,Dubai,India,School Outreach
REG-2026-00788,2026-06-13,2026,6,Jun,24,International Science Olympiad,Student 2026_00788,The Indian High School,1,Gurugram,India,Unknown
REG-2026-00196,2026-06-13,2026,6,Jun,24,International Science Olympiad,Student 2026_00196,Greenwood International School,3,Doha,UAE,Social Media
REG-2026-00174,2026-06-13,2026,6,Jun,24,International Coding Olympiad,Student 2026_00174,Global Indian International School,7,Gurugram,UAE,Unknown
REG-2026-01181,2026-06-13,2026,6,Jun,24,International Coding Olympiad,Student 2026_01181,Gurukul Global School,4,Sharjah,India,Website
REG-2026-00079,2026-06-13,2026,6,Jun,24,Winter Painting Competition,Student 2026_00079,Delhi Public School,5,Gurugram,India,Email Campaign
REG-2026-01491,2026-06-13,2026,6,Jun,24,AI & Robotics Challenge,Student 2026_01491,Greenwood International School,1,Dubai,UAE,Email Campaign
REG-2026-00236,2026-06-13,2026,6,Jun,24,International Science Olympiad,Student 2026_00236,Sunrise Public School,8,Dubai,India,School Outreach
REG-2026-00757,2026-06-13,2026,6,Jun,24,Student Speaker Competition,Student 2026_00757,Global Indian International School,10,Gurugram,India,Social Media
REG-2026-00511,2026-06-14,2026,6,Jun,24,International Coding Olympiad,Student 2026_00511,Oakridge International School,7,Gurugram,UAE,Partner School
REG-2026-01553,2026-06-14,2026,6,Jun,24,Winter Painting Competition,Student 2026_01553,Sunrise Public School,9,New Delhi,UAE,Email Campaign
REG-2026-01866,2026-06-14,2026,6,Jun,24,International Mathematics Olympiad,Student 2026_01866,The Indian High School,2,Abu Dhabi,UAE,School Outreach
REG-2026-01766,2026-06-14,2026,6,Jun,24,AI & Robotics Challenge,Student 2026_01766,Amity International School,1,New Delhi,UAE,Partner School
REG-2026-00945,2026-06-14,2026,6,Jun,24,International Coding Olympiad,Student 2026_00945,Bright Future Academy,10,Sharjah,UAE,Partner School
REG-2026-01080,2026-06-14,2026,6,Jun,24,International Science Olympiad,Student 2026_01080,The Indian High School,3,Sharjah,India,Social Media
REG-2026-00532,2026-06-14,2026,6,Jun,24,International School Olympiad,Student 2026_00532,GEMS Modern Academy,8,Gurugram,UAE,Website
REG-2026-01025,2026-06-15,2026,6,Jun,25,AI & Robotics Challenge,Student 2026_01025,Amity International School,1,Sharjah,India,Social Media
REG-2026-01363,2026-06-15,2026,6,Jun,25,AI & Robotics Challenge,Student 2026_01363,Global Indian International School,5,Doha,India,Email Campaign
REG-2026-00050,2026-06-15,2026,6,Jun,25,International School Olympiad,Student 2026_00050,Amity International School,8,Dubai,India,WhatsApp
REG-2026-00241,2026-06-15,2026,6,Jun,25,Winter Painting Competition,Student 2026_00241,Delhi International School,10,Mumbai,India,Email Campaign
REG-2026-00058,2026-06-15,2026,6,Jun,25,International Science Olympiad,Student 2026_00058,Delhi Public School,10,New Delhi,UAE,School Outreach
REG-2026-01482,2026-06-15,2026,6,Jun,25,International Coding Olympiad,Student 2026_01482,Delhi International School,5,Mumbai,India,Social Media
REG-2026-00473,2026-06-15,2026,6,Jun,25,International Coding Olympiad,Student 2026_00473,GEMS Modern Academy,12,Bengaluru,UAE,School Outreach
REG-2026-01575,2026-06-15,2026,6,Jun,25,Student Speaker Competition,Student 2026_01575,Sunrise Public School,1,Doha,India,Social Media
REG-2026-02067,2026-06-15,2026,6,Jun,25,International Mathematics Olympiad,Student 2026_02067,The Millennium School,10,Dubai,UAE,Partner School
REG-2026-01381,2026-06-15,2026,6,Jun,25,International Coding Olympiad,Student 2026_01381,Oakridge International School,12,Bengaluru,UAE,WhatsApp
REG-2026-01904,2026-06-16,2026,6,Jun,25,International Science Olympiad,Student 2026_01904,Sunrise Public School,8,Sharjah,India,Social Media
REG-2026-00713,2026-06-16,2026,6,Jun,25,International Mathematics Olympiad,Student 2026_00713,Sunrise Public School,6,Gurugram,India,School Outreach
REG-2026-00451,2026-06-16,2026,6,Jun,25,International School Olympiad,Student 2026_00451,Delhi Public School,9,Abu Dhabi,India,Partner School
REG-2026-00878,2026-06-16,2026,6,Jun,25,International Science Olympiad,Student 2026_00878,Bright Future Academy,4,Mumbai,UAE,School Outreach
REG-2026-00384,2026-06-16,2026,6,Jun,25,AI & Robotics Challenge,Student 2026_00384,Delhi International School,1,New Delhi,India,School Outreach
REG-2026-00772,2026-06-16,2026,6,Jun,25,Student Speaker Competition,Student 2026_00772,Oakridge International School,5,Gurugram,India,WhatsApp
REG-2026-00254,2026-06-16,2026,6,Jun,25,International Mathematics Olympiad,Student 2026_00254,Delhi Public School,7,Bengaluru,Qatar,WhatsApp
REG-2026-00324,2026-06-16,2026,6,Jun,25,International Science Olympiad,Student 2026_00324,Greenwood International School,12,Doha,Qatar,Email Campaign
REG-2026-01069,2026-06-16,2026,6,Jun,25,International Science Olympiad,Student 2026_01069,Amity International School,5,Sharjah,India,Social Media
REG-2026-00435,2026-06-16,2026,6,Jun,25,International Science Olympiad,Student 2026_00435,Oakridge International School,4,Doha,India,WhatsApp
REG-2026-02016,2026-06-16,2026,6,Jun,25,International Science Olympiad,Student 2026_02016,The Indian High School,12,Dubai,UAE,Website
REG-2026-01599,2026-06-17,2026,6,Jun,25,AI & Robotics Challenge,Student 2026_01599,Sunrise Public School,3,Doha,India,School Outreach
REG-2026-00650,2026-06-17,2026,6,Jun,25,AI & Robotics Challenge,Student 2026_00650,Delhi International School,5,Gurugram,India,Social Media
REG-2026-01155,2026-06-17,2026,6,Jun,25,International Science Olympiad,Student 2026_01155,The Indian High School,2,Doha,India,Partner School
REG-2026-01102,2026-06-17,2026,6,Jun,25,International School Olympiad,Student 2026_01102,Delhi Public School,12,Dubai,UAE,Partner School
REG-2026-00155,2026-06-17,2026,6,Jun,25,Young Innovators Challenge,Student 2026_00155,Delhi International School,10,Gurugram,India,Partner School
REG-2026-00087,2026-06-17,2026,6,Jun,25,International Mathematics Olympiad,Student 2026_00087,Global Indian International School,9,Sharjah,UAE,Partner School
REG-2026-00538,2026-06-18,2026,6,Jun,25,International School Olympiad,Student 2026_00538,Sunrise Public School,5,Doha,UAE,Website
REG-2026-00717,2026-06-18,2026,6,Jun,25,Winter Painting Competition,Student 2026_00717,Delhi International School,12,Sharjah,UAE,Partner School
REG-2026-01688,2026-06-18,2026,6,Jun,25,International Mathematics Olympiad,Student 2026_01688,Global Indian International School,9,Gurugram,India,Social Media
REG-2026-01815,2026-06-18,2026,6,Jun,25,International School Olympiad,Student 2026_01815,The Millennium School,12,Doha,India,Email Campaign
REG-2026-00377,2026-06-18,2026,6,Jun,25,International Science Olympiad,Student 2026_00377,The Indian High School,10,Sharjah,India,School Outreach
REG-2026-00019,2026-06-18,2026,6,Jun,25,International Coding Olympiad,Student 2026_00019,GEMS Modern Academy,7,Doha,UAE,Email Campaign
REG-2026-00062,2026-06-18,2026,6,Jun,25,AI & Robotics Challenge,Student 2026_00062,GEMS Modern Academy,1,Doha,UAE,Email Campaign
REG-2026-01301,2026-06-18,2026,6,Jun,25,Student Speaker Competition,Student 2026_01301,Global Indian International School,5,Doha,UAE,School Outreach
REG-2026-01141,2026-06-18,2026,6,Jun,25,International Coding Olympiad,Student 2026_01141,Bright Future Academy,3,Gurugram,India,Social Media
REG-2026-00521,2026-06-18,2026,6,Jun,25,International Coding Olympiad,Student 2026_00521,Gurukul Global School,1,Sharjah,India,Social Media
REG-2026-01369,2026-06-18,2026,6,Jun,25,International Mathematics Olympiad,Student 2026_01369,Oakridge International School,12,New Delhi,India,Social Media
REG-2026-00442,2026-06-18,2026,6,Jun,25,Student Speaker Competition,Student 2026_00442,Bright Future Academy,12,New Delhi,UAE,School Outreach
REG-2026-01890,2026-06-18,2026,6,Jun,25,International School Olympiad,Student 2026_01890,Amity International School,6,Bengaluru,UAE,Partner School
REG-2026-01120,2026-06-18,2026,6,Jun,25,AI & Robotics Challenge,Student 2026_01120,Delhi International School,11,Dubai,UAE,School Outreach
REG-2026-01188,2026-06-19,2026,6,Jun,25,International Coding Olympiad,Student 2026_01188,Oakridge International School,2,Mumbai,India,WhatsApp
REG-2026-00348,2026-06-19,2026,6,Jun,25,International Mathematics Olympiad,Student 2026_00348,Bright Future Academy,4,Bengaluru,Qatar,WhatsApp
REG-2026-00721,2026-06-19,2026,6,Jun,25,International Coding Olympiad,Student 2026_00721,Sunrise Public School,1,Bengaluru,UAE,Partner School
REG-2026-01079,2026-06-19,2026,6,Jun,25,International Mathematics Olympiad,Student 2026_01079,Delhi International School,11,Mumbai,UAE,WhatsApp
REG-2026-01507,2026-06-19,2026,6,Jun,25,AI & Robotics Challenge,Student 2026_01507,Greenwood International School,8,Dubai,India,Partner School
REG-2026-01845,2026-06-19,2026,6,Jun,25,International Mathematics Olympiad,Student 2026_01845,Greenwood International School,6,Abu Dhabi,India,School Outreach
REG-2026-01033,2026-06-19,2026,6,Jun,25,International Mathematics Olympiad,Student 2026_01033,Global Indian International School,6,Dubai,India,School Outreach
REG-2026-00924,2026-06-19,2026,6,Jun,25,International Mathematics Olympiad,Student 2026_00924,The Indian High School,8,New Delhi,Qatar,Email Campaign
REG-2026-00140,2026-06-19,2026,6,Jun,25,International Mathematics Olympiad,Student 2026_00140,Global Indian International School,10,Abu Dhabi,UAE,Partner School
REG-2026-00103,2026-06-19,2026,6,Jun,25,International Coding Olympiad,Student 2026_00103,The Millennium School,6,Sharjah,UAE,Partner School
REG-2026-01686,2026-06-19,2026,6,Jun,25,AI & Robotics Challenge,Student 2026_01686,Amity International School,7,Doha,India,Partner School
REG-2026-01237,2026-06-19,2026,6,Jun,25,International Mathematics Olympiad,Student 2026_01237,Bright Future Academy,6,Mumbai,UAE,Website
REG-2026-00530,2026-06-20,2026,6,Jun,25,International School Olympiad,Student 2026_00530,Delhi Public School,7,Mumbai,India,Website
REG-2026-01368,2026-06-20,2026,6,Jun,25,International Science Olympiad,Student 2026_01368,Amity International School,6,Sharjah,India,School Outreach
REG-2026-01405,2026-06-20,2026,6,Jun,25,AI & Robotics Challenge,Student 2026_01405,Gurukul Global School,3,Bengaluru,UAE,Email Campaign
REG-2026-01498,2026-06-21,2026,6,Jun,25,International Science Olympiad,Student 2026_01498,Greenwood International School,3,Gurugram,India,Email Campaign
REG-2026-00828,2026-06-21,2026,6,Jun,25,Student Speaker Competition,Student 2026_00828,Bright Future Academy,7,Unknown,UAE,Partner School
REG-2026-00666,2026-06-21,2026,6,Jun,25,AI & Robotics Challenge,Student 2026_00666,Global Indian International School,9,Sharjah,UAE,Social Media
REG-2026-01225,2026-06-21,2026,6,Jun,25,International School Olympiad,Student 2026_01225,Oakridge International School,3,Abu Dhabi,UAE,Website
REG-2026-00800,2026-06-21,2026,6,Jun,25,International School Olympiad,Student 2026_00800,Delhi Public School,3,Dubai,UAE,Website
REG-2026-00969,2026-06-21,2026,6,Jun,25,Student Speaker Competition,Student 2026_00969,Bright Future Academy,10,Bengaluru,India,Partner School
REG-2026-01548,2026-06-21,2026,6,Jun,25,International Science Olympiad,Student 2026_01548,Sunrise Public School,11,Mumbai,India,Email Campaign
REG-2026-00245,2026-06-21,2026,6,Jun,25,Young Innovators Challenge,Student 2026_00245,Gurukul Global School,2,Dubai,UAE,Partner School
REG-2026-01276,2026-06-21,2026,6,Jun,25,International Science Olympiad,Student 2026_01276,Delhi Public School,5,Abu Dhabi,UAE,Partner School
REG-2026-00361,2026-06-21,2026,6,Jun,25,International Coding Olympiad,Student 2026_00361,Delhi Public School,2,Doha,India,WhatsApp
REG-2026-00498,2026-06-21,2026,6,Jun,25,AI & Robotics Challenge,Student 2026_00498,Gurukul Global School,7,Doha,UAE,School Outreach
REG-2026-01012,2026-06-21,2026,6,Jun,25,International Science Olympiad,Student 2026_01012,Amity International School,11,Doha,India,School Outreach
REG-2026-01534,2026-06-21,2026,6,Jun,25,International Coding Olympiad,Student 2026_01534,Bright Future Academy,9,Gurugram,UAE,School Outreach
REG-2026-01933,2026-06-21,2026,6,Jun,25,Student Speaker Competition,Student 2026_01933,Delhi International School,8,Abu Dhabi,India,Partner School
REG-2026-00559,2026-06-22,2026,6,Jun,26,AI & Robotics Challenge,Student 2026_00559,Delhi Public School,1,Doha,UAE,Website
REG-2026-00434,2026-06-22,2026,6,Jun,26,International Mathematics Olympiad,Student 2026_00434,Amity International School,8,Mumbai,India,Website
REG-2026-01633,2026-06-22,2026,6,Jun,26,Winter Painting Competition,Student 2026_01633,The Millennium School,6,Doha,India,Partner School
REG-2026-00067,2026-06-22,2026,6,Jun,26,Student Speaker Competition,Student 2026_00067,Delhi Public School,3,New Delhi,India,Email Campaign
REG-2026-00331,2026-06-22,2026,6,Jun,26,International School Olympiad,Student 2026_00331,Delhi International School,5,Dubai,UAE,Email Campaign
REG-2026-00218,2026-06-22,2026,6,Jun,26,International Mathematics Olympiad,Student 2026_00218,Bright Future Academy,9,Bengaluru,UAE,WhatsApp
REG-2026-01333,2026-06-22,2026,6,Jun,26,Student Speaker Competition,Student 2026_01333,Gurukul Global School,4,Sharjah,India,Social Media
REG-2026-01278,2026-06-23,2026,6,Jun,26,International Mathematics Olympiad,Student 2026_01278,Gurukul Global School,2,New Delhi,India,Partner School
REG-2026-01461,2026-06-23,2026,6,Jun,26,Student Speaker Competition,Student 2026_01461,Bright Future Academy,2,Sharjah,UAE,School Outreach
REG-2026-01936,2026-06-23,2026,6,Jun,26,Student Speaker Competition,Student 2026_01936,The Indian High School,1,Sharjah,India,School Outreach
REG-2026-01050,2026-06-23,2026,6,Jun,26,International Science Olympiad,Student 2026_01050,Delhi Public School,1,Gurugram,India,School Outreach
REG-2026-01836,2026-06-23,2026,6,Jun,26,International Mathematics Olympiad,Student 2026_01836,The Indian High School,6,Gurugram,India,Partner School
REG-2026-01496,2026-06-23,2026,6,Jun,26,Student Speaker Competition,Student 2026_01496,Bright Future Academy,11,Doha,Qatar,Partner School
REG-2026-00432,2026-06-23,2026,6,Jun,26,International Mathematics Olympiad,Student 2026_00432,The Millennium School,2,Bengaluru,UAE,Email Campaign
REG-2026-01453,2026-06-23,2026,6,Jun,26,International School Olympiad,Student 2026_01453,Gurukul Global School,8,Bengaluru,UAE,School Outreach
REG-2026-00031,2026-06-23,2026,6,Jun,26,AI & Robotics Challenge,Student 2026_00031,Gurukul Global School,3,Doha,UAE,WhatsApp
REG-2026-01966,2026-06-23,2026,6,Jun,26,International Coding Olympiad,Student 2026_01966,Bright Future Academy,7,Dubai,UAE,School Outreach
REG-2026-01353,2026-06-23,2026,6,Jun,26,Young Innovators Challenge,Student 2026_01353,Global Indian International School,2,Doha,UAE,Social Media
REG-2026-01220,2026-06-23,2026,6,Jun,26,Winter Painting Competition,Student 2026_01220,Amity International School,12,Bengaluru,India,WhatsApp
REG-2026-01837,2026-06-24,2026,6,Jun,26,Student Speaker Competition,Student 2026_01837,Bright Future Academy,3,Gurugram,UAE,Email Campaign
REG-2026-01762,2026-06-24,2026,6,Jun,26,Student Speaker Competition,Student 2026_01762,The Indian High School,4,Doha,India,Partner School
REG-2026-01753,2026-06-24,2026,6,Jun,26,Student Speaker Competition,Student 2026_01753,The Millennium School,1,Mumbai,UAE,Social Media
REG-2026-01370,2026-06-24,2026,6,Jun,26,International Coding Olympiad,Student 2026_01370,Global Indian International School,4,Bengaluru,UAE,Email Campaign
REG-2026-01298,2026-06-24,2026,6,Jun,26,Young Innovators Challenge,Student 2026_01298,The Millennium School,6,Bengaluru,India,WhatsApp
REG-2026-00850,2026-06-24,2026,6,Jun,26,AI & Robotics Challenge,Student 2026_00850,The Indian High School,7,Abu Dhabi,India,School Outreach
REG-2026-01954,2026-06-24,2026,6,Jun,26,International Coding Olympiad,Student 2026_01954,Delhi Public School,9,Mumbai,UAE,Email Campaign
REG-2026-00314,2026-06-24,2026,6,Jun,26,AI & Robotics Challenge,Student 2026_00314,The Millennium School,4,Sharjah,India,Partner School
REG-2026-01604,2026-06-25,2026,6,Jun,26,Young Innovators Challenge,Student 2026_01604,GEMS Modern Academy,2,Dubai,UAE,Social Media
REG-2026-01959,2026-06-25,2026,6,Jun,26,Young Innovators Challenge,Student 2026_01959,Delhi International School,11,Doha,Qatar,Social Media
REG-2026-01365,2026-06-25,2026,6,Jun,26,International Mathematics Olympiad,Student 2026_01365,Sunrise Public School,1,Dubai,India,Website
REG-2026-01440,2026-06-25,2026,6,Jun,26,International Coding Olympiad,Student 2026_01440,GEMS Modern Academy,5,Doha,Qatar,WhatsApp
REG-2026-02042,2026-06-25,2026,6,Jun,26,International Coding Olympiad,Student 2026_02042,Delhi Public School,5,Sharjah,UAE,Website
REG-2026-00763,2026-06-25,2026,6,Jun,26,Student Speaker Competition,Student 2026_00763,Greenwood International School,5,Bengaluru,UAE,Partner School
REG-2026-01545,2026-06-25,2026,6,Jun,26,AI & Robotics Challenge,Student 2026_01545,Amity International School,12,Bengaluru,UAE,Partner School
REG-2026-01352,2026-06-26,2026,6,Jun,26,International Science Olympiad,Student 2026_01352,Bright Future Academy,3,Doha,UAE,School Outreach
REG-2026-00035,2026-06-26,2026,6,Jun,26,International School Olympiad,Student 2026_00035,Amity International School,4,Doha,UAE,WhatsApp
REG-2026-00469,2026-06-26,2026,6,Jun,26,International Coding Olympiad,Student 2026_00469,GEMS Modern Academy,8,New Delhi,Qatar,Website
REG-2026-01591,2026-06-26,2026,6,Jun,26,International Mathematics Olympiad,Student 2026_01591,Bright Future Academy,1,Dubai,UAE,Website
REG-2026-00147,2026-06-26,2026,6,Jun,26,International Coding Olympiad,Student 2026_00147,Amity International School,8,Abu Dhabi,UAE,School Outreach
REG-2026-00760,2026-06-26,2026,6,Jun,26,Student Speaker Competition,Student 2026_00760,The Millennium School,10,Gurugram,UAE,Email Campaign
REG-2026-00914,2026-06-26,2026,6,Jun,26,Winter Painting Competition,Student 2026_00914,Gurukul Global School,5,Doha,UAE,Email Campaign
REG-2026-01434,2026-06-27,2026,6,Jun,26,Student Speaker Competition,Student 2026_01434,Oakridge International School,4,Gurugram,UAE,Social Media
REG-2026-00990,2026-06-27,2026,6,Jun,26,International School Olympiad,Student 2026_00990,The Indian High School,2,Dubai,India,Website
REG-2026-01213,2026-06-27,2026,6,Jun,26,International Mathematics Olympiad,Student 2026_01213,Oakridge International School,6,Gurugram,India,Email Campaign
REG-2026-01246,2026-06-27,2026,6,Jun,26,International Mathematics Olympiad,Student 2026_01246,Bright Future Academy,1,Dubai,UAE,School Outreach
REG-2026-01589,2026-06-27,2026,6,Jun,26,International Science Olympiad,Student 2026_01589,GEMS Modern Academy,3,Bengaluru,UAE,School Outreach
REG-2026-01622,2026-06-27,2026,6,Jun,26,International Mathematics Olympiad,Student 2026_01622,Global Indian International School,11,Gurugram,UAE,Website
REG-2026-00156,2026-06-27,2026,6,Jun,26,Winter Painting Competition,Student 2026_00156,Greenwood International School,9,Gurugram,UAE,WhatsApp
REG-2026-01358,2026-06-27,2026,6,Jun,26,AI & Robotics Challenge,Student 2026_01358,Bright Future Academy,9,Sharjah,India,WhatsApp
REG-2026-01315,2026-06-27,2026,6,Jun,26,International Mathematics Olympiad,Student 2026_01315,The Millennium School,4,Sharjah,India,Partner School
REG-2026-00606,2026-06-27,2026,6,Jun,26,International School Olympiad,Student 2026_00606,Delhi International School,6,Gurugram,India,School Outreach
REG-2026-00903,2026-06-27,2026,6,Jun,26,International Mathematics Olympiad,Student 2026_00903,Amity International School,2,Mumbai,India,Website
REG-2026-00872,2026-06-27,2026,6,Jun,26,International Coding Olympiad,Student 2026_00872,GEMS Modern Academy,3,Mumbai,UAE,Email Campaign
REG-2026-00928,2026-06-27,2026,6,Jun,26,Winter Painting Competition,Student 2026_00928,The Indian High School,7,Sharjah,UAE,Website
REG-2026-00326,2026-06-27,2026,6,Jun,26,AI & Robotics Challenge,Student 2026_00326,Greenwood International School,12,Gurugram,UAE,Email Campaign
REG-2026-01973,2026-06-27,2026,6,Jun,26,International Coding Olympiad,Student 2026_01973,GEMS Modern Academy,5,Doha,Qatar,Website
REG-2026-00934,2026-06-27,2026,6,Jun,26,International Mathematics Olympiad,Student 2026_00934,Unknown School,5,Bengaluru,UAE,Email Campaign
REG-2026-00601,2026-06-27,2026,6,Jun,26,International Mathematics Olympiad,Student 2026_00601,Gurukul Global School,5,Gurugram,UAE,School Outreach
REG-2026-01741,2026-06-27,2026,6,Jun,26,International School Olympiad,Student 2026_01741,GEMS Modern Academy,11,Unknown,India,Email Campaign
REG-2026-01607,2026-06-28,2026,6,Jun,26,International Science Olympiad,Student 2026_01607,Delhi International School,2,Bengaluru,Qatar,Email Campaign
REG-2026-00199,2026-06-28,2026,6,Jun,26,International Mathematics Olympiad,Student 2026_00199,Oakridge International School,12,Gurugram,India,Social Media
REG-2026-00463,2026-06-28,2026,6,Jun,26,International Science Olympiad,Student 2026_00463,Delhi International School,5,Bengaluru,India,School Outreach
REG-2026-00466,2026-06-28,2026,6,Jun,26,International Science Olympiad,Student 2026_00466,Global Indian International School,10,Mumbai,UAE,Partner School
REG-2026-01306,2026-06-28,2026,6,Jun,26,International Science Olympiad,Student 2026_01306,Gurukul Global School,7,New Delhi,India,Social Media
REG-2026-00188,2026-06-28,2026,6,Jun,26,AI & Robotics Challenge,Student 2026_00188,Sunrise Public School,11,New Delhi,India,Social Media
REG-2026-00517,2026-06-28,2026,6,Jun,26,Winter Painting Competition,Student 2026_00517,Gurukul Global School,7,Sharjah,UAE,Social Media
REG-2026-00917,2026-06-29,2026,6,Jun,27,Young Innovators Challenge,Student 2026_00917,Delhi Public School,6,Mumbai,India,Email Campaign
REG-2026-01902,2026-06-29,2026,6,Jun,27,International Mathematics Olympiad,Student 2026_01902,Unknown School,7,Sharjah,India,WhatsApp
REG-2026-01915,2026-06-29,2026,6,Jun,27,AI & Robotics Challenge,Student 2026_01915,Amity International School,10,Sharjah,Qatar,Website
REG-2026-00972,2026-06-29,2026,6,Jun,27,International School Olympiad,Student 2026_00972,Delhi Public School,12,Bengaluru,UAE,WhatsApp
REG-2026-01903,2026-06-29,2026,6,Jun,27,AI & Robotics Challenge,Student 2026_01903,GEMS Modern Academy,11,Abu Dhabi,UAE,Email Campaign
REG-2026-01457,2026-06-30,2026,6,Jun,27,International Science Olympiad,Student 2026_01457,Gurukul Global School,2,New Delhi,UAE,School Outreach
REG-2026-00692,2026-06-30,2026,6,Jun,27,International Mathematics Olympiad,Student 2026_00692,Greenwood International School,10,Dubai,India,School Outreach
REG-2026-00065,2026-06-30,2026,6,Jun,27,Winter Painting Competition,Student 2026_00065,GEMS Modern Academy,7,Bengaluru,UAE,Partner School
REG-2026-00590,2026-06-30,2026,6,Jun,27,International Mathematics Olympiad,Student 2026_00590,Amity International School,1,Gurugram,India,Email Campaign
REG-2026-01901,2026-06-30,2026,6,Jun,27,International Mathematics Olympiad,Student 2026_01901,Oakridge International School,10,Abu Dhabi,UAE,Partner School
REG-2026-01740,2026-06-30,2026,6,Jun,27,International School Olympiad,Student 2026_01740,Greenwood International School,8,Doha,India,School Outreach
REG-2026-00957,2026-06-30,2026,6,Jun,27,International Coding Olympiad,Student 2026_00957,Bright Future Academy,10,Sharjah,UAE,WhatsApp
REG-2026-00040,2026-07-01,2026,7,Jul,27,International Coding Olympiad,Student 2026_00040,Oakridge International School,6,Dubai,India,Website
REG-2026-01409,2026-07-01,2026,7,Jul,27,International Mathematics Olympiad,Student 2026_01409,The Indian High School,1,Sharjah,UAE,Website
REG-2026-00942,2026-07-01,2026,7,Jul,27,International Mathematics Olympiad,Student 2026_00942,Bright Future Academy,3,Doha,India,WhatsApp
REG-2026-01723,2026-07-01,2026,7,Jul,27,International Coding Olympiad,Student 2026_01723,Oakridge International School,8,Sharjah,India,WhatsApp
REG-2026-00407,2026-07-01,2026,7,Jul,27,International Science Olympiad,Student 2026_00407,Oakridge International School,9,Bengaluru,India,Website
REG-2026-00227,2026-07-01,2026,7,Jul,27,AI & Robotics Challenge,Student 2026_00227,Gurukul Global School,5,Dubai,UAE,Website
REG-2026-01109,2026-07-01,2026,7,Jul,27,International Coding Olympiad,Student 2026_01109,Sunrise Public School,11,Gurugram,India,Social Media
REG-2026-01210,2026-07-01,2026,7,Jul,27,Winter Painting Competition,Student 2026_01210,Sunrise Public School,10,Bengaluru,India,Partner School
REG-2026-01004,2026-07-01,2026,7,Jul,27,International Coding Olympiad,Student 2026_01004,GEMS Modern Academy,4,Gurugram,UAE,Social Media
REG-2026-01667,2026-07-02,2026,7,Jul,27,International School Olympiad,Student 2026_01667,Delhi International School,7,Mumbai,Qatar,WhatsApp
REG-2026-01696,2026-07-02,2026,7,Jul,27,International Mathematics Olympiad,Student 2026_01696,Greenwood International School,1,Doha,India,WhatsApp
REG-2026-01551,2026-07-02,2026,7,Jul,27,International Science Olympiad,Student 2026_01551,Amity International School,4,Doha,India,Email Campaign
REG-2026-01448,2026-07-02,2026,7,Jul,27,Student Speaker Competition,Student 2026_01448,The Millennium School,3,New Delhi,Qatar,Social Media
REG-2026-01754,2026-07-02,2026,7,Jul,27,Winter Painting Competition,Student 2026_01754,Oakridge International School,10,Gurugram,Qatar,Social Media
REG-2026-00082,2026-07-02,2026,7,Jul,27,Young Innovators Challenge,Student 2026_00082,Amity International School,12,Sharjah,UAE,School Outreach
REG-2026-00909,2026-07-02,2026,7,Jul,27,International Mathematics Olympiad,Student 2026_00909,Sunrise Public School,2,Abu Dhabi,India,Social Media
REG-2026-01376,2026-07-02,2026,7,Jul,27,Young Innovators Challenge,Student 2026_01376,Amity International School,4,Doha,India,WhatsApp
REG-2026-00383,2026-07-02,2026,7,Jul,27,Young Innovators Challenge,Student 2026_00383,Delhi Public School,1,New Delhi,UAE,Partner School
REG-2026-00603,2026-07-02,2026,7,Jul,27,International Coding Olympiad,Student 2026_00603,Global Indian International School,7,Bengaluru,India,Website
REG-2026-00580,2026-07-03,2026,7,Jul,27,International Science Olympiad,Student 2026_00580,Oakridge International School,7,Abu Dhabi,India,School Outreach
REG-2026-00315,2026-07-03,2026,7,Jul,27,International Coding Olympiad,Student 2026_00315,Gurukul Global School,10,Doha,UAE,School Outreach
REG-2026-01219,2026-07-03,2026,7,Jul,27,International School Olympiad,Student 2026_01219,Bright Future Academy,12,Doha,India,Website
REG-2026-01176,2026-07-03,2026,7,Jul,27,International Coding Olympiad,Student 2026_01176,Greenwood International School,9,New Delhi,UAE,Social Media
REG-2026-01221,2026-07-03,2026,7,Jul,27,Student Speaker Competition,Student 2026_01221,Amity International School,9,Sharjah,India,Website
REG-2026-01684,2026-07-03,2026,7,Jul,27,AI & Robotics Challenge,Student 2026_01684,Sunrise Public School,7,Dubai,UAE,Email Campaign
REG-2026-00430,2026-07-04,2026,7,Jul,27,AI & Robotics Challenge,Student 2026_00430,Delhi Public School,4,Bengaluru,Qatar,Unknown
REG-2026-00690,2026-07-04,2026,7,Jul,27,International School Olympiad,Student 2026_00690,Delhi Public School,3,Doha,India,Email Campaign
REG-2026-00160,2026-07-04,2026,7,Jul,27,International School Olympiad,Student 2026_00160,The Millennium School,6,Mumbai,UAE,Partner School
REG-2026-01373,2026-07-04,2026,7,Jul,27,International School Olympiad,Student 2026_01373,Amity International School,4,Dubai,India,School Outreach
REG-2026-02002,2026-07-04,2026,7,Jul,27,International School Olympiad,Student 2026_02002,The Millennium School,6,Abu Dhabi,India,Website
REG-2026-01083,2026-07-04,2026,7,Jul,27,Student Speaker Competition,Student 2026_01083,Sunrise Public School,2,Sharjah,India,Social Media
REG-2026-01330,2026-07-04,2026,7,Jul,27,Young Innovators Challenge,Student 2026_01330,Sunrise Public School,9,Gurugram,India,Website
REG-2026-00243,2026-07-05,2026,7,Jul,27,Student Speaker Competition,Student 2026_00243,Sunrise Public School,2,Dubai,India,Website
REG-2026-01749,2026-07-05,2026,7,Jul,27,Student Speaker Competition,Student 2026_01749,Sunrise Public School,4,Abu Dhabi,UAE,WhatsApp
REG-2026-00780,2026-07-05,2026,7,Jul,27,International Coding Olympiad,Student 2026_00780,Sunrise Public School,4,Doha,India,WhatsApp
REG-2026-00372,2026-07-05,2026,7,Jul,27,International Science Olympiad,Student 2026_00372,Sunrise Public School,2,Bengaluru,Qatar,Social Media
REG-2026-01341,2026-07-05,2026,7,Jul,27,AI & Robotics Challenge,Student 2026_01341,Bright Future Academy,2,Dubai,UAE,School Outreach
REG-2026-01254,2026-07-05,2026,7,Jul,27,International Coding Olympiad,Student 2026_01254,Delhi International School,3,Doha,India,Partner School
REG-2026-00480,2026-07-05,2026,7,Jul,27,International Coding Olympiad,Student 2026_00480,The Indian High School,2,Abu Dhabi,UAE,Partner School
REG-2026-01709,2026-07-05,2026,7,Jul,27,International Coding Olympiad,Student 2026_01709,Global Indian International School,5,Abu Dhabi,Qatar,WhatsApp
REG-2026-00564,2026-07-05,2026,7,Jul,27,International School Olympiad,Student 2026_00564,Oakridge International School,6,Doha,UAE,Social Media
REG-2026-00602,2026-07-06,2026,7,Jul,28,International Coding Olympiad,Student 2026_00602,Sunrise Public School,7,Mumbai,India,Email Campaign
REG-2026-01923,2026-07-06,2026,7,Jul,28,Student Speaker Competition,Student 2026_01923,Delhi Public School,6,Gurugram,UAE,Social Media
REG-2026-00423,2026-07-06,2026,7,Jul,28,International Science Olympiad,Student 2026_00423,Delhi Public School,12,Doha,India,WhatsApp
REG-2026-01823,2026-07-06,2026,7,Jul,28,AI & Robotics Challenge,Student 2026_01823,Bright Future Academy,8,Bengaluru,UAE,WhatsApp
REG-2026-01177,2026-07-06,2026,7,Jul,28,Winter Painting Competition,Student 2026_01177,The Indian High School,6,Abu Dhabi,UAE,Website
REG-2026-01337,2026-07-06,2026,7,Jul,28,International Science Olympiad,Student 2026_01337,Bright Future Academy,6,Gurugram,UAE,Partner School
REG-2026-00257,2026-07-06,2026,7,Jul,28,International Coding Olympiad,Student 2026_00257,Sunrise Public School,1,Sharjah,India,Social Media
REG-2026-01502,2026-07-06,2026,7,Jul,28,Student Speaker Competition,Student 2026_01502,Delhi Public School,12,New Delhi,India,Partner School
REG-2026-00633,2026-07-06,2026,7,Jul,28,Student Speaker Competition,Student 2026_00633,Sunrise Public School,8,Dubai,UAE,Email Campaign
REG-2026-00724,2026-07-06,2026,7,Jul,28,Winter Painting Competition,Student 2026_00724,GEMS Modern Academy,5,Sharjah,UAE,Partner School
REG-2026-00741,2026-07-06,2026,7,Jul,28,International Coding Olympiad,Student 2026_00741,The Millennium School,2,New Delhi,Qatar,Email Campaign
REG-2026-00818,2026-07-07,2026,7,Jul,28,AI & Robotics Challenge,Student 2026_00818,Sunrise Public School,6,Dubai,India,Website
REG-2026-01399,2026-07-07,2026,7,Jul,28,International School Olympiad,Student 2026_01399,Gurukul Global School,8,Abu Dhabi,India,Email Campaign
REG-2026-00636,2026-07-07,2026,7,Jul,28,International Science Olympiad,Student 2026_00636,GEMS Modern Academy,8,Sharjah,India,Social Media
REG-2026-01956,2026-07-07,2026,7,Jul,28,International Coding Olympiad,Student 2026_01956,Bright Future Academy,8,Gurugram,India,WhatsApp
REG-2026-00589,2026-07-07,2026,7,Jul,28,Student Speaker Competition,Student 2026_00589,Oakridge International School,2,New Delhi,India,Partner School
REG-2026-01944,2026-07-07,2026,7,Jul,28,International Science Olympiad,Student 2026_01944,Delhi International School,5,Dubai,UAE,WhatsApp
REG-2026-01999,2026-07-07,2026,7,Jul,28,Young Innovators Challenge,Student 2026_01999,GEMS Modern Academy,5,Gurugram,India,School Outreach
REG-2026-01417,2026-07-07,2026,7,Jul,28,International School Olympiad,Student 2026_01417,The Indian High School,7,Abu Dhabi,India,Email Campaign
REG-2026-01619,2026-07-07,2026,7,Jul,28,International Mathematics Olympiad,Student 2026_01619,Oakridge International School,6,Abu Dhabi,India,Website
REG-2026-01046,2026-07-07,2026,7,Jul,28,International Mathematics Olympiad,Student 2026_01046,Amity International School,9,Sharjah,UAE,Website
REG-2026-01137,2026-07-07,2026,7,Jul,28,International Coding Olympiad,Student 2026_01137,Global Indian International School,8,Doha,UAE,Partner School
REG-2026-01835,2026-07-07,2026,7,Jul,28,Young Innovators Challenge,Student 2026_01835,Global Indian International School,5,Abu Dhabi,India,Social Media
REG-2026-01389,2026-07-08,2026,7,Jul,28,AI & Robotics Challenge,Student 2026_01389,GEMS Modern Academy,5,New Delhi,UAE,Email Campaign
REG-2026-00143,2026-07-08,2026,7,Jul,28,International Science Olympiad,Student 2026_00143,The Millennium School,11,Bengaluru,UAE,Partner School
REG-2026-00785,2026-07-08,2026,7,Jul,28,International Mathematics Olympiad,Student 2026_00785,Delhi Public School,12,Bengaluru,UAE,Social Media
REG-2026-02150,2026-07-08,2026,7,Jul,28,International Mathematics Olympiad,Student 2026_02150,GEMS Modern Academy,7,Gurugram,India,Website
REG-2026-00355,2026-07-08,2026,7,Jul,28,International Coding Olympiad,Student 2026_00355,Amity International School,11,Mumbai,India,School Outreach
REG-2026-02046,2026-07-08,2026,7,Jul,28,International School Olympiad,Student 2026_02046,Gurukul Global School,5,Dubai,India,Email Campaign
REG-2026-01232,2026-07-08,2026,7,Jul,28,Student Speaker Competition,Student 2026_01232,Delhi International School,4,Sharjah,India,Website
REG-2026-01009,2026-07-08,2026,7,Jul,28,Student Speaker Competition,Student 2026_01009,Gurukul Global School,3,Gurugram,UAE,WhatsApp
REG-2026-01450,2026-07-09,2026,7,Jul,28,International Coding Olympiad,Student 2026_01450,Delhi Public School,2,Gurugram,India,Website
REG-2026-01651,2026-07-09,2026,7,Jul,28,International School Olympiad,Student 2026_01651,Global Indian International School,2,Mumbai,India,Social Media
REG-2026-00652,2026-07-10,2026,7,Jul,28,Winter Painting Competition,Student 2026_00652,Delhi Public School,12,New Delhi,UAE,WhatsApp
REG-2026-00843,2026-07-10,2026,7,Jul,28,International School Olympiad,Student 2026_00843,Delhi Public School,12,New Delhi,UAE,Social Media
REG-2026-00017,2026-07-10,2026,7,Jul,28,International Coding Olympiad,Student 2026_00017,Delhi Public School,7,Gurugram,UAE,Social Media
REG-2026-01432,2026-07-10,2026,7,Jul,28,International Coding Olympiad,Student 2026_01432,Greenwood International School,12,Doha,UAE,WhatsApp
REG-2026-00974,2026-07-10,2026,7,Jul,28,Winter Painting Competition,Student 2026_00974,Sunrise Public School,11,Dubai,Qatar,Partner School
REG-2026-00051,2026-07-10,2026,7,Jul,28,AI & Robotics Challenge,Student 2026_00051,Sunrise Public School,1,Bengaluru,Qatar,WhatsApp
REG-2026-00258,2026-07-11,2026,7,Jul,28,Student Speaker Competition,Student 2026_00258,Global Indian International School,8,Bengaluru,UAE,WhatsApp
REG-2026-00964,2026-07-11,2026,7,Jul,28,Student Speaker Competition,Student 2026_00964,Delhi Public School,2,Unknown,UAE,WhatsApp
REG-2026-01122,2026-07-11,2026,7,Jul,28,International Science Olympiad,Student 2026_01122,Amity International School,10,Abu Dhabi,UAE,Email Campaign
REG-2026-00805,2026-07-11,2026,7,Jul,28,Winter Painting Competition,Student 2026_00805,Bright Future Academy,2,Doha,UAE,Website
REG-2026-00402,2026-07-11,2026,7,Jul,28,Winter Painting Competition,Student 2026_00402,Sunrise Public School,6,Unknown,India,School Outreach
REG-2026-01015,2026-07-11,2026,7,Jul,28,International Coding Olympiad,Student 2026_01015,Global Indian International School,6,Mumbai,Qatar,Website
REG-2026-00246,2026-07-11,2026,7,Jul,28,International Coding Olympiad,Student 2026_00246,Amity International School,4,Gurugram,UAE,Partner School
REG-2026-00587,2026-07-11,2026,7,Jul,28,International Coding Olympiad,Student 2026_00587,Oakridge International School,3,Abu Dhabi,UAE,Social Media
REG-2026-00523,2026-07-11,2026,7,Jul,28,International Coding Olympiad,Student 2026_00523,Oakridge International School,8,Abu Dhabi,Qatar,School Outreach
REG-2026-00625,2026-07-12,2026,7,Jul,28,Young Innovators Challenge,Student 2026_00625,Gurukul Global School,6,Dubai,India,WhatsApp
REG-2026-02000,2026-07-12,2026,7,Jul,28,International Coding Olympiad,Student 2026_02000,Delhi International School,10,Mumbai,UAE,Social Media
REG-2026-00167,2026-07-12,2026,7,Jul,28,AI & Robotics Challenge,Student 2026_00167,The Indian High School,8,Gurugram,Qatar,Social Media
REG-2026-00648,2026-07-12,2026,7,Jul,28,International School Olympiad,Student 2026_00648,Bright Future Academy,2,Doha,UAE,Partner School
REG-2026-00851,2026-07-12,2026,7,Jul,28,International Science Olympiad,Student 2026_00851,Oakridge International School,6,Doha,India,Partner School
REG-2026-01675,2026-07-12,2026,7,Jul,28,International Science Olympiad,Student 2026_01675,Amity International School,4,Dubai,UAE,WhatsApp
REG-2026-01767,2026-07-12,2026,7,Jul,28,International Coding Olympiad,Student 2026_01767,Delhi Public School,11,Abu Dhabi,UAE,Email Campaign
REG-2026-01720,2026-07-12,2026,7,Jul,28,Winter Painting Competition,Student 2026_01720,Global Indian International School,2,Sharjah,Qatar,Website
REG-2026-00628,2026-07-13,2026,7,Jul,29,Winter Painting Competition,Student 2026_00628,The Millennium School,12,Abu Dhabi,UAE,WhatsApp
REG-2026-00055,2026-07-13,2026,7,Jul,29,International Coding Olympiad,Student 2026_00055,Delhi Public School,10,New Delhi,UAE,Social Media
REG-2026-01291,2026-07-13,2026,7,Jul,29,Young Innovators Challenge,Student 2026_01291,Delhi International School,1,Dubai,UAE,WhatsApp
REG-2026-01092,2026-07-13,2026,7,Jul,29,Young Innovators Challenge,Student 2026_01092,Greenwood International School,12,Unknown,India,Email Campaign
REG-2026-00912,2026-07-13,2026,7,Jul,29,International Coding Olympiad,Student 2026_00912,Oakridge International School,12,Bengaluru,India,School Outreach
REG-2026-01773,2026-07-13,2026,7,Jul,29,International Mathematics Olympiad,Student 2026_01773,The Indian High School,4,Dubai,UAE,Website
REG-2026-01763,2026-07-14,2026,7,Jul,29,Student Speaker Competition,Student 2026_01763,Sunrise Public School,2,Bengaluru,India,Social Media
REG-2026-01346,2026-07-14,2026,7,Jul,29,AI & Robotics Challenge,Student 2026_01346,Gurukul Global School,8,Bengaluru,India,Social Media
REG-2026-00525,2026-07-14,2026,7,Jul,29,Young Innovators Challenge,Student 2026_00525,Gurukul Global School,7,Bengaluru,India,School Outreach
REG-2026-00720,2026-07-14,2026,7,Jul,29,AI & Robotics Challenge,Student 2026_00720,The Indian High School,10,Sharjah,India,School Outreach
REG-2026-00836,2026-07-14,2026,7,Jul,29,International School Olympiad,Student 2026_00836,Gurukul Global School,12,New Delhi,India,Unknown
REG-2026-01558,2026-07-14,2026,7,Jul,29,International School Olympiad,Student 2026_01558,The Indian High School,12,Sharjah,India,School Outreach
REG-2026-00043,2026-07-15,2026,7,Jul,29,Student Speaker Competition,Student 2026_00043,GEMS Modern Academy,4,Abu Dhabi,India,WhatsApp
REG-2026-01584,2026-07-15,2026,7,Jul,29,International Science Olympiad,Student 2026_01584,GEMS Modern Academy,12,Gurugram,Qatar,Email Campaign
REG-2026-00433,2026-07-15,2026,7,Jul,29,AI & Robotics Challenge,Student 2026_00433,Oakridge International School,10,Dubai,India,Email Campaign
REG-2026-00192,2026-07-15,2026,7,Jul,29,AI & Robotics Challenge,Student 2026_00192,The Millennium School,4,New Delhi,India,Partner School
REG-2026-01674,2026-07-15,2026,7,Jul,29,Winter Painting Competition,Student 2026_01674,The Indian High School,5,Sharjah,India,Partner School
REG-2026-00194,2026-07-15,2026,7,Jul,29,International Coding Olympiad,Student 2026_00194,Oakridge International School,4,Gurugram,India,Social Media
REG-2026-00567,2026-07-15,2026,7,Jul,29,International Coding Olympiad,Student 2026_00567,Delhi Public School,6,Bengaluru,UAE,Website
REG-2026-00344,2026-07-16,2026,7,Jul,29,AI & Robotics Challenge,Student 2026_00344,Greenwood International School,10,Gurugram,India,Email Campaign
REG-2026-01563,2026-07-16,2026,7,Jul,29,International Science Olympiad,Student 2026_01563,Bright Future Academy,3,Gurugram,India,Social Media
REG-2026-00158,2026-07-16,2026,7,Jul,29,International Coding Olympiad,Student 2026_00158,Oakridge International School,1,Abu Dhabi,India,Email Campaign
REG-2026-01708,2026-07-17,2026,7,Jul,29,International Mathematics Olympiad,Student 2026_01708,The Indian High School,6,Abu Dhabi,Qatar,Website
REG-2026-01995,2026-07-17,2026,7,Jul,29,International Coding Olympiad,Student 2026_01995,The Indian High School,11,Dubai,India,Social Media
REG-2026-01455,2026-07-17,2026,7,Jul,29,Young Innovators Challenge,Student 2026_01455,Oakridge International School,4,New Delhi,UAE,Partner School
REG-2026-01422,2026-07-17,2026,7,Jul,29,International Science Olympiad,Student 2026_01422,Sunrise Public School,7,Abu Dhabi,UAE,Website
REG-2026-00997,2026-07-17,2026,7,Jul,29,International Science Olympiad,Student 2026_00997,The Indian High School,3,Sharjah,India,Partner School
REG-2026-00664,2026-07-17,2026,7,Jul,29,International Coding Olympiad,Student 2026_00664,The Indian High School,5,Abu Dhabi,UAE,Social Media
REG-2026-00879,2026-07-17,2026,7,Jul,29,International Science Olympiad,Student 2026_00879,Amity International School,6,Bengaluru,Qatar,Partner School
REG-2026-01583,2026-07-17,2026,7,Jul,29,International Mathematics Olympiad,Student 2026_01583,Gurukul Global School,6,Bengaluru,Qatar,Social Media
REG-2026-00804,2026-07-17,2026,7,Jul,29,Young Innovators Challenge,Student 2026_00804,Amity International School,3,Sharjah,UAE,Social Media
REG-2026-00971,2026-07-17,2026,7,Jul,29,Young Innovators Challenge,Student 2026_00971,The Millennium School,1,Sharjah,Qatar,Partner School
REG-2026-00502,2026-07-17,2026,7,Jul,29,Young Innovators Challenge,Student 2026_00502,Delhi International School,1,Sharjah,Qatar,Partner School
REG-2026-00388,2026-07-17,2026,7,Jul,29,Young Innovators Challenge,Student 2026_00388,The Millennium School,6,New Delhi,UAE,Social Media
REG-2026-01264,2026-07-17,2026,7,Jul,29,AI & Robotics Challenge,Student 2026_01264,The Millennium School,12,Sharjah,UAE,School Outreach
REG-2026-00994,2026-07-17,2026,7,Jul,29,Young Innovators Challenge,Student 2026_00994,The Indian High School,1,Dubai,India,Partner School
REG-2026-00288,2026-07-17,2026,7,Jul,29,International Mathematics Olympiad,Student 2026_00288,The Indian High School,7,Mumbai,UAE,Email Campaign
REG-2026-00512,2026-07-17,2026,7,Jul,29,International Coding Olympiad,Student 2026_00512,Oakridge International School,4,Doha,India,Partner School
REG-2026-00183,2026-07-17,2026,7,Jul,29,Student Speaker Competition,Student 2026_00183,Delhi International School,10,Abu Dhabi,India,WhatsApp
REG-2026-01038,2026-07-18,2026,7,Jul,29,AI & Robotics Challenge,Student 2026_01038,Unknown School,3,New Delhi,India,Website
REG-2026-01572,2026-07-18,2026,7,Jul,29,Winter Painting Competition,Student 2026_01572,Oakridge International School,12,Sharjah,India,School Outreach
REG-2026-00422,2026-07-18,2026,7,Jul,29,International Mathematics Olympiad,Student 2026_00422,Delhi Public School,8,Bengaluru,India,School Outreach
REG-2026-00200,2026-07-18,2026,7,Jul,29,International Coding Olympiad,Student 2026_00200,Oakridge International School,2,Mumbai,UAE,School Outreach
REG-2026-01925,2026-07-18,2026,7,Jul,29,Winter Painting Competition,Student 2026_01925,Delhi International School,8,Bengaluru,Qatar,Website
REG-2026-00737,2026-07-18,2026,7,Jul,29,Winter Painting Competition,Student 2026_00737,Greenwood International School,12,Gurugram,UAE,Email Campaign
REG-2026-01386,2026-07-18,2026,7,Jul,29,International Science Olympiad,Student 2026_01386,Delhi International School,12,Unknown,UAE,Email Campaign
REG-2026-01974,2026-07-18,2026,7,Jul,29,International Mathematics Olympiad,Student 2026_01974,Greenwood International School,1,Doha,India,School Outreach
REG-2026-01668,2026-07-18,2026,7,Jul,29,AI & Robotics Challenge,Student 2026_01668,Gurukul Global School,1,New Delhi,India,School Outreach
REG-2026-00700,2026-07-18,2026,7,Jul,29,AI & Robotics Challenge,Student 2026_00700,Greenwood International School,1,Mumbai,UAE,School Outreach
REG-2026-01765,2026-07-18,2026,7,Jul,29,International School Olympiad,Student 2026_01765,Amity International School,11,Dubai,Qatar,Website
REG-2026-00467,2026-07-18,2026,7,Jul,29,International Coding Olympiad,Student 2026_00467,Delhi International School,4,Gurugram,India,Website
REG-2026-01896,2026-07-19,2026,7,Jul,29,Student Speaker Competition,Student 2026_01896,Greenwood International School,5,Sharjah,UAE,Website
REG-2026-00944,2026-07-19,2026,7,Jul,29,Young Innovators Challenge,Student 2026_00944,The Millennium School,7,Doha,Qatar,Social Media
REG-2026-01905,2026-07-19,2026,7,Jul,29,International Mathematics Olympiad,Student 2026_01905,The Indian High School,7,Doha,India,Partner School
REG-2026-01852,2026-07-19,2026,7,Jul,29,International Science Olympiad,Student 2026_01852,Global Indian International School,12,Gurugram,UAE,Email Campaign
REG-2026-00066,2026-07-19,2026,7,Jul,29,Young Innovators Challenge,Student 2026_00066,GEMS Modern Academy,9,New Delhi,UAE,Email Campaign
REG-2026-00537,2026-07-20,2026,7,Jul,30,International School Olympiad,Student 2026_00537,Greenwood International School,1,Bengaluru,UAE,Partner School
REG-2026-00943,2026-07-20,2026,7,Jul,30,Young Innovators Challenge,Student 2026_00943,The Millennium School,10,Doha,UAE,Website
REG-2026-01003,2026-07-20,2026,7,Jul,30,Winter Painting Competition,Student 2026_01003,Sunrise Public School,7,Sharjah,India,School Outreach
REG-2026-01899,2026-07-20,2026,7,Jul,30,International Mathematics Olympiad,Student 2026_01899,Global Indian International School,5,Gurugram,India,Email Campaign
REG-2026-00129,2026-07-20,2026,7,Jul,30,International School Olympiad,Student 2026_00129,Delhi Public School,4,New Delhi,UAE,Partner School
REG-2026-00686,2026-07-20,2026,7,Jul,30,International School Olympiad,Student 2026_00686,Delhi International School,5,Bengaluru,UAE,Social Media
REG-2026-00675,2026-07-20,2026,7,Jul,30,Winter Painting Competition,Student 2026_00675,Delhi Public School,11,New Delhi,India,School Outreach
REG-2026-00991,2026-07-20,2026,7,Jul,30,International Coding Olympiad,Student 2026_00991,The Indian High School,5,Sharjah,India,Unknown
REG-2026-01267,2026-07-21,2026,7,Jul,30,International Mathematics Olympiad,Student 2026_01267,Delhi International School,11,Bengaluru,India,Email Campaign
REG-2026-01351,2026-07-21,2026,7,Jul,30,International Coding Olympiad,Student 2026_01351,Delhi International School,9,New Delhi,UAE,School Outreach
REG-2026-00475,2026-07-21,2026,7,Jul,30,International Mathematics Olympiad,Student 2026_00475,GEMS Modern Academy,10,Doha,India,Email Campaign
REG-2026-00923,2026-07-21,2026,7,Jul,30,AI & Robotics Challenge,Student 2026_00923,GEMS Modern Academy,4,Gurugram,UAE,Email Campaign
REG-2026-01227,2026-07-21,2026,7,Jul,30,International Science Olympiad,Student 2026_01227,Gurukul Global School,8,Mumbai,Qatar,WhatsApp
REG-2026-01832,2026-07-21,2026,7,Jul,30,AI & Robotics Challenge,Student 2026_01832,The Indian High School,3,New Delhi,UAE,Partner School
REG-2026-02084,2026-07-21,2026,7,Jul,30,International Coding Olympiad,Student 2026_02084,GEMS Modern Academy,1,Dubai,India,Email Campaign
REG-2026-01870,2026-07-21,2026,7,Jul,30,International Mathematics Olympiad,Student 2026_01870,Bright Future Academy,4,Bengaluru,India,Email Campaign
REG-2026-01166,2026-07-21,2026,7,Jul,30,International Science Olympiad,Student 2026_01166,The Millennium School,5,Abu Dhabi,India,WhatsApp
REG-2026-02138,2026-07-21,2026,7,Jul,30,International Coding Olympiad,Student 2026_02138,Oakridge International School,4,Abu Dhabi,India,Social Media
REG-2026-00639,2026-07-22,2026,7,Jul,30,International School Olympiad,Student 2026_00639,Greenwood International School,1,New Delhi,UAE,School Outreach
REG-2026-01311,2026-07-22,2026,7,Jul,30,AI & Robotics Challenge,Student 2026_01311,Delhi Public School,9,Dubai,UAE,Website
REG-2026-00262,2026-07-22,2026,7,Jul,30,Winter Painting Competition,Student 2026_00262,Greenwood International School,9,Bengaluru,India,WhatsApp
REG-2026-00464,2026-07-22,2026,7,Jul,30,Young Innovators Challenge,Student 2026_00464,GEMS Modern Academy,9,Mumbai,India,Partner School
REG-2026-01927,2026-07-22,2026,7,Jul,30,Young Innovators Challenge,Student 2026_01927,Bright Future Academy,5,Mumbai,India,Email Campaign
REG-2026-00674,2026-07-22,2026,7,Jul,30,AI & Robotics Challenge,Student 2026_00674,The Indian High School,12,Bengaluru,India,Social Media
REG-2026-01423,2026-07-22,2026,7,Jul,30,International Coding Olympiad,Student 2026_01423,Bright Future Academy,4,Mumbai,UAE,WhatsApp
REG-2026-01597,2026-07-22,2026,7,Jul,30,Student Speaker Competition,Student 2026_01597,Amity International School,9,New Delhi,India,Social Media
REG-2026-01345,2026-07-22,2026,7,Jul,30,International Mathematics Olympiad,Student 2026_01345,Greenwood International School,7,Bengaluru,UAE,Social Media
REG-2026-00126,2026-07-23,2026,7,Jul,30,International Mathematics Olympiad,Student 2026_00126,The Millennium School,10,Dubai,India,Social Media
REG-2026-01142,2026-07-23,2026,7,Jul,30,AI & Robotics Challenge,Student 2026_01142,GEMS Modern Academy,7,Doha,India,Email Campaign
REG-2026-01100,2026-07-23,2026,7,Jul,30,Student Speaker Competition,Student 2026_01100,Sunrise Public School,3,Doha,UAE,Partner School
REG-2026-01850,2026-07-23,2026,7,Jul,30,International Mathematics Olympiad,Student 2026_01850,GEMS Modern Academy,6,Gurugram,UAE,Social Media
REG-2026-01186,2026-07-23,2026,7,Jul,30,International School Olympiad,Student 2026_01186,Sunrise Public School,10,Mumbai,India,WhatsApp
REG-2026-01780,2026-07-23,2026,7,Jul,30,Young Innovators Challenge,Student 2026_01780,Sunrise Public School,8,Bengaluru,India,School Outreach
REG-2026-00077,2026-07-23,2026,7,Jul,30,Winter Painting Competition,Student 2026_00077,Delhi International School,7,Bengaluru,India,School Outreach
REG-2026-00946,2026-07-23,2026,7,Jul,30,International Science Olympiad,Student 2026_00946,Amity International School,12,Abu Dhabi,India,Partner School
REG-2026-00304,2026-07-23,2026,7,Jul,30,Young Innovators Challenge,Student 2026_00304,Oakridge International School,3,Mumbai,UAE,Website
REG-2026-02028,2026-07-23,2026,7,Jul,30,International Mathematics Olympiad,Student 2026_02028,Greenwood International School,9,Sharjah,UAE,Website
REG-2026-01077,2026-07-23,2026,7,Jul,30,International Coding Olympiad,Student 2026_01077,The Millennium School,6,Gurugram,UAE,WhatsApp
REG-2026-00707,2026-07-23,2026,7,Jul,30,International School Olympiad,Student 2026_00707,The Indian High School,3,Bengaluru,UAE,Website
REG-2026-01124,2026-07-24,2026,7,Jul,30,International Mathematics Olympiad,Student 2026_01124,Delhi International School,11,Gurugram,Qatar,Partner School
REG-2026-00768,2026-07-24,2026,7,Jul,30,International Science Olympiad,Student 2026_00768,GEMS Modern Academy,12,Mumbai,UAE,Website
REG-2026-01644,2026-07-24,2026,7,Jul,30,Winter Painting Competition,Student 2026_01644,Delhi Public School,9,Dubai,India,WhatsApp
REG-2026-02077,2026-07-24,2026,7,Jul,30,AI & Robotics Challenge,Student 2026_02077,GEMS Modern Academy,7,Abu Dhabi,India,School Outreach
REG-2026-00168,2026-07-24,2026,7,Jul,30,International Coding Olympiad,Student 2026_00168,Amity International School,4,Gurugram,India,Website
REG-2026-00740,2026-07-24,2026,7,Jul,30,International Mathematics Olympiad,Student 2026_00740,Global Indian International School,4,Gurugram,UAE,Partner School
REG-2026-00165,2026-07-24,2026,7,Jul,30,International Coding Olympiad,Student 2026_00165,Bright Future Academy,1,New Delhi,UAE,School Outreach
REG-2026-01115,2026-07-25,2026,7,Jul,30,AI & Robotics Challenge,Student 2026_01115,Oakridge International School,5,Gurugram,India,Partner School
REG-2026-00100,2026-07-25,2026,7,Jul,30,Young Innovators Challenge,Student 2026_00100,Bright Future Academy,1,Dubai,India,Website
REG-2026-01487,2026-07-25,2026,7,Jul,30,Winter Painting Competition,Student 2026_01487,Global Indian International School,7,Bengaluru,UAE,Partner School
REG-2026-01943,2026-07-25,2026,7,Jul,30,Student Speaker Competition,Student 2026_01943,The Indian High School,2,Abu Dhabi,India,Email Campaign
REG-2026-01468,2026-07-25,2026,7,Jul,30,International Coding Olympiad,Student 2026_01468,Amity International School,5,Bengaluru,India,Website
REG-2026-01396,2026-07-25,2026,7,Jul,30,International Mathematics Olympiad,Student 2026_01396,The Millennium School,1,Dubai,India,Website
REG-2026-00802,2026-07-26,2026,7,Jul,30,Student Speaker Competition,Student 2026_00802,Unknown School,10,Doha,India,Social Media
REG-2026-01475,2026-07-26,2026,7,Jul,30,International Coding Olympiad,Student 2026_01475,Sunrise Public School,10,Sharjah,Qatar,Social Media
REG-2026-00691,2026-07-26,2026,7,Jul,30,Winter Painting Competition,Student 2026_00691,Delhi International School,7,Abu Dhabi,India,Social Media
REG-2026-01138,2026-07-27,2026,7,Jul,31,International Mathematics Olympiad,Student 2026_01138,Global Indian International School,12,Doha,India,Email Campaign
REG-2026-00054,2026-07-27,2026,7,Jul,31,International Coding Olympiad,Student 2026_00054,Delhi Public School,8,Dubai,India,Email Campaign
REG-2026-01554,2026-07-27,2026,7,Jul,31,AI & Robotics Challenge,Student 2026_01554,Sunrise Public School,7,New Delhi,UAE,Email Campaign
REG-2026-01806,2026-07-27,2026,7,Jul,31,International School Olympiad,Student 2026_01806,Bright Future Academy,12,Gurugram,UAE,WhatsApp
REG-2026-00119,2026-07-27,2026,7,Jul,31,International Coding Olympiad,Student 2026_00119,Oakridge International School,12,Dubai,India,WhatsApp
REG-2026-01872,2026-07-27,2026,7,Jul,31,International Coding Olympiad,Student 2026_01872,Unknown School,6,Sharjah,UAE,Social Media
REG-2026-01579,2026-07-28,2026,7,Jul,31,International Mathematics Olympiad,Student 2026_01579,Gurukul Global School,10,Sharjah,UAE,Email Campaign
REG-2026-00565,2026-07-28,2026,7,Jul,31,International Coding Olympiad,Student 2026_00565,Global Indian International School,8,Bengaluru,India,Email Campaign
REG-2026-00439,2026-07-28,2026,7,Jul,31,International Coding Olympiad,Student 2026_00439,Amity International School,5,Gurugram,India,WhatsApp
REG-2026-02114,2026-07-28,2026,7,Jul,31,Winter Painting Competition,Student 2026_02114,Bright Future Academy,3,Gurugram,UAE,Website
REG-2026-00093,2026-07-29,2026,7,Jul,31,International Mathematics Olympiad,Student 2026_00093,The Indian High School,9,Sharjah,UAE,Email Campaign
REG-2026-00884,2026-07-29,2026,7,Jul,31,Winter Painting Competition,Student 2026_00884,Oakridge International School,3,Gurugram,India,WhatsApp
REG-2026-01953,2026-07-29,2026,7,Jul,31,International Science Olympiad,Student 2026_01953,Amity International School,7,Doha,India,Email Campaign
REG-2026-00341,2026-07-29,2026,7,Jul,31,Young Innovators Challenge,Student 2026_00341,Bright Future Academy,8,Dubai,Qatar,Email Campaign
REG-2026-00622,2026-07-29,2026,7,Jul,31,Student Speaker Competition,Student 2026_00622,Delhi International School,12,Dubai,UAE,Website
REG-2026-01569,2026-07-29,2026,7,Jul,31,Winter Painting Competition,Student 2026_01569,Bright Future Academy,2,Gurugram,UAE,School Outreach
REG-2026-00118,2026-07-30,2026,7,Jul,31,International Mathematics Olympiad,Student 2026_00118,Amity International School,8,Bengaluru,UAE,WhatsApp
REG-2026-00547,2026-07-30,2026,7,Jul,31,International Coding Olympiad,Student 2026_00547,Sunrise Public School,9,Dubai,UAE,Social Media
REG-2026-01796,2026-07-30,2026,7,Jul,31,International Coding Olympiad,Student 2026_01796,Delhi International School,9,Doha,Qatar,Website
REG-2026-00213,2026-07-30,2026,7,Jul,31,Young Innovators Challenge,Student 2026_00213,Delhi International School,4,Doha,UAE,School Outreach
REG-2026-00421,2026-07-30,2026,7,Jul,31,International Science Olympiad,Student 2026_00421,Delhi International School,12,Bengaluru,India,Website
REG-2026-02129,2026-07-30,2026,7,Jul,31,International School Olympiad,Student 2026_02129,Gurukul Global School,5,Bengaluru,India,WhatsApp
REG-2026-01404,2026-07-31,2026,7,Jul,31,Young Innovators Challenge,Student 2026_01404,Global Indian International School,10,Abu Dhabi,India,Social Media
REG-2026-00543,2026-07-31,2026,7,Jul,31,International School Olympiad,Student 2026_00543,Delhi Public School,9,Mumbai,India,Email Campaign
REG-2026-00868,2026-07-31,2026,7,Jul,31,Winter Painting Competition,Student 2026_00868,The Indian High School,6,Mumbai,India,Partner School
REG-2026-01621,2026-07-31,2026,7,Jul,31,International Science Olympiad,Student 2026_01621,Oakridge International School,5,New Delhi,India,School Outreach
REG-2026-02005,2026-07-31,2026,7,Jul,31,International Coding Olympiad,Student 2026_02005,Delhi International School,10,New Delhi,Qatar,Partner School
REG-2026-00677,2026-07-31,2026,7,Jul,31,AI & Robotics Challenge,Student 2026_00677,Delhi International School,9,Gurugram,India,Email Campaign
REG-2026-00638,2026-07-31,2026,7,Jul,31,International Coding Olympiad,Student 2026_00638,Delhi Public School,5,New Delhi,UAE,Partner School
REG-2026-00411,2026-07-31,2026,7,Jul,31,International Science Olympiad,Student 2026_00411,Global Indian International School,5,Abu Dhabi,India,Email Campaign
REG-2026-00081,2026-08-01,2026,8,Aug,31,AI & Robotics Challenge,Student 2026_00081,Gurukul Global School,1,Bengaluru,UAE,Website
REG-2026-01303,2026-08-01,2026,8,Aug,31,Young Innovators Challenge,Student 2026_01303,The Indian High School,1,Doha,UAE,Partner School
REG-2026-00774,2026-08-01,2026,8,Aug,31,International School Olympiad,Student 2026_00774,The Millennium School,9,Doha,India,Website
REG-2026-00778,2026-08-01,2026,8,Aug,31,AI & Robotics Challenge,Student 2026_00778,Delhi International School,6,New Delhi,India,WhatsApp
REG-2026-02098,2026-08-01,2026,8,Aug,31,Student Speaker Competition,Student 2026_02098,GEMS Modern Academy,2,Doha,UAE,Email Campaign
REG-2026-01500,2026-08-01,2026,8,Aug,31,Student Speaker Competition,Student 2026_01500,Greenwood International School,8,New Delhi,India,Email Campaign
REG-2026-00069,2026-08-02,2026,8,Aug,31,Young Innovators Challenge,Student 2026_00069,Oakridge International School,9,Gurugram,India,School Outreach
REG-2026-01596,2026-08-02,2026,8,Aug,31,International School Olympiad,Student 2026_01596,Delhi International School,1,Gurugram,India,Partner School
REG-2026-01184,2026-08-02,2026,8,Aug,31,International Coding Olympiad,Student 2026_01184,The Indian High School,6,Sharjah,Qatar,Website
REG-2026-01157,2026-08-02,2026,8,Aug,31,AI & Robotics Challenge,Student 2026_01157,The Indian High School,12,Sharjah,India,Website
REG-2026-00446,2026-08-03,2026,8,Aug,32,Student Speaker Competition,Student 2026_00446,Oakridge International School,3,Dubai,India,WhatsApp
REG-2026-01367,2026-08-03,2026,8,Aug,32,International Mathematics Olympiad,Student 2026_01367,Global Indian International School,11,Mumbai,India,Social Media
REG-2026-01199,2026-08-03,2026,8,Aug,32,International Coding Olympiad,Student 2026_01199,Delhi International School,9,Bengaluru,India,Partner School
REG-2026-01550,2026-08-03,2026,8,Aug,32,Student Speaker Competition,Student 2026_01550,Amity International School,4,Gurugram,India,Partner School
REG-2026-01585,2026-08-03,2026,8,Aug,32,International Mathematics Olympiad,Student 2026_01585,Sunrise Public School,11,Doha,UAE,Email Campaign
REG-2026-01153,2026-08-03,2026,8,Aug,32,International School Olympiad,Student 2026_01153,Unknown School,10,New Delhi,India,Social Media
REG-2026-00092,2026-08-03,2026,8,Aug,32,International School Olympiad,Student 2026_00092,Oakridge International School,7,Mumbai,India,School Outreach
REG-2026-01818,2026-08-03,2026,8,Aug,32,International Coding Olympiad,Student 2026_01818,Greenwood International School,5,Gurugram,UAE,School Outreach
REG-2026-01059,2026-08-03,2026,8,Aug,32,AI & Robotics Challenge,Student 2026_01059,Greenwood International School,11,Doha,UAE,Social Media
REG-2026-01699,2026-08-04,2026,8,Aug,32,AI & Robotics Challenge,Student 2026_01699,The Millennium School,1,Gurugram,Qatar,Partner School
REG-2026-01606,2026-08-04,2026,8,Aug,32,International Coding Olympiad,Student 2026_01606,The Millennium School,8,Abu Dhabi,Qatar,Website
REG-2026-01169,2026-08-04,2026,8,Aug,32,International Coding Olympiad,Student 2026_01169,Global Indian International School,6,Gurugram,UAE,WhatsApp
REG-2026-00359,2026-08-04,2026,8,Aug,32,International Science Olympiad,Student 2026_00359,Amity International School,10,Gurugram,UAE,Email Campaign
REG-2026-01451,2026-08-04,2026,8,Aug,32,Student Speaker Competition,Student 2026_01451,Oakridge International School,9,New Delhi,India,Social Media
REG-2026-01097,2026-08-04,2026,8,Aug,32,International Science Olympiad,Student 2026_01097,Oakridge International School,4,Gurugram,India,Social Media
REG-2026-00251,2026-08-05,2026,8,Aug,32,AI & Robotics Challenge,Student 2026_00251,The Millennium School,12,Mumbai,Qatar,WhatsApp
REG-2026-00709,2026-08-05,2026,8,Aug,32,International Coding Olympiad,Student 2026_00709,Global Indian International School,6,Dubai,India,School Outreach
REG-2026-01783,2026-08-05,2026,8,Aug,32,International Coding Olympiad,Student 2026_01783,Amity International School,3,Bengaluru,UAE,Website
REG-2026-00477,2026-08-05,2026,8,Aug,32,International Mathematics Olympiad,Student 2026_00477,Amity International School,6,Gurugram,Qatar,Website
REG-2026-00988,2026-08-05,2026,8,Aug,32,International Coding Olympiad,Student 2026_00988,Gurukul Global School,7,Bengaluru,UAE,WhatsApp
REG-2026-01288,2026-08-05,2026,8,Aug,32,AI & Robotics Challenge,Student 2026_01288,Amity International School,6,New Delhi,India,Partner School
REG-2026-01008,2026-08-05,2026,8,Aug,32,International Coding Olympiad,Student 2026_01008,Gurukul Global School,4,Gurugram,UAE,Website
REG-2026-00649,2026-08-05,2026,8,Aug,32,Winter Painting Competition,Student 2026_00649,Delhi International School,8,Doha,Qatar,Partner School
REG-2026-00571,2026-08-05,2026,8,Aug,32,Winter Painting Competition,Student 2026_00571,Global Indian International School,10,New Delhi,India,Website
REG-2026-01942,2026-08-05,2026,8,Aug,32,AI & Robotics Challenge,Student 2026_01942,The Indian High School,10,Abu Dhabi,Qatar,Partner School
REG-2026-00074,2026-08-05,2026,8,Aug,32,International Science Olympiad,Student 2026_00074,Amity International School,7,Mumbai,Qatar,Social Media
REG-2026-00333,2026-08-05,2026,8,Aug,32,International Science Olympiad,Student 2026_00333,Delhi International School,2,Doha,UAE,Social Media
REG-2026-00600,2026-08-06,2026,8,Aug,32,International Science Olympiad,Student 2026_00600,Bright Future Academy,3,Gurugram,UAE,Social Media
REG-2026-00186,2026-08-06,2026,8,Aug,32,Young Innovators Challenge,Student 2026_00186,GEMS Modern Academy,12,New Delhi,India,Partner School
REG-2026-00357,2026-08-06,2026,8,Aug,32,Winter Painting Competition,Student 2026_00357,The Millennium School,10,New Delhi,India,Email Campaign
REG-2026-01056,2026-08-06,2026,8,Aug,32,International Science Olympiad,Student 2026_01056,Sunrise Public School,11,New Delhi,India,Partner School
REG-2026-01209,2026-08-06,2026,8,Aug,32,International Mathematics Olympiad,Student 2026_01209,Greenwood International School,8,Doha,India,School Outreach
REG-2026-01816,2026-08-06,2026,8,Aug,32,Young Innovators Challenge,Student 2026_01816,The Millennium School,8,Sharjah,India,Partner School
REG-2026-00266,2026-08-06,2026,8,Aug,32,Young Innovators Challenge,Student 2026_00266,The Indian High School,8,Dubai,India,Social Media
REG-2026-01343,2026-08-06,2026,8,Aug,32,AI & Robotics Challenge,Student 2026_01343,Delhi International School,3,New Delhi,India,Email Campaign
REG-2026-00319,2026-08-07,2026,8,Aug,32,International Mathematics Olympiad,Student 2026_00319,Bright Future Academy,11,Dubai,India,Website
REG-2026-01586,2026-08-07,2026,8,Aug,32,International Coding Olympiad,Student 2026_01586,GEMS Modern Academy,10,Mumbai,India,Email Campaign
REG-2026-00715,2026-08-07,2026,8,Aug,32,Winter Painting Competition,Student 2026_00715,Delhi International School,11,Sharjah,India,Social Media
REG-2026-01857,2026-08-07,2026,8,Aug,32,Student Speaker Competition,Student 2026_01857,Gurukul Global School,4,Bengaluru,Qatar,Website
REG-2026-01111,2026-08-07,2026,8,Aug,32,International School Olympiad,Student 2026_01111,GEMS Modern Academy,10,Doha,India,Website
REG-2026-00959,2026-08-07,2026,8,Aug,32,International Coding Olympiad,Student 2026_00959,GEMS Modern Academy,7,Abu Dhabi,UAE,Social Media
REG-2026-01145,2026-08-07,2026,8,Aug,32,AI & Robotics Challenge,Student 2026_01145,Delhi International School,9,Sharjah,UAE,Website
REG-2026-02058,2026-08-07,2026,8,Aug,32,International Mathematics Olympiad,Student 2026_02058,Greenwood International School,10,Sharjah,India,Website
REG-2026-00238,2026-08-07,2026,8,Aug,32,Student Speaker Competition,Student 2026_00238,GEMS Modern Academy,12,Gurugram,UAE,Partner School
REG-2026-00060,2026-08-07,2026,8,Aug,32,AI & Robotics Challenge,Student 2026_00060,GEMS Modern Academy,3,Abu Dhabi,UAE,Email Campaign
REG-2026-01081,2026-08-07,2026,8,Aug,32,Student Speaker Competition,Student 2026_01081,Bright Future Academy,1,Dubai,India,Website
REG-2026-00722,2026-08-07,2026,8,Aug,32,Winter Painting Competition,Student 2026_00722,Sunrise Public School,11,Dubai,UAE,School Outreach
REG-2026-01648,2026-08-08,2026,8,Aug,32,International Coding Olympiad,Student 2026_01648,Delhi Public School,12,Bengaluru,India,WhatsApp
REG-2026-00916,2026-08-08,2026,8,Aug,32,International Mathematics Olympiad,Student 2026_00916,Gurukul Global School,10,Abu Dhabi,Qatar,School Outreach
REG-2026-01856,2026-08-08,2026,8,Aug,32,AI & Robotics Challenge,Student 2026_01856,The Indian High School,10,New Delhi,UAE,School Outreach
REG-2026-01244,2026-08-08,2026,8,Aug,32,International Coding Olympiad,Student 2026_01244,Oakridge International School,2,Mumbai,India,WhatsApp
REG-2026-00280,2026-08-09,2026,8,Aug,32,Young Innovators Challenge,Student 2026_00280,Bright Future Academy,9,Sharjah,Qatar,School Outreach
REG-2026-02078,2026-08-09,2026,8,Aug,32,International School Olympiad,Student 2026_02078,Sunrise Public School,11,Bengaluru,UAE,School Outreach
REG-2026-02040,2026-08-09,2026,8,Aug,32,AI & Robotics Challenge,Student 2026_02040,Gurukul Global School,5,Gurugram,India,Partner School
REG-2026-00038,2026-08-09,2026,8,Aug,32,Young Innovators Challenge,Student 2026_00038,Bright Future Academy,11,Dubai,India,Website
REG-2026-00574,2026-08-09,2026,8,Aug,32,International Coding Olympiad,Student 2026_00574,Oakridge International School,9,Abu Dhabi,India,Partner School
REG-2026-00144,2026-08-09,2026,8,Aug,32,Student Speaker Competition,Student 2026_00144,The Indian High School,7,Doha,India,Social Media
REG-2026-01533,2026-08-09,2026,8,Aug,32,International Coding Olympiad,Student 2026_01533,Bright Future Academy,1,Doha,India,WhatsApp
REG-2026-02008,2026-08-09,2026,8,Aug,32,International Mathematics Olympiad,Student 2026_02008,Bright Future Academy,1,Sharjah,UAE,School Outreach
REG-2026-00053,2026-08-09,2026,8,Aug,32,International School Olympiad,Student 2026_00053,GEMS Modern Academy,12,Sharjah,Qatar,Website
REG-2026-01788,2026-08-09,2026,8,Aug,32,International Coding Olympiad,Student 2026_01788,GEMS Modern Academy,3,Doha,India,Partner School
REG-2026-00098,2026-08-10,2026,8,Aug,33,International Mathematics Olympiad,Student 2026_00098,The Millennium School,7,New Delhi,UAE,Website
REG-2026-01937,2026-08-10,2026,8,Aug,33,International Mathematics Olympiad,Student 2026_01937,Delhi International School,5,New Delhi,India,Website
REG-2026-00318,2026-08-10,2026,8,Aug,33,International School Olympiad,Student 2026_00318,Gurukul Global School,2,Doha,Qatar,School Outreach
REG-2026-02001,2026-08-10,2026,8,Aug,33,International Science Olympiad,Student 2026_02001,Sunrise Public School,4,Abu Dhabi,UAE,Partner School
REG-2026-02134,2026-08-10,2026,8,Aug,33,Student Speaker Competition,Student 2026_02134,Unknown School,11,New Delhi,India,Website
REG-2026-00064,2026-08-10,2026,8,Aug,33,International Mathematics Olympiad,Student 2026_00064,Sunrise Public School,6,Mumbai,UAE,Social Media
REG-2026-00312,2026-08-10,2026,8,Aug,33,International Mathematics Olympiad,Student 2026_00312,The Millennium School,12,Dubai,UAE,Website
REG-2026-01446,2026-08-10,2026,8,Aug,33,Student Speaker Competition,Student 2026_01446,The Millennium School,3,Bengaluru,UAE,Website
REG-2026-00401,2026-08-10,2026,8,Aug,33,AI & Robotics Challenge,Student 2026_00401,Bright Future Academy,10,Sharjah,India,Email Campaign
REG-2026-01659,2026-08-10,2026,8,Aug,33,Young Innovators Challenge,Student 2026_01659,Global Indian International School,8,Sharjah,UAE,Website
REG-2026-00815,2026-08-10,2026,8,Aug,33,International Mathematics Olympiad,Student 2026_00815,The Millennium School,11,Bengaluru,India,School Outreach
REG-2026-00819,2026-08-10,2026,8,Aug,33,Young Innovators Challenge,Student 2026_00819,Bright Future Academy,9,New Delhi,India,Website
REG-2026-01086,2026-08-11,2026,8,Aug,33,Young Innovators Challenge,Student 2026_01086,Amity International School,3,Mumbai,India,Social Media
REG-2026-01552,2026-08-11,2026,8,Aug,33,Young Innovators Challenge,Student 2026_01552,Oakridge International School,4,Gurugram,India,Social Media
REG-2026-02119,2026-08-11,2026,8,Aug,33,International Mathematics Olympiad,Student 2026_02119,Oakridge International School,2,Dubai,India,School Outreach
REG-2026-00010,2026-08-11,2026,8,Aug,33,AI & Robotics Challenge,Student 2026_00010,Bright Future Academy,10,Dubai,India,Website
REG-2026-01206,2026-08-11,2026,8,Aug,33,AI & Robotics Challenge,Student 2026_01206,Delhi International School,3,Sharjah,UAE,Email Campaign
REG-2026-01623,2026-08-11,2026,8,Aug,33,Winter Painting Competition,Student 2026_01623,The Millennium School,4,Bengaluru,India,Website
REG-2026-01613,2026-08-11,2026,8,Aug,33,International School Olympiad,Student 2026_01613,Bright Future Academy,1,Sharjah,India,Partner School
REG-2026-01044,2026-08-11,2026,8,Aug,33,Winter Painting Competition,Student 2026_01044,Amity International School,10,Bengaluru,India,School Outreach
REG-2026-00941,2026-08-11,2026,8,Aug,33,International Coding Olympiad,Student 2026_00941,Sunrise Public School,8,Abu Dhabi,UAE,WhatsApp
REG-2026-00877,2026-08-11,2026,8,Aug,33,International Mathematics Olympiad,Student 2026_00877,Delhi International School,6,Sharjah,UAE,Website
REG-2026-00671,2026-08-11,2026,8,Aug,33,International Mathematics Olympiad,Student 2026_00671,Unknown School,4,Mumbai,UAE,School Outreach
REG-2026-01172,2026-08-11,2026,8,Aug,33,International Mathematics Olympiad,Student 2026_01172,Global Indian International School,6,Dubai,India,Partner School
REG-2026-01430,2026-08-11,2026,8,Aug,33,Young Innovators Challenge,Student 2026_01430,Amity International School,1,New Delhi,India,School Outreach
REG-2026-01958,2026-08-11,2026,8,Aug,33,Winter Painting Competition,Student 2026_01958,Bright Future Academy,3,Sharjah,India,WhatsApp
REG-2026-01493,2026-08-12,2026,8,Aug,33,Young Innovators Challenge,Student 2026_01493,The Indian High School,8,Abu Dhabi,India,Partner School
REG-2026-00658,2026-08-12,2026,8,Aug,33,International Mathematics Olympiad,Student 2026_00658,Unknown School,4,Gurugram,India,Partner School
REG-2026-00725,2026-08-12,2026,8,Aug,33,International Coding Olympiad,Student 2026_00725,Oakridge International School,7,Sharjah,India,Email Campaign
REG-2026-00456,2026-08-12,2026,8,Aug,33,International School Olympiad,Student 2026_00456,Sunrise Public School,4,Sharjah,India,Social Media
REG-2026-01305,2026-08-12,2026,8,Aug,33,Young Innovators Challenge,Student 2026_01305,GEMS Modern Academy,5,New Delhi,UAE,Website
REG-2026-00921,2026-08-12,2026,8,Aug,33,International Coding Olympiad,Student 2026_00921,Oakridge International School,8,Bengaluru,India,Partner School
REG-2026-01279,2026-08-12,2026,8,Aug,33,International Mathematics Olympiad,Student 2026_01279,Greenwood International School,9,Dubai,India,WhatsApp
REG-2026-01397,2026-08-12,2026,8,Aug,33,Winter Painting Competition,Student 2026_01397,Oakridge International School,9,Abu Dhabi,India,Social Media
REG-2026-00807,2026-08-12,2026,8,Aug,33,Young Innovators Challenge,Student 2026_00807,The Millennium School,7,Gurugram,UAE,Website
REG-2026-00222,2026-08-12,2026,8,Aug,33,International Coding Olympiad,Student 2026_00222,Gurukul Global School,1,Sharjah,Qatar,School Outreach
REG-2026-02116,2026-08-12,2026,8,Aug,33,Young Innovators Challenge,Student 2026_02116,Greenwood International School,5,Abu Dhabi,India,Website
REG-2026-00399,2026-08-12,2026,8,Aug,33,International Coding Olympiad,Student 2026_00399,Delhi Public School,6,Dubai,India,WhatsApp
REG-2026-01792,2026-08-13,2026,8,Aug,33,International School Olympiad,Student 2026_01792,The Millennium School,4,New Delhi,India,Email Campaign
REG-2026-01650,2026-08-13,2026,8,Aug,33,International School Olympiad,Student 2026_01650,The Millennium School,6,Sharjah,UAE,School Outreach
REG-2026-01425,2026-08-13,2026,8,Aug,33,International Coding Olympiad,Student 2026_01425,Global Indian International School,2,Mumbai,India,Website
REG-2026-01519,2026-08-13,2026,8,Aug,33,International School Olympiad,Student 2026_01519,Global Indian International School,5,Gurugram,India,Email Campaign
REG-2026-01683,2026-08-13,2026,8,Aug,33,International Science Olympiad,Student 2026_01683,Delhi International School,4,Dubai,UAE,Social Media
REG-2026-00734,2026-08-13,2026,8,Aug,33,Young Innovators Challenge,Student 2026_00734,Amity International School,8,Bengaluru,India,School Outreach
REG-2026-01045,2026-08-13,2026,8,Aug,33,International Coding Olympiad,Student 2026_01045,Gurukul Global School,9,Mumbai,UAE,School Outreach
REG-2026-01671,2026-08-14,2026,8,Aug,33,Winter Painting Competition,Student 2026_01671,Sunrise Public School,12,Mumbai,Qatar,Partner School
REG-2026-01833,2026-08-14,2026,8,Aug,33,International Coding Olympiad,Student 2026_01833,Bright Future Academy,3,Sharjah,India,Email Campaign
REG-2026-00932,2026-08-14,2026,8,Aug,33,International Science Olympiad,Student 2026_00932,Amity International School,6,Gurugram,UAE,Website
REG-2026-01335,2026-08-14,2026,8,Aug,33,International School Olympiad,Student 2026_01335,GEMS Modern Academy,10,Doha,India,Email Campaign
REG-2026-01867,2026-08-14,2026,8,Aug,33,International Mathematics Olympiad,Student 2026_01867,The Indian High School,3,Gurugram,Qatar,School Outreach
REG-2026-01072,2026-08-15,2026,8,Aug,33,AI & Robotics Challenge,Student 2026_01072,The Millennium School,10,Mumbai,India,WhatsApp
REG-2026-02061,2026-08-15,2026,8,Aug,33,AI & Robotics Challenge,Student 2026_02061,Bright Future Academy,5,Abu Dhabi,India,Email Campaign
REG-2026-02137,2026-08-15,2026,8,Aug,33,International Science Olympiad,Student 2026_02137,Bright Future Academy,10,Dubai,UAE,Email Campaign
REG-2026-00460,2026-08-15,2026,8,Aug,33,International Coding Olympiad,Student 2026_00460,Global Indian International School,12,Bengaluru,India,Social Media
REG-2026-00429,2026-08-15,2026,8,Aug,33,AI & Robotics Challenge,Student 2026_00429,Oakridge International School,6,Sharjah,India,School Outreach
REG-2026-01061,2026-08-15,2026,8,Aug,33,International Mathematics Olympiad,Student 2026_01061,Delhi Public School,6,Gurugram,India,Partner School
REG-2026-01682,2026-08-15,2026,8,Aug,33,Student Speaker Competition,Student 2026_01682,Delhi International School,10,Bengaluru,UAE,Email Campaign
REG-2026-01394,2026-08-15,2026,8,Aug,33,AI & Robotics Challenge,Student 2026_01394,Bright Future Academy,3,Mumbai,UAE,Website
REG-2026-02097,2026-08-15,2026,8,Aug,33,International Science Olympiad,Student 2026_02097,The Millennium School,2,Bengaluru,UAE,Partner School
REG-2026-00561,2026-08-16,2026,8,Aug,33,Young Innovators Challenge,Student 2026_00561,Oakridge International School,2,Gurugram,India,Social Media
REG-2026-01694,2026-08-16,2026,8,Aug,33,International Coding Olympiad,Student 2026_01694,Oakridge International School,3,Sharjah,UAE,WhatsApp
REG-2026-00057,2026-08-16,2026,8,Aug,33,Student Speaker Competition,Student 2026_00057,GEMS Modern Academy,7,Mumbai,India,School Outreach
REG-2026-00803,2026-08-16,2026,8,Aug,33,Student Speaker Competition,Student 2026_00803,Bright Future Academy,12,New Delhi,India,Website
REG-2026-01375,2026-08-16,2026,8,Aug,33,Winter Painting Competition,Student 2026_01375,Gurukul Global School,6,Gurugram,UAE,Partner School
REG-2026-00604,2026-08-16,2026,8,Aug,33,Winter Painting Competition,Student 2026_00604,Amity International School,3,Mumbai,India,WhatsApp
REG-2026-01949,2026-08-16,2026,8,Aug,33,International Mathematics Olympiad,Student 2026_01949,Delhi Public School,11,Doha,UAE,Website
REG-2026-02052,2026-08-16,2026,8,Aug,33,International Mathematics Olympiad,Student 2026_02052,Delhi Public School,6,Mumbai,India,Partner School
REG-2026-00223,2026-08-17,2026,8,Aug,34,International Coding Olympiad,Student 2026_00223,Amity International School,4,Mumbai,India,Partner School
REG-2026-01560,2026-08-17,2026,8,Aug,34,International Mathematics Olympiad,Student 2026_01560,The Indian High School,1,Abu Dhabi,India,Email Campaign
REG-2026-00124,2026-08-17,2026,8,Aug,34,International School Olympiad,Student 2026_00124,Delhi Public School,6,Doha,UAE,Website
REG-2026-00230,2026-08-17,2026,8,Aug,34,International Coding Olympiad,Student 2026_00230,The Indian High School,5,Bengaluru,India,School Outreach
REG-2026-01013,2026-08-17,2026,8,Aug,34,International Science Olympiad,Student 2026_01013,Bright Future Academy,11,Doha,India,Partner School
REG-2026-00790,2026-08-17,2026,8,Aug,34,AI & Robotics Challenge,Student 2026_00790,Amity International School,4,Sharjah,UAE,Website
REG-2026-02035,2026-08-17,2026,8,Aug,34,International Science Olympiad,Student 2026_02035,Amity International School,6,Mumbai,UAE,Website
REG-2026-01603,2026-08-17,2026,8,Aug,34,International School Olympiad,Student 2026_01603,Sunrise Public School,11,Gurugram,UAE,Email Campaign
REG-2026-01515,2026-08-18,2026,8,Aug,34,Young Innovators Challenge,Student 2026_01515,Amity International School,12,Sharjah,Qatar,Email Campaign
REG-2026-01022,2026-08-18,2026,8,Aug,34,International Mathematics Olympiad,Student 2026_01022,The Millennium School,2,Sharjah,India,WhatsApp
REG-2026-01570,2026-08-18,2026,8,Aug,34,International School Olympiad,Student 2026_01570,The Millennium School,10,Abu Dhabi,India,Social Media
REG-2026-00346,2026-08-18,2026,8,Aug,34,International Science Olympiad,Student 2026_00346,Oakridge International School,4,New Delhi,India,Social Media
REG-2026-01755,2026-08-18,2026,8,Aug,34,Student Speaker Competition,Student 2026_01755,Bright Future Academy,2,Gurugram,UAE,Partner School
REG-2026-00198,2026-08-18,2026,8,Aug,34,Winter Painting Competition,Student 2026_00198,Oakridge International School,8,Abu Dhabi,India,School Outreach
REG-2026-01998,2026-08-19,2026,8,Aug,34,AI & Robotics Challenge,Student 2026_01998,Amity International School,6,Doha,UAE,Social Media
REG-2026-01106,2026-08-19,2026,8,Aug,34,International Science Olympiad,Student 2026_01106,Sunrise Public School,7,Sharjah,India,Website
REG-2026-01692,2026-08-19,2026,8,Aug,34,AI & Robotics Challenge,Student 2026_01692,Global Indian International School,10,Abu Dhabi,Qatar,WhatsApp
REG-2026-00412,2026-08-19,2026,8,Aug,34,International Mathematics Olympiad,Student 2026_00412,The Millennium School,7,Sharjah,India,Social Media
REG-2026-01323,2026-08-19,2026,8,Aug,34,International Coding Olympiad,Student 2026_01323,GEMS Modern Academy,12,Sharjah,India,Social Media
REG-2026-01672,2026-08-19,2026,8,Aug,34,International School Olympiad,Student 2026_01672,Amity International School,9,Bengaluru,India,Social Media
REG-2026-01443,2026-08-19,2026,8,Aug,34,International Science Olympiad,Student 2026_01443,Bright Future Academy,8,Abu Dhabi,India,School Outreach
REG-2026-00998,2026-08-20,2026,8,Aug,34,International Mathematics Olympiad,Student 2026_00998,GEMS Modern Academy,12,Sharjah,India,Social Media
REG-2026-01339,2026-08-20,2026,8,Aug,34,Student Speaker Competition,Student 2026_01339,Delhi Public School,5,New Delhi,India,WhatsApp
REG-2026-00641,2026-08-20,2026,8,Aug,34,International Coding Olympiad,Student 2026_00641,Sunrise Public School,3,Doha,India,School Outreach
REG-2026-00545,2026-08-20,2026,8,Aug,34,International School Olympiad,Student 2026_00545,Global Indian International School,1,Sharjah,India,Social Media
REG-2026-00736,2026-08-20,2026,8,Aug,34,International Science Olympiad,Student 2026_00736,Delhi Public School,12,Sharjah,UAE,Website
REG-2026-01503,2026-08-20,2026,8,Aug,34,Student Speaker Competition,Student 2026_01503,Global Indian International School,7,Mumbai,India,Website
REG-2026-01309,2026-08-20,2026,8,Aug,34,International Science Olympiad,Student 2026_01309,Delhi Public School,8,Bengaluru,Qatar,WhatsApp
REG-2026-01888,2026-08-20,2026,8,Aug,34,International Mathematics Olympiad,Student 2026_01888,Amity International School,2,New Delhi,UAE,Website
REG-2026-01032,2026-08-21,2026,8,Aug,34,International Coding Olympiad,Student 2026_01032,Global Indian International School,5,Dubai,India,Social Media
REG-2026-01187,2026-08-21,2026,8,Aug,34,AI & Robotics Challenge,Student 2026_01187,Oakridge International School,9,Abu Dhabi,UAE,Website
REG-2026-02113,2026-08-21,2026,8,Aug,34,International Coding Olympiad,Student 2026_02113,Delhi International School,11,Gurugram,UAE,Email Campaign
REG-2026-01154,2026-08-21,2026,8,Aug,34,International School Olympiad,Student 2026_01154,Global Indian International School,2,Bengaluru,UAE,Email Campaign
REG-2026-00779,2026-08-21,2026,8,Aug,34,Winter Painting Competition,Student 2026_00779,GEMS Modern Academy,7,Sharjah,India,School Outreach
REG-2026-01035,2026-08-21,2026,8,Aug,34,Student Speaker Competition,Student 2026_01035,Delhi International School,3,New Delhi,Qatar,School Outreach
REG-2026-00078,2026-08-21,2026,8,Aug,34,International Science Olympiad,Student 2026_00078,GEMS Modern Academy,3,Bengaluru,UAE,Website
REG-2026-00918,2026-08-21,2026,8,Aug,34,International School Olympiad,Student 2026_00918,Global Indian International School,10,Bengaluru,UAE,Website
REG-2026-00216,2026-08-21,2026,8,Aug,34,International Coding Olympiad,Student 2026_00216,Amity International School,11,Dubai,Qatar,Partner School
REG-2026-01327,2026-08-21,2026,8,Aug,34,Winter Painting Competition,Student 2026_01327,Delhi Public School,9,Mumbai,India,Social Media
REG-2026-01087,2026-08-21,2026,8,Aug,34,International Mathematics Olympiad,Student 2026_01087,Sunrise Public School,2,Abu Dhabi,India,WhatsApp
REG-2026-00287,2026-08-21,2026,8,Aug,34,AI & Robotics Challenge,Student 2026_00287,Delhi International School,8,Dubai,India,Email Campaign
REG-2026-02055,2026-08-21,2026,8,Aug,34,Young Innovators Challenge,Student 2026_02055,GEMS Modern Academy,11,Mumbai,India,Social Media
REG-2026-00706,2026-08-22,2026,8,Aug,34,International Mathematics Olympiad,Student 2026_00706,The Millennium School,9,Sharjah,India,Partner School
REG-2026-01612,2026-08-22,2026,8,Aug,34,International School Olympiad,Student 2026_01612,The Indian High School,4,Gurugram,India,Website
REG-2026-00195,2026-08-22,2026,8,Aug,34,International Coding Olympiad,Student 2026_00195,Oakridge International School,3,Mumbai,India,Website
REG-2026-01701,2026-08-22,2026,8,Aug,34,International School Olympiad,Student 2026_01701,Sunrise Public School,2,Sharjah,UAE,School Outreach
REG-2026-00549,2026-08-22,2026,8,Aug,34,Young Innovators Challenge,Student 2026_00549,Gurukul Global School,2,Doha,UAE,Email Campaign
REG-2026-01793,2026-08-22,2026,8,Aug,34,International Mathematics Olympiad,Student 2026_01793,The Indian High School,10,Dubai,UAE,School Outreach
REG-2026-00782,2026-08-22,2026,8,Aug,34,International Science Olympiad,Student 2026_00782,Greenwood International School,12,New Delhi,India,WhatsApp
REG-2026-01557,2026-08-22,2026,8,Aug,34,Student Speaker Competition,Student 2026_01557,The Indian High School,3,Gurugram,India,Social Media
REG-2026-00154,2026-08-22,2026,8,Aug,34,International Coding Olympiad,Student 2026_00154,Greenwood International School,10,New Delhi,UAE,Social Media
REG-2026-00396,2026-08-22,2026,8,Aug,34,International Coding Olympiad,Student 2026_00396,Greenwood International School,12,Abu Dhabi,UAE,Social Media
REG-2026-00400,2026-08-22,2026,8,Aug,34,International Science Olympiad,Student 2026_00400,Delhi Public School,2,Doha,India,Email Campaign
REG-2026-01522,2026-08-23,2026,8,Aug,34,AI & Robotics Challenge,Student 2026_01522,Sunrise Public School,5,Doha,India,Social Media
REG-2026-02135,2026-08-23,2026,8,Aug,34,Young Innovators Challenge,Student 2026_02135,Oakridge International School,4,Dubai,India,Website
REG-2026-00323,2026-08-23,2026,8,Aug,34,Young Innovators Challenge,Student 2026_00323,GEMS Modern Academy,1,Sharjah,UAE,Website
REG-2026-01746,2026-08-23,2026,8,Aug,34,Young Innovators Challenge,Student 2026_01746,Delhi Public School,12,Sharjah,UAE,School Outreach
REG-2026-00493,2026-08-23,2026,8,Aug,34,International Coding Olympiad,Student 2026_00493,Global Indian International School,5,Doha,UAE,School Outreach
REG-2026-01140,2026-08-23,2026,8,Aug,34,Young Innovators Challenge,Student 2026_01140,The Indian High School,1,Mumbai,India,School Outreach
REG-2026-01076,2026-08-23,2026,8,Aug,34,Winter Painting Competition,Student 2026_01076,Global Indian International School,4,Abu Dhabi,Qatar,Partner School
REG-2026-01464,2026-08-23,2026,8,Aug,34,AI & Robotics Challenge,Student 2026_01464,Oakridge International School,2,Sharjah,India,WhatsApp
REG-2026-00343,2026-08-23,2026,8,Aug,34,Young Innovators Challenge,Student 2026_00343,Greenwood International School,12,Bengaluru,UAE,Email Campaign
REG-2026-01010,2026-08-23,2026,8,Aug,34,International Coding Olympiad,Student 2026_01010,Bright Future Academy,10,Dubai,India,School Outreach
REG-2026-01378,2026-08-23,2026,8,Aug,34,AI & Robotics Challenge,Student 2026_01378,Greenwood International School,8,Abu Dhabi,India,Email Campaign
REG-2026-01710,2026-08-23,2026,8,Aug,34,AI & Robotics Challenge,Student 2026_01710,Global Indian International School,4,Abu Dhabi,India,Partner School
REG-2026-01862,2026-08-23,2026,8,Aug,34,International Coding Olympiad,Student 2026_01862,Gurukul Global School,4,Mumbai,India,WhatsApp
REG-2026-00244,2026-08-23,2026,8,Aug,34,International School Olympiad,Student 2026_00244,The Millennium School,1,Sharjah,UAE,Website
REG-2026-01313,2026-08-23,2026,8,Aug,34,International Coding Olympiad,Student 2026_01313,Delhi International School,5,Abu Dhabi,Qatar,School Outreach
REG-2026-00086,2026-08-24,2026,8,Aug,35,International Coding Olympiad,Student 2026_00086,GEMS Modern Academy,2,Doha,India,Social Media
REG-2026-01576,2026-08-24,2026,8,Aug,35,International Science Olympiad,Student 2026_01576,Greenwood International School,10,Sharjah,India,Social Media
REG-2026-01162,2026-08-24,2026,8,Aug,35,Young Innovators Challenge,Student 2026_01162,Delhi Public School,10,New Delhi,UAE,Partner School
REG-2026-00211,2026-08-24,2026,8,Aug,35,Student Speaker Competition,Student 2026_00211,Delhi Public School,8,Sharjah,UAE,Social Media
REG-2026-00003,2026-08-24,2026,8,Aug,35,Student Speaker Competition,Student 2026_00003,Global Indian International School,9,New Delhi,UAE,Social Media
REG-2026-01887,2026-08-24,2026,8,Aug,35,Winter Painting Competition,Student 2026_01887,Delhi Public School,12,Gurugram,India,Social Media
REG-2026-01931,2026-08-24,2026,8,Aug,35,Young Innovators Challenge,Student 2026_01931,The Millennium School,11,Doha,Qatar,Email Campaign
REG-2026-00394,2026-08-24,2026,8,Aug,35,International Mathematics Olympiad,Student 2026_00394,Gurukul Global School,7,Sharjah,India,Email Campaign
REG-2026-01089,2026-08-24,2026,8,Aug,35,Student Speaker Competition,Student 2026_01089,Sunrise Public School,1,Mumbai,India,Partner School
REG-2026-00210,2026-08-24,2026,8,Aug,35,International Science Olympiad,Student 2026_00210,Sunrise Public School,5,Gurugram,India,WhatsApp
REG-2026-01812,2026-08-24,2026,8,Aug,35,International Science Olympiad,Student 2026_01812,Delhi International School,12,Mumbai,India,Website
REG-2026-01110,2026-08-24,2026,8,Aug,35,AI & Robotics Challenge,Student 2026_01110,GEMS Modern Academy,11,Gurugram,UAE,Social Media
REG-2026-01717,2026-08-24,2026,8,Aug,35,Young Innovators Challenge,Student 2026_01717,Gurukul Global School,4,Abu Dhabi,India,Partner School
REG-2026-00476,2026-08-24,2026,8,Aug,35,Young Innovators Challenge,Student 2026_00476,Greenwood International School,5,Gurugram,UAE,Partner School
REG-2026-00024,2026-08-25,2026,8,Aug,35,International School Olympiad,Student 2026_00024,The Indian High School,3,Bengaluru,UAE,Social Media
REG-2026-01858,2026-08-25,2026,8,Aug,35,AI & Robotics Challenge,Student 2026_01858,Global Indian International School,5,Sharjah,Qatar,Partner School
REG-2026-00953,2026-08-25,2026,8,Aug,35,International Coding Olympiad,Student 2026_00953,Gurukul Global School,6,Bengaluru,India,Social Media
REG-2026-00874,2026-08-25,2026,8,Aug,35,Winter Painting Competition,Student 2026_00874,Bright Future Academy,7,Bengaluru,India,WhatsApp
REG-2026-00336,2026-08-25,2026,8,Aug,35,International Coding Olympiad,Student 2026_00336,Delhi International School,4,Dubai,UAE,Email Campaign
REG-2026-01200,2026-08-25,2026,8,Aug,35,Student Speaker Competition,Student 2026_01200,Gurukul Global School,5,Sharjah,India,Partner School
REG-2026-01344,2026-08-25,2026,8,Aug,35,Winter Painting Competition,Student 2026_01344,GEMS Modern Academy,5,Mumbai,India,Website
REG-2026-01952,2026-08-25,2026,8,Aug,35,International Science Olympiad,Student 2026_01952,Delhi Public School,8,Abu Dhabi,UAE,Email Campaign
REG-2026-00566,2026-08-25,2026,8,Aug,35,Winter Painting Competition,Student 2026_00566,Amity International School,10,Dubai,India,Social Media
REG-2026-02003,2026-08-25,2026,8,Aug,35,International Science Olympiad,Student 2026_02003,Amity International School,2,Gurugram,UAE,Partner School
REG-2026-01326,2026-08-25,2026,8,Aug,35,Winter Painting Competition,Student 2026_01326,Sunrise Public School,3,Mumbai,UAE,Email Campaign
REG-2026-00987,2026-08-25,2026,8,Aug,35,International School Olympiad,Student 2026_00987,The Millennium School,9,Abu Dhabi,India,Website
REG-2026-01091,2026-08-25,2026,8,Aug,35,International Mathematics Olympiad,Student 2026_01091,Amity International School,2,Bengaluru,India,School Outreach
REG-2026-01617,2026-08-25,2026,8,Aug,35,Winter Painting Competition,Student 2026_01617,Bright Future Academy,5,Abu Dhabi,India,Social Media
REG-2026-01950,2026-08-26,2026,8,Aug,35,International Coding Olympiad,Student 2026_01950,Global Indian International School,10,Sharjah,India,WhatsApp
REG-2026-01444,2026-08-26,2026,8,Aug,35,International Mathematics Olympiad,Student 2026_01444,GEMS Modern Academy,8,Dubai,India,Partner School
REG-2026-01414,2026-08-26,2026,8,Aug,35,AI & Robotics Challenge,Student 2026_01414,Oakridge International School,9,Abu Dhabi,India,Social Media
REG-2026-01382,2026-08-26,2026,8,Aug,35,International School Olympiad,Student 2026_01382,Delhi International School,1,Gurugram,UAE,School Outreach
REG-2026-01979,2026-08-26,2026,8,Aug,35,International Mathematics Olympiad,Student 2026_01979,Amity International School,12,Mumbai,UAE,Website
REG-2026-01928,2026-08-26,2026,8,Aug,35,International Mathematics Olympiad,Student 2026_01928,Bright Future Academy,2,Bengaluru,India,School Outreach
REG-2026-00452,2026-08-26,2026,8,Aug,35,International School Olympiad,Student 2026_00452,Amity International School,6,Bengaluru,UAE,WhatsApp
REG-2026-00801,2026-08-26,2026,8,Aug,35,Student Speaker Competition,Student 2026_00801,Delhi Public School,2,Sharjah,UAE,Social Media
REG-2026-01827,2026-08-26,2026,8,Aug,35,International Science Olympiad,Student 2026_01827,The Millennium School,5,Sharjah,Qatar,Email Campaign
REG-2026-00808,2026-08-26,2026,8,Aug,35,International Mathematics Olympiad,Student 2026_00808,Oakridge International School,3,Bengaluru,UAE,Email Campaign
REG-2026-00130,2026-08-26,2026,8,Aug,35,AI & Robotics Challenge,Student 2026_00130,Greenwood International School,7,Dubai,UAE,Website
REG-2026-01652,2026-08-26,2026,8,Aug,35,Student Speaker Competition,Student 2026_01652,Oakridge International School,10,Gurugram,India,Social Media
REG-2026-01960,2026-08-27,2026,8,Aug,35,International Coding Olympiad,Student 2026_01960,Sunrise Public School,10,New Delhi,India,Partner School
REG-2026-01215,2026-08-27,2026,8,Aug,35,International Science Olympiad,Student 2026_01215,Sunrise Public School,1,Doha,UAE,Email Campaign
REG-2026-00761,2026-08-27,2026,8,Aug,35,International Coding Olympiad,Student 2026_00761,Oakridge International School,1,New Delhi,India,Website
REG-2026-01082,2026-08-27,2026,8,Aug,35,Student Speaker Competition,Student 2026_01082,Sunrise Public School,1,Abu Dhabi,UAE,Social Media
REG-2026-01673,2026-08-27,2026,8,Aug,35,International Science Olympiad,Student 2026_01673,GEMS Modern Academy,10,New Delhi,UAE,Social Media
REG-2026-00654,2026-08-27,2026,8,Aug,35,International School Olympiad,Student 2026_00654,Oakridge International School,2,New Delhi,UAE,Email Campaign
REG-2026-01637,2026-08-28,2026,8,Aug,35,International Coding Olympiad,Student 2026_01637,Bright Future Academy,1,Sharjah,UAE,School Outreach
REG-2026-01316,2026-08-28,2026,8,Aug,35,International Mathematics Olympiad,Student 2026_01316,Greenwood International School,3,Dubai,UAE,Social Media
REG-2026-01060,2026-08-28,2026,8,Aug,35,Student Speaker Competition,Student 2026_01060,Delhi Public School,1,Gurugram,UAE,School Outreach
REG-2026-00299,2026-08-28,2026,8,Aug,35,Young Innovators Challenge,Student 2026_00299,Sunrise Public School,9,Dubai,UAE,Social Media
REG-2026-02051,2026-08-28,2026,8,Aug,35,Young Innovators Challenge,Student 2026_02051,Oakridge International School,9,Mumbai,India,WhatsApp
REG-2026-00215,2026-08-28,2026,8,Aug,35,International Science Olympiad,Student 2026_00215,The Millennium School,2,Abu Dhabi,UAE,Partner School
REG-2026-00427,2026-08-28,2026,8,Aug,35,Young Innovators Challenge,Student 2026_00427,Delhi Public School,11,Bengaluru,India,Email Campaign
REG-2026-01042,2026-08-28,2026,8,Aug,35,AI & Robotics Challenge,Student 2026_01042,The Millennium School,5,Bengaluru,UAE,Email Campaign
REG-2026-02079,2026-08-29,2026,8,Aug,35,International Mathematics Olympiad,Student 2026_02079,Sunrise Public School,8,Abu Dhabi,Qatar,Social Media
REG-2026-01516,2026-08-29,2026,8,Aug,35,Winter Painting Competition,Student 2026_01516,The Millennium School,9,New Delhi,India,Social Media
REG-2026-00863,2026-08-29,2026,8,Aug,35,Young Innovators Challenge,Student 2026_00863,Delhi Public School,2,Sharjah,India,Website
REG-2026-00712,2026-08-29,2026,8,Aug,35,AI & Robotics Challenge,Student 2026_00712,The Indian High School,10,Dubai,India,Social Media
REG-2026-00960,2026-08-29,2026,8,Aug,35,International Science Olympiad,Student 2026_00960,Greenwood International School,9,New Delhi,India,Email Campaign
REG-2026-01260,2026-08-29,2026,8,Aug,35,Young Innovators Challenge,Student 2026_01260,Delhi International School,9,Doha,Qatar,Social Media
REG-2026-01869,2026-08-29,2026,8,Aug,35,Student Speaker Competition,Student 2026_01869,Amity International School,6,Mumbai,UAE,Social Media
REG-2026-01532,2026-08-29,2026,8,Aug,35,Young Innovators Challenge,Student 2026_01532,The Indian High School,10,Abu Dhabi,Qatar,School Outreach
REG-2026-01117,2026-08-29,2026,8,Aug,35,AI & Robotics Challenge,Student 2026_01117,The Indian High School,10,Bengaluru,Qatar,WhatsApp
REG-2026-01729,2026-08-29,2026,8,Aug,35,Winter Painting Competition,Student 2026_01729,Global Indian International School,5,Doha,UAE,WhatsApp
REG-2026-00748,2026-08-30,2026,8,Aug,35,Young Innovators Challenge,Student 2026_00748,Oakridge International School,7,Bengaluru,India,Website
REG-2026-00705,2026-08-30,2026,8,Aug,35,Student Speaker Competition,Student 2026_00705,The Millennium School,6,Mumbai,UAE,Social Media
REG-2026-01811,2026-08-30,2026,8,Aug,35,International Mathematics Olympiad,Student 2026_01811,Oakridge International School,1,Abu Dhabi,UAE,WhatsApp
REG-2026-01483,2026-08-30,2026,8,Aug,35,AI & Robotics Challenge,Student 2026_01483,Amity International School,1,Dubai,UAE,Email Campaign
REG-2026-00726,2026-08-30,2026,8,Aug,35,International Mathematics Olympiad,Student 2026_00726,Bright Future Academy,4,Mumbai,India,Partner School
REG-2026-00743,2026-08-30,2026,8,Aug,35,International Coding Olympiad,Student 2026_00743,GEMS Modern Academy,12,Dubai,UAE,Email Campaign
REG-2026-00037,2026-08-30,2026,8,Aug,35,International Science Olympiad,Student 2026_00037,Global Indian International School,11,Dubai,India,School Outreach
REG-2026-01874,2026-08-30,2026,8,Aug,35,Winter Painting Competition,Student 2026_01874,GEMS Modern Academy,11,Dubai,UAE,Website
REG-2026-00754,2026-08-30,2026,8,Aug,35,AI & Robotics Challenge,Student 2026_00754,Gurukul Global School,2,Bengaluru,UAE,Email Campaign
REG-2026-00016,2026-08-30,2026,8,Aug,35,Student Speaker Competition,Student 2026_00016,Amity International School,7,Bengaluru,India,Social Media
REG-2026-00668,2026-08-30,2026,8,Aug,35,International Coding Olympiad,Student 2026_00668,Greenwood International School,10,New Delhi,India,Email Campaign
REG-2026-00353,2026-08-31,2026,8,Aug,36,Student Speaker Competition,Student 2026_00353,Delhi International School,10,Abu Dhabi,India,Email Campaign
REG-2026-01292,2026-08-31,2026,8,Aug,36,Student Speaker Competition,Student 2026_01292,Greenwood International School,10,Dubai,India,Social Media
REG-2026-01095,2026-08-31,2026,8,Aug,36,International Science Olympiad,Student 2026_01095,Greenwood International School,5,Abu Dhabi,India,Website
REG-2026-01438,2026-08-31,2026,8,Aug,36,Winter Painting Competition,Student 2026_01438,Delhi Public School,6,Sharjah,India,WhatsApp
REG-2026-00961,2026-08-31,2026,8,Aug,36,International Mathematics Olympiad,Student 2026_00961,Delhi Public School,3,Mumbai,India,Social Media
REG-2026-01625,2026-08-31,2026,8,Aug,36,International School Olympiad,Student 2026_01625,Gurukul Global School,6,Gurugram,Qatar,Social Media
REG-2026-02120,2026-08-31,2026,8,Aug,36,International Science Olympiad,Student 2026_02120,The Millennium School,12,Bengaluru,India,Website
REG-2026-01802,2026-09-01,2026,9,Sep,36,International Coding Olympiad,Student 2026_01802,Bright Future Academy,10,Mumbai,India,Website
REG-2026-01349,2026-09-01,2026,9,Sep,36,International School Olympiad,Student 2026_01349,Gurukul Global School,5,Dubai,Qatar,School Outreach
REG-2026-01052,2026-09-01,2026,9,Sep,36,International School Olympiad,Student 2026_01052,Bright Future Academy,8,Abu Dhabi,UAE,WhatsApp
REG-2026-00197,2026-09-01,2026,9,Sep,36,International Coding Olympiad,Student 2026_00197,Delhi Public School,11,Gurugram,India,Email Campaign
REG-2026-00049,2026-09-01,2026,9,Sep,36,International School Olympiad,Student 2026_00049,Gurukul Global School,10,New Delhi,Qatar,Social Media
REG-2026-01786,2026-09-01,2026,9,Sep,36,International Mathematics Olympiad,Student 2026_01786,Oakridge International School,8,Dubai,India,Email Campaign
REG-2026-01919,2026-09-01,2026,9,Sep,36,Young Innovators Challenge,Student 2026_01919,Oakridge International School,1,Mumbai,India,Unknown
REG-2026-00173,2026-09-01,2026,9,Sep,36,International School Olympiad,Student 2026_00173,Oakridge International School,5,Sharjah,India,Email Campaign
REG-2026-01795,2026-09-01,2026,9,Sep,36,International Coding Olympiad,Student 2026_01795,The Millennium School,2,Gurugram,UAE,Partner School
REG-2026-01894,2026-09-01,2026,9,Sep,36,International Mathematics Olympiad,Student 2026_01894,The Indian High School,8,Bengaluru,Qatar,WhatsApp
REG-2026-00441,2026-09-01,2026,9,Sep,36,AI & Robotics Challenge,Student 2026_00441,Amity International School,6,Dubai,Qatar,School Outreach
REG-2026-00085,2026-09-01,2026,9,Sep,36,International Science Olympiad,Student 2026_00085,Amity International School,4,New Delhi,UAE,Social Media
REG-2026-00888,2026-09-02,2026,9,Sep,36,AI & Robotics Challenge,Student 2026_00888,Delhi International School,11,Sharjah,India,Email Campaign
REG-2026-01718,2026-09-02,2026,9,Sep,36,International Mathematics Olympiad,Student 2026_01718,Bright Future Academy,7,Bengaluru,India,Email Campaign
REG-2026-00131,2026-09-02,2026,9,Sep,36,International Coding Olympiad,Student 2026_00131,Global Indian International School,10,Gurugram,Qatar,Website
REG-2026-00486,2026-09-02,2026,9,Sep,36,International Coding Olympiad,Student 2026_00486,Oakridge International School,10,Doha,UAE,School Outreach
REG-2026-01088,2026-09-02,2026,9,Sep,36,Winter Painting Competition,Student 2026_01088,Global Indian International School,5,Dubai,UAE,Email Campaign
REG-2026-00940,2026-09-02,2026,9,Sep,36,International Coding Olympiad,Student 2026_00940,Unknown School,4,Mumbai,India,Partner School
REG-2026-01295,2026-09-02,2026,9,Sep,36,International Coding Olympiad,Student 2026_01295,Amity International School,4,Doha,UAE,Email Campaign
REG-2026-00021,2026-09-02,2026,9,Sep,36,International Coding Olympiad,Student 2026_00021,The Indian High School,9,Doha,UAE,Social Media
REG-2026-02065,2026-09-03,2026,9,Sep,36,Young Innovators Challenge,Student 2026_02065,Amity International School,9,Dubai,India,Partner School
REG-2026-00792,2026-09-03,2026,9,Sep,36,International School Olympiad,Student 2026_00792,Delhi International School,9,Doha,India,Partner School
REG-2026-00999,2026-09-03,2026,9,Sep,36,AI & Robotics Challenge,Student 2026_00999,Greenwood International School,10,Dubai,UAE,WhatsApp
REG-2026-01620,2026-09-03,2026,9,Sep,36,Young Innovators Challenge,Student 2026_01620,The Indian High School,9,Doha,India,Website
REG-2026-01384,2026-09-03,2026,9,Sep,36,International Mathematics Olympiad,Student 2026_01384,Gurukul Global School,12,Sharjah,India,Partner School
REG-2026-01372,2026-09-03,2026,9,Sep,36,International Mathematics Olympiad,Student 2026_01372,Bright Future Academy,7,Doha,India,School Outreach
REG-2026-01876,2026-09-03,2026,9,Sep,36,Student Speaker Competition,Student 2026_01876,The Millennium School,6,Mumbai,UAE,Website
REG-2026-01030,2026-09-03,2026,9,Sep,36,International Coding Olympiad,Student 2026_01030,Amity International School,4,Gurugram,India,Partner School
REG-2026-00856,2026-09-03,2026,9,Sep,36,Student Speaker Competition,Student 2026_00856,Delhi International School,2,New Delhi,India,Social Media
REG-2026-00045,2026-09-04,2026,9,Sep,36,Young Innovators Challenge,Student 2026_00045,Amity International School,10,Gurugram,UAE,School Outreach
REG-2026-01964,2026-09-04,2026,9,Sep,36,Winter Painting Competition,Student 2026_01964,Delhi Public School,10,New Delhi,India,School Outreach
REG-2026-01113,2026-09-04,2026,9,Sep,36,Young Innovators Challenge,Student 2026_01113,GEMS Modern Academy,11,Gurugram,UAE,School Outreach
REG-2026-02094,2026-09-04,2026,9,Sep,36,Student Speaker Competition,Student 2026_02094,Amity International School,5,New Delhi,India,Website
REG-2026-01568,2026-09-04,2026,9,Sep,36,International Science Olympiad,Student 2026_01568,Delhi International School,5,Abu Dhabi,UAE,Social Media
REG-2026-00869,2026-09-04,2026,9,Sep,36,AI & Robotics Challenge,Student 2026_00869,Bright Future Academy,9,Doha,India,Email Campaign
REG-2026-00358,2026-09-04,2026,9,Sep,36,International Coding Olympiad,Student 2026_00358,Gurukul Global School,3,Gurugram,India,Website
REG-2026-02030,2026-09-04,2026,9,Sep,36,International Mathematics Olympiad,Student 2026_02030,Oakridge International School,8,Doha,UAE,Email Campaign
REG-2026-01863,2026-09-04,2026,9,Sep,36,Winter Painting Competition,Student 2026_01863,GEMS Modern Academy,7,Doha,India,Email Campaign
REG-2026-00906,2026-09-04,2026,9,Sep,36,Young Innovators Challenge,Student 2026_00906,Oakridge International School,11,New Delhi,UAE,Email Campaign
REG-2026-00539,2026-09-04,2026,9,Sep,36,AI & Robotics Challenge,Student 2026_00539,Sunrise Public School,11,Doha,UAE,WhatsApp
REG-2026-00340,2026-09-04,2026,9,Sep,36,International Science Olympiad,Student 2026_00340,The Millennium School,10,New Delhi,UAE,Website
REG-2026-01388,2026-09-04,2026,9,Sep,36,Winter Painting Competition,Student 2026_01388,Greenwood International School,1,New Delhi,UAE,Social Media
