Registration ID,Registration Date,Year,Month,MonthName,Week,Competition,Student Name,School,Grade,City,Country,Registration Source
REG-2025-01409,2025-01-01,2025,1,Jan,1,International Science Olympiad,Student 2025_01409,Oakridge International School,3,Gurugram,India,Social Media
REG-2025-01482,2025-01-01,2025,1,Jan,1,International Mathematics Olympiad,Student 2025_01482,The Millennium School,7,Bengaluru,India,WhatsApp
REG-2025-01739,2025-01-01,2025,1,Jan,1,International School Olympiad,Student 2025_01739,Oakridge International School,11,Abu Dhabi,India,Partner School
REG-2025-01488,2025-01-01,2025,1,Jan,1,International Coding Olympiad,Student 2025_01488,Delhi International School,8,Sharjah,UAE,Partner School
REG-2025-01622,2025-01-01,2025,1,Jan,1,International Science Olympiad,Student 2025_01622,Unknown School,8,Bengaluru,UAE,WhatsApp
REG-2025-00575,2025-01-02,2025,1,Jan,1,Young Innovators Challenge,Student 2025_00575,The Indian High School,11,Gurugram,India,School Outreach
REG-2025-00901,2025-01-02,2025,1,Jan,1,International Science Olympiad,Student 2025_00901,Amity International School,9,Gurugram,Qatar,Website
REG-2025-00104,2025-01-02,2025,1,Jan,1,International Coding Olympiad,Student 2025_00104,Sunrise Public School,1,Dubai,UAE,WhatsApp
REG-2025-01550,2025-01-02,2025,1,Jan,1,International Science Olympiad,Student 2025_01550,Bright Future Academy,10,Doha,UAE,School Outreach
REG-2025-00846,2025-01-02,2025,1,Jan,1,International Science Olympiad,Student 2025_00846,GEMS Modern Academy,5,Gurugram,India,School Outreach
REG-2025-00707,2025-01-02,2025,1,Jan,1,Winter Painting Competition,Student 2025_00707,Gurukul Global School,5,Abu Dhabi,India,Partner School
REG-2025-00381,2025-01-02,2025,1,Jan,1,AI & Robotics Challenge,Student 2025_00381,Sunrise Public School,1,Mumbai,India,Partner School
REG-2025-00465,2025-01-02,2025,1,Jan,1,Young Innovators Challenge,Student 2025_00465,Bright Future Academy,10,Mumbai,UAE,Website
REG-2025-01237,2025-01-02,2025,1,Jan,1,International Mathematics Olympiad,Student 2025_01237,Amity International School,8,Abu Dhabi,India,Partner School
REG-2025-01190,2025-01-02,2025,1,Jan,1,Young Innovators Challenge,Student 2025_01190,Amity International School,11,Mumbai,UAE,WhatsApp
REG-2025-00845,2025-01-02,2025,1,Jan,1,Student Speaker Competition,Student 2025_00845,Delhi International School,12,Dubai,India,School Outreach
REG-2025-01294,2025-01-02,2025,1,Jan,1,International Coding Olympiad,Student 2025_01294,Oakridge International School,9,Mumbai,UAE,Partner School
REG-2025-00773,2025-01-02,2025,1,Jan,1,Student Speaker Competition,Student 2025_00773,Gurukul Global School,6,New Delhi,Qatar,Social Media
REG-2025-01279,2025-01-03,2025,1,Jan,1,International Mathematics Olympiad,Student 2025_01279,The Indian High School,3,Doha,India,WhatsApp
REG-2025-00801,2025-01-03,2025,1,Jan,1,International School Olympiad,Student 2025_00801,Greenwood International School,9,Mumbai,UAE,Partner School
REG-2025-00303,2025-01-03,2025,1,Jan,1,International School Olympiad,Student 2025_00303,Sunrise Public School,11,Sharjah,India,WhatsApp
REG-2025-01070,2025-01-03,2025,1,Jan,1,Young Innovators Challenge,Student 2025_01070,Sunrise Public School,5,Doha,India,School Outreach
REG-2025-01175,2025-01-03,2025,1,Jan,1,AI & Robotics Challenge,Student 2025_01175,The Indian High School,1,Doha,India,School Outreach
REG-2025-01763,2025-01-03,2025,1,Jan,1,AI & Robotics Challenge,Student 2025_01763,Delhi International School,2,Doha,UAE,Partner School
REG-2025-01532,2025-01-03,2025,1,Jan,1,Student Speaker Competition,Student 2025_01532,Sunrise Public School,9,Sharjah,UAE,School Outreach
REG-2025-00889,2025-01-04,2025,1,Jan,1,International School Olympiad,Student 2025_00889,Gurukul Global School,6,Abu Dhabi,UAE,WhatsApp
REG-2025-00839,2025-01-04,2025,1,Jan,1,Young Innovators Challenge,Student 2025_00839,The Millennium School,3,Abu Dhabi,UAE,Social Media
REG-2025-01121,2025-01-04,2025,1,Jan,1,International Science Olympiad,Student 2025_01121,Unknown School,6,Sharjah,India,WhatsApp
REG-2025-00410,2025-01-04,2025,1,Jan,1,Winter Painting Competition,Student 2025_00410,Delhi Public School,7,Abu Dhabi,UAE,WhatsApp
REG-2025-01682,2025-01-04,2025,1,Jan,1,International School Olympiad,Student 2025_01682,Sunrise Public School,2,Bengaluru,India,Social Media
REG-2025-00790,2025-01-04,2025,1,Jan,1,AI & Robotics Challenge,Student 2025_00790,Delhi Public School,2,Bengaluru,India,Website
REG-2025-01038,2025-01-04,2025,1,Jan,1,International Science Olympiad,Student 2025_01038,Gurukul Global School,7,Mumbai,India,Email Campaign
REG-2025-01594,2025-01-05,2025,1,Jan,1,Winter Painting Competition,Student 2025_01594,Bright Future Academy,9,Doha,India,WhatsApp
REG-2025-00478,2025-01-05,2025,1,Jan,1,International School Olympiad,Student 2025_00478,Delhi International School,10,Mumbai,India,School Outreach
REG-2025-01624,2025-01-05,2025,1,Jan,1,International Science Olympiad,Student 2025_01624,Oakridge International School,5,Sharjah,India,WhatsApp
REG-2025-01366,2025-01-05,2025,1,Jan,1,International Coding Olympiad,Student 2025_01366,Bright Future Academy,11,Abu Dhabi,UAE,Email Campaign
REG-2025-00415,2025-01-05,2025,1,Jan,1,International Coding Olympiad,Student 2025_00415,Sunrise Public School,10,Mumbai,Qatar,Partner School
REG-2025-01652,2025-01-05,2025,1,Jan,1,Young Innovators Challenge,Student 2025_01652,Oakridge International School,11,New Delhi,India,Social Media
REG-2025-00233,2025-01-05,2025,1,Jan,1,International Coding Olympiad,Student 2025_00233,Global Indian International School,10,Bengaluru,India,Partner School
REG-2025-00821,2025-01-06,2025,1,Jan,2,International Coding Olympiad,Student 2025_00821,The Millennium School,11,Mumbai,UAE,Website
REG-2025-00369,2025-01-06,2025,1,Jan,2,Young Innovators Challenge,Student 2025_00369,Gurukul Global School,6,Gurugram,India,School Outreach
REG-2025-00272,2025-01-06,2025,1,Jan,2,Student Speaker Competition,Student 2025_00272,Sunrise Public School,9,Abu Dhabi,UAE,Social Media
REG-2025-01783,2025-01-06,2025,1,Jan,2,International Coding Olympiad,Student 2025_01783,The Indian High School,8,Dubai,India,Email Campaign
REG-2025-01167,2025-01-06,2025,1,Jan,2,Young Innovators Challenge,Student 2025_01167,Greenwood International School,5,Mumbai,India,School Outreach
REG-2025-00540,2025-01-06,2025,1,Jan,2,Winter Painting Competition,Student 2025_00540,Gurukul Global School,10,Sharjah,India,Partner School
REG-2025-00300,2025-01-06,2025,1,Jan,2,Student Speaker Competition,Student 2025_00300,Delhi International School,1,Doha,India,Social Media
REG-2025-01529,2025-01-06,2025,1,Jan,2,International Science Olympiad,Student 2025_01529,The Millennium School,6,Doha,India,School Outreach
REG-2025-00170,2025-01-06,2025,1,Jan,2,AI & Robotics Challenge,Student 2025_00170,GEMS Modern Academy,12,New Delhi,India,Social Media
REG-2025-01744,2025-01-06,2025,1,Jan,2,International School Olympiad,Student 2025_01744,Gurukul Global School,6,Dubai,India,Website
REG-2025-01180,2025-01-07,2025,1,Jan,2,International Coding Olympiad,Student 2025_01180,Bright Future Academy,4,Mumbai,UAE,Partner School
REG-2025-00429,2025-01-07,2025,1,Jan,2,International Mathematics Olympiad,Student 2025_00429,Oakridge International School,7,Bengaluru,India,Website
REG-2025-00454,2025-01-07,2025,1,Jan,2,International Mathematics Olympiad,Student 2025_00454,Sunrise Public School,12,New Delhi,India,Partner School
REG-2025-01399,2025-01-07,2025,1,Jan,2,International Coding Olympiad,Student 2025_01399,Amity International School,12,Dubai,India,Social Media
REG-2025-01536,2025-01-08,2025,1,Jan,2,Winter Painting Competition,Student 2025_01536,The Indian High School,4,Sharjah,UAE,WhatsApp
REG-2025-01590,2025-01-08,2025,1,Jan,2,International Science Olympiad,Student 2025_01590,Gurukul Global School,6,Doha,UAE,Website
REG-2025-00787,2025-01-08,2025,1,Jan,2,Young Innovators Challenge,Student 2025_00787,Sunrise Public School,9,Mumbai,India,Email Campaign
REG-2025-00138,2025-01-08,2025,1,Jan,2,AI & Robotics Challenge,Student 2025_00138,The Millennium School,1,Abu Dhabi,Qatar,Website
REG-2025-00385,2025-01-08,2025,1,Jan,2,Winter Painting Competition,Student 2025_00385,Delhi Public School,4,Dubai,India,Email Campaign
REG-2025-00830,2025-01-08,2025,1,Jan,2,AI & Robotics Challenge,Student 2025_00830,Amity International School,6,Gurugram,India,Website
REG-2025-01493,2025-01-08,2025,1,Jan,2,AI & Robotics Challenge,Student 2025_01493,Gurukul Global School,6,Gurugram,UAE,WhatsApp
REG-2025-01300,2025-01-08,2025,1,Jan,2,International Science Olympiad,Student 2025_01300,The Millennium School,5,Gurugram,UAE,Website
REG-2025-00970,2025-01-09,2025,1,Jan,2,International School Olympiad,Student 2025_00970,Gurukul Global School,4,Sharjah,UAE,Website
REG-2025-00147,2025-01-09,2025,1,Jan,2,International Mathematics Olympiad,Student 2025_00147,Gurukul Global School,10,Mumbai,India,Social Media
REG-2025-00844,2025-01-09,2025,1,Jan,2,Winter Painting Competition,Student 2025_00844,Oakridge International School,6,Doha,UAE,Partner School
REG-2025-01446,2025-01-09,2025,1,Jan,2,International Coding Olympiad,Student 2025_01446,GEMS Modern Academy,10,Gurugram,India,Partner School
REG-2025-00663,2025-01-09,2025,1,Jan,2,International School Olympiad,Student 2025_00663,Global Indian International School,6,Abu Dhabi,UAE,WhatsApp
REG-2025-01683,2025-01-09,2025,1,Jan,2,International Coding Olympiad,Student 2025_01683,The Indian High School,12,Abu Dhabi,UAE,Partner School
REG-2025-00870,2025-01-10,2025,1,Jan,2,International School Olympiad,Student 2025_00870,Global Indian International School,11,Bengaluru,India,Partner School
REG-2025-00117,2025-01-10,2025,1,Jan,2,International Science Olympiad,Student 2025_00117,Delhi International School,4,Gurugram,India,Social Media
REG-2025-01266,2025-01-10,2025,1,Jan,2,International Mathematics Olympiad,Student 2025_01266,Sunrise Public School,7,Sharjah,UAE,WhatsApp
REG-2025-00328,2025-01-10,2025,1,Jan,2,Young Innovators Challenge,Student 2025_00328,Sunrise Public School,11,Bengaluru,Qatar,Partner School
REG-2025-00811,2025-01-11,2025,1,Jan,2,Student Speaker Competition,Student 2025_00811,GEMS Modern Academy,5,Doha,India,WhatsApp
REG-2025-00056,2025-01-11,2025,1,Jan,2,International School Olympiad,Student 2025_00056,Global Indian International School,10,Bengaluru,India,Social Media
REG-2025-00902,2025-01-11,2025,1,Jan,2,International Science Olympiad,Student 2025_00902,Global Indian International School,7,Abu Dhabi,UAE,Website
REG-2025-00817,2025-01-11,2025,1,Jan,2,AI & Robotics Challenge,Student 2025_00817,Greenwood International School,6,Sharjah,Qatar,WhatsApp
REG-2025-01019,2025-01-11,2025,1,Jan,2,International Science Olympiad,Student 2025_01019,Sunrise Public School,3,Gurugram,Qatar,Website
REG-2025-00562,2025-01-11,2025,1,Jan,2,Young Innovators Challenge,Student 2025_00562,Oakridge International School,4,Dubai,UAE,Website
REG-2025-01099,2025-01-11,2025,1,Jan,2,International School Olympiad,Student 2025_01099,Delhi Public School,4,Doha,UAE,Social Media
REG-2025-01452,2025-01-11,2025,1,Jan,2,International School Olympiad,Student 2025_01452,Sunrise Public School,11,Abu Dhabi,UAE,Email Campaign
REG-2025-00250,2025-01-11,2025,1,Jan,2,International School Olympiad,Student 2025_00250,Oakridge International School,4,Dubai,India,Email Campaign
REG-2025-01240,2025-01-11,2025,1,Jan,2,International School Olympiad,Student 2025_01240,Greenwood International School,5,Abu Dhabi,India,WhatsApp
REG-2025-01110,2025-01-12,2025,1,Jan,2,International Science Olympiad,Student 2025_01110,Greenwood International School,12,Doha,UAE,Website
REG-2025-00397,2025-01-12,2025,1,Jan,2,International Coding Olympiad,Student 2025_00397,The Millennium School,3,Gurugram,UAE,Website
REG-2025-00352,2025-01-12,2025,1,Jan,2,International Coding Olympiad,Student 2025_00352,Sunrise Public School,8,Unknown,India,Social Media
REG-2025-01463,2025-01-12,2025,1,Jan,2,Young Innovators Challenge,Student 2025_01463,Oakridge International School,10,New Delhi,UAE,Email Campaign
REG-2025-01526,2025-01-12,2025,1,Jan,2,Student Speaker Competition,Student 2025_01526,Delhi International School,9,Dubai,UAE,Website
REG-2025-01518,2025-01-12,2025,1,Jan,2,Young Innovators Challenge,Student 2025_01518,Delhi Public School,1,Abu Dhabi,UAE,WhatsApp
REG-2025-01781,2025-01-12,2025,1,Jan,2,International School Olympiad,Student 2025_01781,The Millennium School,2,Abu Dhabi,UAE,Email Campaign
REG-2025-01270,2025-01-13,2025,1,Jan,3,Young Innovators Challenge,Student 2025_01270,The Millennium School,10,Bengaluru,UAE,Partner School
REG-2025-01453,2025-01-13,2025,1,Jan,3,International Mathematics Olympiad,Student 2025_01453,Greenwood International School,2,New Delhi,UAE,Social Media
REG-2025-01286,2025-01-13,2025,1,Jan,3,International Coding Olympiad,Student 2025_01286,Gurukul Global School,9,Abu Dhabi,India,Website
REG-2025-01642,2025-01-13,2025,1,Jan,3,AI & Robotics Challenge,Student 2025_01642,Amity International School,4,Sharjah,Qatar,Email Campaign
REG-2025-01653,2025-01-13,2025,1,Jan,3,International Science Olympiad,Student 2025_01653,Bright Future Academy,3,Mumbai,India,Social Media
REG-2025-00584,2025-01-13,2025,1,Jan,3,International Mathematics Olympiad,Student 2025_00584,Unknown School,1,Doha,India,School Outreach
REG-2025-00699,2025-01-13,2025,1,Jan,3,International School Olympiad,Student 2025_00699,Bright Future Academy,4,Dubai,India,School Outreach
REG-2025-00848,2025-01-13,2025,1,Jan,3,Young Innovators Challenge,Student 2025_00848,Amity International School,10,Bengaluru,UAE,Email Campaign
REG-2025-01464,2025-01-13,2025,1,Jan,3,International School Olympiad,Student 2025_01464,Delhi International School,2,Dubai,UAE,Social Media
REG-2025-00574,2025-01-13,2025,1,Jan,3,Young Innovators Challenge,Student 2025_00574,Amity International School,5,New Delhi,UAE,WhatsApp
REG-2025-01267,2025-01-14,2025,1,Jan,3,International School Olympiad,Student 2025_01267,The Millennium School,11,Abu Dhabi,UAE,School Outreach
REG-2025-01021,2025-01-14,2025,1,Jan,3,Young Innovators Challenge,Student 2025_01021,GEMS Modern Academy,4,Abu Dhabi,India,Partner School
REG-2025-01026,2025-01-14,2025,1,Jan,3,International Coding Olympiad,Student 2025_01026,Sunrise Public School,9,Gurugram,India,WhatsApp
REG-2025-00887,2025-01-14,2025,1,Jan,3,AI & Robotics Challenge,Student 2025_00887,Gurukul Global School,2,Abu Dhabi,UAE,Social Media
REG-2025-00542,2025-01-14,2025,1,Jan,3,International Coding Olympiad,Student 2025_00542,Sunrise Public School,4,New Delhi,India,Social Media
REG-2025-00546,2025-01-14,2025,1,Jan,3,International Science Olympiad,Student 2025_00546,Greenwood International School,8,Mumbai,India,WhatsApp
REG-2025-00898,2025-01-14,2025,1,Jan,3,International Mathematics Olympiad,Student 2025_00898,GEMS Modern Academy,2,Doha,India,School Outreach
REG-2025-01615,2025-01-15,2025,1,Jan,3,International Mathematics Olympiad,Student 2025_01615,Delhi Public School,7,Gurugram,India,Website
REG-2025-01351,2025-01-15,2025,1,Jan,3,Young Innovators Challenge,Student 2025_01351,The Indian High School,5,Mumbai,India,School Outreach
REG-2025-00150,2025-01-15,2025,1,Jan,3,International Mathematics Olympiad,Student 2025_00150,Oakridge International School,10,Bengaluru,UAE,Email Campaign
REG-2025-01136,2025-01-15,2025,1,Jan,3,Student Speaker Competition,Student 2025_01136,The Millennium School,3,Gurugram,India,Partner School
REG-2025-00858,2025-01-15,2025,1,Jan,3,Winter Painting Competition,Student 2025_00858,Delhi International School,8,Dubai,UAE,School Outreach
REG-2025-01470,2025-01-15,2025,1,Jan,3,Young Innovators Challenge,Student 2025_01470,GEMS Modern Academy,12,Doha,UAE,Email Campaign
REG-2025-01411,2025-01-15,2025,1,Jan,3,Winter Painting Competition,Student 2025_01411,Delhi International School,4,Abu Dhabi,UAE,Website
REG-2025-00036,2025-01-16,2025,1,Jan,3,International Mathematics Olympiad,Student 2025_00036,Greenwood International School,4,Mumbai,UAE,Social Media
REG-2025-00619,2025-01-16,2025,1,Jan,3,International Coding Olympiad,Student 2025_00619,Bright Future Academy,9,Dubai,India,Social Media
REG-2025-00045,2025-01-17,2025,1,Jan,3,AI & Robotics Challenge,Student 2025_00045,Bright Future Academy,2,Gurugram,India,Partner School
REG-2025-01362,2025-01-17,2025,1,Jan,3,Winter Painting Competition,Student 2025_01362,Delhi Public School,4,Dubai,UAE,Social Media
REG-2025-00279,2025-01-17,2025,1,Jan,3,International Mathematics Olympiad,Student 2025_00279,Bright Future Academy,4,Abu Dhabi,UAE,Website
REG-2025-01035,2025-01-17,2025,1,Jan,3,Student Speaker Competition,Student 2025_01035,Oakridge International School,10,Dubai,UAE,Website
REG-2025-01456,2025-01-17,2025,1,Jan,3,Student Speaker Competition,Student 2025_01456,Bright Future Academy,8,New Delhi,UAE,School Outreach
REG-2025-00518,2025-01-17,2025,1,Jan,3,Young Innovators Challenge,Student 2025_00518,GEMS Modern Academy,10,Bengaluru,India,Website
REG-2025-01769,2025-01-17,2025,1,Jan,3,International Science Olympiad,Student 2025_01769,Greenwood International School,10,Mumbai,India,WhatsApp
REG-2025-00387,2025-01-17,2025,1,Jan,3,AI & Robotics Challenge,Student 2025_00387,Oakridge International School,3,Gurugram,Qatar,WhatsApp
REG-2025-01022,2025-01-18,2025,1,Jan,3,International Mathematics Olympiad,Student 2025_01022,Amity International School,3,Sharjah,UAE,Partner School
REG-2025-00899,2025-01-18,2025,1,Jan,3,Young Innovators Challenge,Student 2025_00899,Gurukul Global School,6,Abu Dhabi,India,Social Media
REG-2025-00659,2025-01-18,2025,1,Jan,3,International Science Olympiad,Student 2025_00659,Gurukul Global School,8,Mumbai,UAE,School Outreach
REG-2025-00069,2025-01-19,2025,1,Jan,3,Young Innovators Challenge,Student 2025_00069,Gurukul Global School,1,New Delhi,UAE,Social Media
REG-2025-01055,2025-01-19,2025,1,Jan,3,International School Olympiad,Student 2025_01055,The Millennium School,2,Mumbai,India,Email Campaign
REG-2025-01215,2025-01-19,2025,1,Jan,3,International Coding Olympiad,Student 2025_01215,Bright Future Academy,2,Sharjah,UAE,Unknown
REG-2025-01253,2025-01-19,2025,1,Jan,3,Student Speaker Competition,Student 2025_01253,Delhi Public School,2,Abu Dhabi,India,Partner School
REG-2025-00439,2025-01-20,2025,1,Jan,4,International School Olympiad,Student 2025_00439,Delhi Public School,3,Bengaluru,India,WhatsApp
REG-2025-01571,2025-01-20,2025,1,Jan,4,AI & Robotics Challenge,Student 2025_01571,Amity International School,8,Doha,India,School Outreach
REG-2025-01027,2025-01-20,2025,1,Jan,4,AI & Robotics Challenge,Student 2025_01027,Bright Future Academy,12,New Delhi,India,Website
REG-2025-00217,2025-01-20,2025,1,Jan,4,International Coding Olympiad,Student 2025_00217,The Millennium School,2,Mumbai,India,School Outreach
REG-2025-01096,2025-01-20,2025,1,Jan,4,Student Speaker Competition,Student 2025_01096,Gurukul Global School,12,Bengaluru,UAE,Email Campaign
REG-2025-01588,2025-01-20,2025,1,Jan,4,International School Olympiad,Student 2025_01588,The Millennium School,9,Unknown,India,Website
REG-2025-00127,2025-01-20,2025,1,Jan,4,Winter Painting Competition,Student 2025_00127,Sunrise Public School,9,Unknown,Qatar,Partner School
REG-2025-01361,2025-01-21,2025,1,Jan,4,International Science Olympiad,Student 2025_01361,Delhi International School,1,Abu Dhabi,India,Email Campaign
REG-2025-00280,2025-01-21,2025,1,Jan,4,International Mathematics Olympiad,Student 2025_00280,Bright Future Academy,3,Sharjah,Qatar,Website
REG-2025-00431,2025-01-21,2025,1,Jan,4,Student Speaker Competition,Student 2025_00431,Amity International School,7,Dubai,UAE,Website
REG-2025-00678,2025-01-21,2025,1,Jan,4,International School Olympiad,Student 2025_00678,Global Indian International School,10,Sharjah,UAE,Social Media
REG-2025-01122,2025-01-21,2025,1,Jan,4,International Coding Olympiad,Student 2025_01122,Global Indian International School,8,Bengaluru,India,Email Campaign
REG-2025-01256,2025-01-21,2025,1,Jan,4,International School Olympiad,Student 2025_01256,The Indian High School,1,Gurugram,UAE,WhatsApp
REG-2025-01328,2025-01-21,2025,1,Jan,4,International Coding Olympiad,Student 2025_01328,The Millennium School,11,Bengaluru,India,Partner School
REG-2025-00246,2025-01-21,2025,1,Jan,4,AI & Robotics Challenge,Student 2025_00246,Greenwood International School,4,Sharjah,UAE,Social Media
REG-2025-00728,2025-01-22,2025,1,Jan,4,International Mathematics Olympiad,Student 2025_00728,Amity International School,5,Mumbai,India,Website
REG-2025-00196,2025-01-22,2025,1,Jan,4,AI & Robotics Challenge,Student 2025_00196,The Indian High School,4,Mumbai,UAE,Partner School
REG-2025-00007,2025-01-22,2025,1,Jan,4,Young Innovators Challenge,Student 2025_00007,Bright Future Academy,3,Bengaluru,India,Website
REG-2025-00753,2025-01-22,2025,1,Jan,4,International Mathematics Olympiad,Student 2025_00753,Global Indian International School,3,Dubai,India,Website
REG-2025-01543,2025-01-22,2025,1,Jan,4,International Mathematics Olympiad,Student 2025_01543,Gurukul Global School,12,New Delhi,India,Partner School
REG-2025-00881,2025-01-22,2025,1,Jan,4,International Coding Olympiad,Student 2025_00881,Oakridge International School,11,Mumbai,UAE,Social Media
REG-2025-01721,2025-01-22,2025,1,Jan,4,International School Olympiad,Student 2025_01721,Delhi Public School,3,New Delhi,UAE,Social Media
REG-2025-00910,2025-01-23,2025,1,Jan,4,International Coding Olympiad,Student 2025_00910,The Indian High School,7,Sharjah,Qatar,WhatsApp
REG-2025-00033,2025-01-23,2025,1,Jan,4,AI & Robotics Challenge,Student 2025_00033,GEMS Modern Academy,9,Gurugram,India,WhatsApp
REG-2025-01531,2025-01-23,2025,1,Jan,4,International School Olympiad,Student 2025_01531,The Millennium School,11,Sharjah,India,Partner School
REG-2025-00133,2025-01-23,2025,1,Jan,4,Young Innovators Challenge,Student 2025_00133,Bright Future Academy,8,Sharjah,India,Email Campaign
REG-2025-00826,2025-01-23,2025,1,Jan,4,International Coding Olympiad,Student 2025_00826,Delhi Public School,4,New Delhi,UAE,Partner School
REG-2025-00695,2025-01-23,2025,1,Jan,4,International School Olympiad,Student 2025_00695,The Millennium School,3,Sharjah,Qatar,WhatsApp
REG-2025-00001,2025-01-23,2025,1,Jan,4,Young Innovators Challenge,Student 2025_00001,The Millennium School,9,Dubai,India,WhatsApp
REG-2025-00359,2025-01-23,2025,1,Jan,4,Young Innovators Challenge,Student 2025_00359,Sunrise Public School,7,Mumbai,India,School Outreach
REG-2025-01633,2025-01-23,2025,1,Jan,4,International Science Olympiad,Student 2025_01633,Gurukul Global School,5,Gurugram,UAE,Partner School
REG-2025-00172,2025-01-23,2025,1,Jan,4,International Science Olympiad,Student 2025_00172,Bright Future Academy,2,Doha,UAE,Email Campaign
REG-2025-00977,2025-01-24,2025,1,Jan,4,International Mathematics Olympiad,Student 2025_00977,Delhi International School,12,Bengaluru,UAE,School Outreach
REG-2025-00243,2025-01-24,2025,1,Jan,4,International School Olympiad,Student 2025_00243,Amity International School,3,New Delhi,India,School Outreach
REG-2025-00218,2025-01-24,2025,1,Jan,4,Student Speaker Competition,Student 2025_00218,Sunrise Public School,3,New Delhi,UAE,Email Campaign
REG-2025-00376,2025-01-24,2025,1,Jan,4,AI & Robotics Challenge,Student 2025_00376,Delhi Public School,12,Doha,UAE,Website
REG-2025-00674,2025-01-24,2025,1,Jan,4,International School Olympiad,Student 2025_00674,Greenwood International School,12,Bengaluru,UAE,School Outreach
REG-2025-01690,2025-01-24,2025,1,Jan,4,AI & Robotics Challenge,Student 2025_01690,Bright Future Academy,7,Doha,UAE,Email Campaign
REG-2025-00581,2025-01-24,2025,1,Jan,4,AI & Robotics Challenge,Student 2025_00581,Delhi International School,2,Gurugram,India,Website
REG-2025-00791,2025-01-24,2025,1,Jan,4,Student Speaker Competition,Student 2025_00791,Oakridge International School,3,Mumbai,UAE,Email Campaign
REG-2025-00951,2025-01-24,2025,1,Jan,4,International Mathematics Olympiad,Student 2025_00951,GEMS Modern Academy,4,Bengaluru,India,WhatsApp
REG-2025-00700,2025-01-24,2025,1,Jan,4,International Mathematics Olympiad,Student 2025_00700,GEMS Modern Academy,4,Gurugram,India,Social Media
REG-2025-00010,2025-01-24,2025,1,Jan,4,International Mathematics Olympiad,Student 2025_00010,Greenwood International School,4,Dubai,Qatar,Social Media
REG-2025-01738,2025-01-25,2025,1,Jan,4,International Mathematics Olympiad,Student 2025_01738,Delhi International School,11,Abu Dhabi,India,Partner School
REG-2025-00891,2025-01-25,2025,1,Jan,4,Student Speaker Competition,Student 2025_00891,The Indian High School,3,Doha,UAE,Website
REG-2025-00087,2025-01-25,2025,1,Jan,4,AI & Robotics Challenge,Student 2025_00087,GEMS Modern Academy,12,Sharjah,UAE,School Outreach
REG-2025-01788,2025-01-25,2025,1,Jan,4,International Science Olympiad,Student 2025_01788,The Indian High School,7,New Delhi,Qatar,Email Campaign
REG-2025-00588,2025-01-25,2025,1,Jan,4,Young Innovators Challenge,Student 2025_00588,Amity International School,1,Mumbai,India,Partner School
REG-2025-00258,2025-01-26,2025,1,Jan,4,International Coding Olympiad,Student 2025_00258,Amity International School,10,Bengaluru,Qatar,Social Media
REG-2025-00580,2025-01-26,2025,1,Jan,4,Young Innovators Challenge,Student 2025_00580,Amity International School,4,Bengaluru,India,Social Media
REG-2025-01436,2025-01-26,2025,1,Jan,4,International Science Olympiad,Student 2025_01436,Greenwood International School,9,Doha,Qatar,Email Campaign
REG-2025-01289,2025-01-26,2025,1,Jan,4,International Mathematics Olympiad,Student 2025_01289,Delhi Public School,6,Bengaluru,India,Partner School
REG-2025-01730,2025-01-26,2025,1,Jan,4,International Mathematics Olympiad,Student 2025_01730,Gurukul Global School,9,Sharjah,India,Website
REG-2025-01450,2025-01-26,2025,1,Jan,4,International Coding Olympiad,Student 2025_01450,Greenwood International School,8,Bengaluru,India,Partner School
REG-2025-01359,2025-01-26,2025,1,Jan,4,International Coding Olympiad,Student 2025_01359,Delhi International School,11,Sharjah,India,Social Media
REG-2025-01166,2025-01-26,2025,1,Jan,4,Winter Painting Competition,Student 2025_01166,GEMS Modern Academy,1,New Delhi,Qatar,Website
REG-2025-00516,2025-01-27,2025,1,Jan,5,Student Speaker Competition,Student 2025_00516,Sunrise Public School,4,Bengaluru,Qatar,Email Campaign
REG-2025-00171,2025-01-27,2025,1,Jan,5,International School Olympiad,Student 2025_00171,The Millennium School,6,Bengaluru,UAE,Social Media
REG-2025-00583,2025-01-27,2025,1,Jan,5,International Science Olympiad,Student 2025_00583,Global Indian International School,6,New Delhi,India,Social Media
REG-2025-00480,2025-01-27,2025,1,Jan,5,AI & Robotics Challenge,Student 2025_00480,Delhi Public School,6,Gurugram,UAE,Social Media
REG-2025-00818,2025-01-27,2025,1,Jan,5,International Science Olympiad,Student 2025_00818,Amity International School,7,Sharjah,India,WhatsApp
REG-2025-00322,2025-01-27,2025,1,Jan,5,International Mathematics Olympiad,Student 2025_00322,The Millennium School,8,Bengaluru,India,WhatsApp
REG-2025-00460,2025-01-27,2025,1,Jan,5,International Coding Olympiad,Student 2025_00460,Amity International School,7,Abu Dhabi,India,Social Media
REG-2025-01272,2025-01-27,2025,1,Jan,5,International Mathematics Olympiad,Student 2025_01272,Gurukul Global School,6,Mumbai,UAE,WhatsApp
REG-2025-00310,2025-01-27,2025,1,Jan,5,AI & Robotics Challenge,Student 2025_00310,GEMS Modern Academy,8,Dubai,UAE,Partner School
REG-2025-01227,2025-01-27,2025,1,Jan,5,AI & Robotics Challenge,Student 2025_01227,Delhi International School,9,New Delhi,India,Partner School
REG-2025-01579,2025-01-28,2025,1,Jan,5,AI & Robotics Challenge,Student 2025_01579,The Indian High School,2,Doha,India,Website
REG-2025-01538,2025-01-28,2025,1,Jan,5,International Science Olympiad,Student 2025_01538,GEMS Modern Academy,1,Doha,UAE,Website
REG-2025-00808,2025-01-28,2025,1,Jan,5,AI & Robotics Challenge,Student 2025_00808,GEMS Modern Academy,11,Doha,Qatar,School Outreach
REG-2025-01489,2025-01-28,2025,1,Jan,5,Student Speaker Competition,Student 2025_01489,Delhi Public School,5,Bengaluru,India,WhatsApp
REG-2025-01466,2025-01-28,2025,1,Jan,5,International Science Olympiad,Student 2025_01466,The Indian High School,8,Gurugram,UAE,WhatsApp
REG-2025-01484,2025-01-28,2025,1,Jan,5,International Coding Olympiad,Student 2025_01484,Gurukul Global School,3,New Delhi,UAE,School Outreach
REG-2025-01020,2025-01-29,2025,1,Jan,5,Winter Painting Competition,Student 2025_01020,Greenwood International School,3,Abu Dhabi,UAE,Email Campaign
REG-2025-00120,2025-01-29,2025,1,Jan,5,AI & Robotics Challenge,Student 2025_00120,Delhi International School,1,Mumbai,India,Unknown
REG-2025-00873,2025-01-29,2025,1,Jan,5,International Science Olympiad,Student 2025_00873,GEMS Modern Academy,7,Gurugram,India,Partner School
REG-2025-00726,2025-01-29,2025,1,Jan,5,Student Speaker Competition,Student 2025_00726,The Indian High School,10,New Delhi,India,Partner School
REG-2025-01216,2025-01-29,2025,1,Jan,5,Winter Painting Competition,Student 2025_01216,Sunrise Public School,10,New Delhi,UAE,Website
REG-2025-00501,2025-01-29,2025,1,Jan,5,AI & Robotics Challenge,Student 2025_00501,Greenwood International School,5,Gurugram,India,Partner School
REG-2025-00365,2025-01-29,2025,1,Jan,5,International Science Olympiad,Student 2025_00365,GEMS Modern Academy,3,Bengaluru,India,Partner School
REG-2025-01321,2025-01-29,2025,1,Jan,5,AI & Robotics Challenge,Student 2025_01321,The Millennium School,5,Sharjah,UAE,WhatsApp
REG-2025-00538,2025-01-29,2025,1,Jan,5,Young Innovators Challenge,Student 2025_00538,Greenwood International School,5,Mumbai,Qatar,WhatsApp
REG-2025-00313,2025-01-30,2025,1,Jan,5,International Science Olympiad,Student 2025_00313,The Indian High School,6,Abu Dhabi,India,Email Campaign
REG-2025-00778,2025-01-30,2025,1,Jan,5,AI & Robotics Challenge,Student 2025_00778,The Indian High School,8,Abu Dhabi,UAE,Partner School
REG-2025-01343,2025-01-30,2025,1,Jan,5,AI & Robotics Challenge,Student 2025_01343,Oakridge International School,7,Mumbai,India,School Outreach
REG-2025-00497,2025-01-30,2025,1,Jan,5,Young Innovators Challenge,Student 2025_00497,Global Indian International School,9,Bengaluru,UAE,WhatsApp
REG-2025-00863,2025-01-30,2025,1,Jan,5,International Mathematics Olympiad,Student 2025_00863,Delhi International School,4,Abu Dhabi,UAE,WhatsApp
REG-2025-01157,2025-01-30,2025,1,Jan,5,Winter Painting Competition,Student 2025_01157,Oakridge International School,10,Doha,India,Email Campaign
REG-2025-01050,2025-01-30,2025,1,Jan,5,Winter Painting Competition,Student 2025_01050,GEMS Modern Academy,5,Gurugram,UAE,School Outreach
REG-2025-01619,2025-01-30,2025,1,Jan,5,Young Innovators Challenge,Student 2025_01619,Oakridge International School,2,New Delhi,Qatar,Social Media
REG-2025-00724,2025-01-30,2025,1,Jan,5,International Coding Olympiad,Student 2025_00724,Global Indian International School,8,New Delhi,India,WhatsApp
REG-2025-00946,2025-01-30,2025,1,Jan,5,International Science Olympiad,Student 2025_00946,The Indian High School,1,Gurugram,UAE,WhatsApp
REG-2025-00198,2025-01-30,2025,1,Jan,5,International School Olympiad,Student 2025_00198,Global Indian International School,5,Bengaluru,India,WhatsApp
REG-2025-00783,2025-01-31,2025,1,Jan,5,Student Speaker Competition,Student 2025_00783,Sunrise Public School,5,Abu Dhabi,UAE,Partner School
REG-2025-01238,2025-01-31,2025,1,Jan,5,Student Speaker Competition,Student 2025_01238,Delhi International School,4,Dubai,India,Email Campaign
REG-2025-01605,2025-01-31,2025,1,Jan,5,International Mathematics Olympiad,Student 2025_01605,GEMS Modern Academy,6,Gurugram,UAE,Partner School
REG-2025-00418,2025-01-31,2025,1,Jan,5,International Coding Olympiad,Student 2025_00418,Oakridge International School,7,Gurugram,UAE,Email Campaign
REG-2025-00784,2025-01-31,2025,1,Jan,5,International Mathematics Olympiad,Student 2025_00784,Greenwood International School,7,Sharjah,India,Social Media
REG-2025-00436,2025-01-31,2025,1,Jan,5,International School Olympiad,Student 2025_00436,Global Indian International School,11,Abu Dhabi,India,Website
REG-2025-00874,2025-01-31,2025,1,Jan,5,International School Olympiad,Student 2025_00874,Delhi Public School,3,Sharjah,UAE,Email Campaign
REG-2025-00386,2025-01-31,2025,1,Jan,5,Winter Painting Competition,Student 2025_00386,Amity International School,4,Bengaluru,India,Partner School
REG-2025-00945,2025-02-01,2025,2,Feb,5,International Coding Olympiad,Student 2025_00945,Amity International School,1,Dubai,India,School Outreach
REG-2025-01610,2025-02-01,2025,2,Feb,5,International Science Olympiad,Student 2025_01610,Delhi International School,5,New Delhi,India,Email Campaign
REG-2025-00705,2025-02-01,2025,2,Feb,5,International Mathematics Olympiad,Student 2025_00705,Gurukul Global School,8,Gurugram,Qatar,Social Media
REG-2025-00221,2025-02-01,2025,2,Feb,5,International Science Olympiad,Student 2025_00221,Sunrise Public School,12,Mumbai,UAE,School Outreach
REG-2025-01005,2025-02-01,2025,2,Feb,5,International Science Olympiad,Student 2025_01005,Delhi International School,11,Dubai,India,Website
REG-2025-00018,2025-02-01,2025,2,Feb,5,International Coding Olympiad,Student 2025_00018,Amity International School,6,Doha,Qatar,Social Media
REG-2025-00759,2025-02-01,2025,2,Feb,5,AI & Robotics Challenge,Student 2025_00759,Sunrise Public School,11,Mumbai,India,WhatsApp
REG-2025-01630,2025-02-01,2025,2,Feb,5,International Science Olympiad,Student 2025_01630,Sunrise Public School,11,New Delhi,India,Partner School
REG-2025-00157,2025-02-01,2025,2,Feb,5,International School Olympiad,Student 2025_00157,Bright Future Academy,2,Dubai,UAE,School Outreach
REG-2025-00414,2025-02-02,2025,2,Feb,5,International Coding Olympiad,Student 2025_00414,Sunrise Public School,7,New Delhi,India,Partner School
REG-2025-01645,2025-02-02,2025,2,Feb,5,Young Innovators Challenge,Student 2025_01645,Gurukul Global School,7,Bengaluru,UAE,Social Media
REG-2025-01776,2025-02-02,2025,2,Feb,5,Young Innovators Challenge,Student 2025_01776,The Indian High School,11,Dubai,India,Partner School
REG-2025-00670,2025-02-02,2025,2,Feb,5,Young Innovators Challenge,Student 2025_00670,GEMS Modern Academy,6,Sharjah,India,Email Campaign
REG-2025-00074,2025-02-02,2025,2,Feb,5,International School Olympiad,Student 2025_00074,Greenwood International School,5,Bengaluru,UAE,Partner School
REG-2025-00434,2025-02-02,2025,2,Feb,5,Winter Painting Competition,Student 2025_00434,The Millennium School,7,New Delhi,Qatar,Partner School
REG-2025-00443,2025-02-02,2025,2,Feb,5,Young Innovators Challenge,Student 2025_00443,Amity International School,3,Sharjah,UAE,Partner School
REG-2025-00823,2025-02-03,2025,2,Feb,6,Student Speaker Competition,Student 2025_00823,Bright Future Academy,8,New Delhi,Qatar,Website
REG-2025-01342,2025-02-03,2025,2,Feb,6,International Coding Olympiad,Student 2025_01342,Delhi International School,10,Sharjah,India,Email Campaign
REG-2025-01358,2025-02-03,2025,2,Feb,6,Student Speaker Competition,Student 2025_01358,Oakridge International School,5,Abu Dhabi,UAE,Email Campaign
REG-2025-00682,2025-02-03,2025,2,Feb,6,International Mathematics Olympiad,Student 2025_00682,GEMS Modern Academy,3,Mumbai,UAE,School Outreach
REG-2025-00948,2025-02-03,2025,2,Feb,6,International Science Olympiad,Student 2025_00948,GEMS Modern Academy,11,Bengaluru,Qatar,School Outreach
REG-2025-00604,2025-02-03,2025,2,Feb,6,AI & Robotics Challenge,Student 2025_00604,The Indian High School,2,New Delhi,UAE,Social Media
REG-2025-01090,2025-02-04,2025,2,Feb,6,International Coding Olympiad,Student 2025_01090,GEMS Modern Academy,9,Abu Dhabi,India,Social Media
REG-2025-00241,2025-02-04,2025,2,Feb,6,AI & Robotics Challenge,Student 2025_00241,Delhi International School,2,Dubai,India,School Outreach
REG-2025-00306,2025-02-04,2025,2,Feb,6,International Coding Olympiad,Student 2025_00306,The Millennium School,7,Unknown,UAE,WhatsApp
REG-2025-00620,2025-02-04,2025,2,Feb,6,International Mathematics Olympiad,Student 2025_00620,The Millennium School,10,Doha,UAE,Social Media
REG-2025-00721,2025-02-04,2025,2,Feb,6,International Mathematics Olympiad,Student 2025_00721,Gurukul Global School,8,Abu Dhabi,UAE,Website
REG-2025-00329,2025-02-04,2025,2,Feb,6,Winter Painting Competition,Student 2025_00329,GEMS Modern Academy,11,Abu Dhabi,India,Website
REG-2025-01445,2025-02-04,2025,2,Feb,6,Student Speaker Competition,Student 2025_01445,Global Indian International School,5,New Delhi,Qatar,School Outreach
REG-2025-00769,2025-02-04,2025,2,Feb,6,International Coding Olympiad,Student 2025_00769,Global Indian International School,3,Doha,India,Unknown
REG-2025-00118,2025-02-04,2025,2,Feb,6,International School Olympiad,Student 2025_00118,The Millennium School,8,New Delhi,UAE,Social Media
REG-2025-00462,2025-02-04,2025,2,Feb,6,AI & Robotics Challenge,Student 2025_00462,Bright Future Academy,8,New Delhi,India,School Outreach
REG-2025-00100,2025-02-04,2025,2,Feb,6,International Mathematics Olympiad,Student 2025_00100,The Millennium School,2,Bengaluru,UAE,Social Media
REG-2025-01528,2025-02-04,2025,2,Feb,6,International Science Olympiad,Student 2025_01528,The Indian High School,8,Bengaluru,UAE,Email Campaign
REG-2025-00834,2025-02-05,2025,2,Feb,6,International Mathematics Olympiad,Student 2025_00834,Delhi Public School,7,Bengaluru,India,School Outreach
REG-2025-00408,2025-02-05,2025,2,Feb,6,International Science Olympiad,Student 2025_00408,Sunrise Public School,5,Gurugram,UAE,Partner School
REG-2025-01612,2025-02-05,2025,2,Feb,6,AI & Robotics Challenge,Student 2025_01612,Gurukul Global School,1,Bengaluru,India,School Outreach
REG-2025-00528,2025-02-05,2025,2,Feb,6,International Coding Olympiad,Student 2025_00528,The Millennium School,5,Gurugram,UAE,Social Media
REG-2025-00256,2025-02-05,2025,2,Feb,6,International Coding Olympiad,Student 2025_00256,Delhi Public School,8,Doha,India,Website
REG-2025-01063,2025-02-05,2025,2,Feb,6,International Science Olympiad,Student 2025_01063,The Indian High School,6,Dubai,India,Social Media
REG-2025-01187,2025-02-05,2025,2,Feb,6,AI & Robotics Challenge,Student 2025_01187,Delhi Public School,5,Bengaluru,Qatar,Social Media
REG-2025-00924,2025-02-05,2025,2,Feb,6,International Science Olympiad,Student 2025_00924,Oakridge International School,5,Gurugram,India,Website
REG-2025-00938,2025-02-06,2025,2,Feb,6,AI & Robotics Challenge,Student 2025_00938,The Millennium School,4,Doha,India,Social Media
REG-2025-01575,2025-02-06,2025,2,Feb,6,AI & Robotics Challenge,Student 2025_01575,GEMS Modern Academy,5,Doha,UAE,Email Campaign
REG-2025-01677,2025-02-06,2025,2,Feb,6,International Science Olympiad,Student 2025_01677,The Indian High School,12,Abu Dhabi,Qatar,Social Media
REG-2025-00522,2025-02-06,2025,2,Feb,6,Young Innovators Challenge,Student 2025_00522,Amity International School,2,Sharjah,UAE,WhatsApp
REG-2025-00752,2025-02-06,2025,2,Feb,6,International Mathematics Olympiad,Student 2025_00752,Amity International School,3,Dubai,UAE,Email Campaign
REG-2025-01607,2025-02-06,2025,2,Feb,6,Winter Painting Competition,Student 2025_01607,Greenwood International School,3,Bengaluru,India,Website
REG-2025-00457,2025-02-06,2025,2,Feb,6,Young Innovators Challenge,Student 2025_00457,Bright Future Academy,4,New Delhi,UAE,Email Campaign
REG-2025-01698,2025-02-06,2025,2,Feb,6,AI & Robotics Challenge,Student 2025_01698,Unknown School,12,Doha,India,Email Campaign
REG-2025-00975,2025-02-06,2025,2,Feb,6,International School Olympiad,Student 2025_00975,The Millennium School,10,Doha,India,Social Media
REG-2025-00390,2025-02-07,2025,2,Feb,6,International Science Olympiad,Student 2025_00390,GEMS Modern Academy,7,New Delhi,UAE,Partner School
REG-2025-00961,2025-02-07,2025,2,Feb,6,International Science Olympiad,Student 2025_00961,Gurukul Global School,6,Bengaluru,India,Social Media
REG-2025-00536,2025-02-07,2025,2,Feb,6,Winter Painting Competition,Student 2025_00536,Greenwood International School,7,Sharjah,UAE,School Outreach
REG-2025-01481,2025-02-07,2025,2,Feb,6,International School Olympiad,Student 2025_01481,Gurukul Global School,11,Sharjah,India,WhatsApp
REG-2025-00357,2025-02-07,2025,2,Feb,6,Student Speaker Competition,Student 2025_00357,Sunrise Public School,3,Unknown,India,Email Campaign
REG-2025-01524,2025-02-07,2025,2,Feb,6,International Coding Olympiad,Student 2025_01524,Gurukul Global School,3,Doha,India,Social Media
REG-2025-00182,2025-02-07,2025,2,Feb,6,International School Olympiad,Student 2025_00182,Delhi Public School,5,Doha,UAE,WhatsApp
REG-2025-01537,2025-02-07,2025,2,Feb,6,International Science Olympiad,Student 2025_01537,Oakridge International School,11,New Delhi,UAE,Partner School
REG-2025-01104,2025-02-07,2025,2,Feb,6,International Science Olympiad,Student 2025_01104,Unknown School,3,Doha,UAE,Email Campaign
REG-2025-01046,2025-02-07,2025,2,Feb,6,Winter Painting Competition,Student 2025_01046,The Millennium School,9,Doha,India,School Outreach
REG-2025-00273,2025-02-07,2025,2,Feb,6,International Mathematics Olympiad,Student 2025_00273,The Millennium School,6,Bengaluru,UAE,WhatsApp
REG-2025-00884,2025-02-08,2025,2,Feb,6,International Coding Olympiad,Student 2025_00884,Delhi Public School,8,Unknown,UAE,WhatsApp
REG-2025-01655,2025-02-08,2025,2,Feb,6,International Mathematics Olympiad,Student 2025_01655,The Indian High School,10,Sharjah,India,Website
REG-2025-00847,2025-02-08,2025,2,Feb,6,Student Speaker Competition,Student 2025_00847,Greenwood International School,6,Sharjah,UAE,WhatsApp
REG-2025-00533,2025-02-08,2025,2,Feb,6,International Coding Olympiad,Student 2025_00533,The Millennium School,2,Dubai,Qatar,Partner School
REG-2025-01406,2025-02-08,2025,2,Feb,6,AI & Robotics Challenge,Student 2025_01406,The Indian High School,7,Bengaluru,India,School Outreach
REG-2025-00750,2025-02-08,2025,2,Feb,6,International School Olympiad,Student 2025_00750,Sunrise Public School,5,New Delhi,Qatar,School Outreach
REG-2025-00058,2025-02-08,2025,2,Feb,6,Young Innovators Challenge,Student 2025_00058,Greenwood International School,4,Mumbai,India,Partner School
REG-2025-01229,2025-02-08,2025,2,Feb,6,International Coding Olympiad,Student 2025_01229,Gurukul Global School,8,New Delhi,India,Website
REG-2025-00287,2025-02-09,2025,2,Feb,6,AI & Robotics Challenge,Student 2025_00287,Delhi International School,11,Unknown,UAE,Social Media
REG-2025-00178,2025-02-09,2025,2,Feb,6,Young Innovators Challenge,Student 2025_00178,The Indian High School,7,Gurugram,India,WhatsApp
REG-2025-01695,2025-02-09,2025,2,Feb,6,International Mathematics Olympiad,Student 2025_01695,Global Indian International School,4,Abu Dhabi,UAE,Social Media
REG-2025-00083,2025-02-09,2025,2,Feb,6,Student Speaker Competition,Student 2025_00083,Sunrise Public School,9,Abu Dhabi,UAE,Website
REG-2025-00937,2025-02-09,2025,2,Feb,6,International Coding Olympiad,Student 2025_00937,GEMS Modern Academy,1,Mumbai,Qatar,School Outreach
REG-2025-00623,2025-02-10,2025,2,Feb,7,International School Olympiad,Student 2025_00623,Delhi Public School,4,Sharjah,UAE,Website
REG-2025-00467,2025-02-10,2025,2,Feb,7,International Mathematics Olympiad,Student 2025_00467,The Indian High School,9,Gurugram,UAE,Website
REG-2025-01078,2025-02-10,2025,2,Feb,7,Winter Painting Competition,Student 2025_01078,The Indian High School,6,Gurugram,India,Partner School
REG-2025-01596,2025-02-10,2025,2,Feb,7,Young Innovators Challenge,Student 2025_01596,Amity International School,8,Mumbai,UAE,Email Campaign
REG-2025-00350,2025-02-10,2025,2,Feb,7,Winter Painting Competition,Student 2025_00350,Greenwood International School,6,Doha,UAE,Website
REG-2025-00041,2025-02-10,2025,2,Feb,7,International Mathematics Olympiad,Student 2025_00041,Greenwood International School,11,Abu Dhabi,UAE,School Outreach
REG-2025-01637,2025-02-10,2025,2,Feb,7,Student Speaker Competition,Student 2025_01637,Gurukul Global School,4,Sharjah,India,Website
REG-2025-01487,2025-02-10,2025,2,Feb,7,Winter Painting Competition,Student 2025_01487,Greenwood International School,12,Gurugram,India,Social Media
REG-2025-00532,2025-02-10,2025,2,Feb,7,International Science Olympiad,Student 2025_00532,The Indian High School,2,Dubai,India,Email Campaign
REG-2025-01076,2025-02-10,2025,2,Feb,7,International Mathematics Olympiad,Student 2025_01076,Greenwood International School,8,Sharjah,UAE,School Outreach
REG-2025-01556,2025-02-10,2025,2,Feb,7,Young Innovators Challenge,Student 2025_01556,Bright Future Academy,8,Bengaluru,India,Unknown
REG-2025-01778,2025-02-10,2025,2,Feb,7,International School Olympiad,Student 2025_01778,The Indian High School,8,Mumbai,India,School Outreach
REG-2025-00685,2025-02-11,2025,2,Feb,7,International Science Olympiad,Student 2025_00685,Gurukul Global School,8,New Delhi,UAE,Social Media
REG-2025-00168,2025-02-11,2025,2,Feb,7,International Science Olympiad,Student 2025_00168,Delhi Public School,5,Abu Dhabi,India,Email Campaign
REG-2025-00703,2025-02-11,2025,2,Feb,7,International Science Olympiad,Student 2025_00703,Oakridge International School,5,Dubai,Qatar,WhatsApp
REG-2025-00187,2025-02-11,2025,2,Feb,7,Student Speaker Competition,Student 2025_00187,Delhi Public School,3,Mumbai,UAE,WhatsApp
REG-2025-00262,2025-02-12,2025,2,Feb,7,International Science Olympiad,Student 2025_00262,Greenwood International School,2,Doha,UAE,Website
REG-2025-00908,2025-02-12,2025,2,Feb,7,AI & Robotics Challenge,Student 2025_00908,The Millennium School,9,Abu Dhabi,UAE,Email Campaign
REG-2025-01032,2025-02-12,2025,2,Feb,7,International Science Olympiad,Student 2025_01032,Sunrise Public School,3,Sharjah,UAE,WhatsApp
REG-2025-01193,2025-02-12,2025,2,Feb,7,International Science Olympiad,Student 2025_01193,Greenwood International School,7,Dubai,India,Partner School
REG-2025-01433,2025-02-12,2025,2,Feb,7,International School Olympiad,Student 2025_01433,Sunrise Public School,6,Bengaluru,Qatar,Website
REG-2025-00704,2025-02-12,2025,2,Feb,7,International School Olympiad,Student 2025_00704,Oakridge International School,10,New Delhi,UAE,Partner School
REG-2025-01616,2025-02-12,2025,2,Feb,7,International School Olympiad,Student 2025_01616,The Millennium School,11,Dubai,India,School Outreach
REG-2025-00544,2025-02-13,2025,2,Feb,7,International Coding Olympiad,Student 2025_00544,Amity International School,6,Doha,India,Social Media
REG-2025-00411,2025-02-13,2025,2,Feb,7,AI & Robotics Challenge,Student 2025_00411,Oakridge International School,1,Bengaluru,UAE,Website
REG-2025-00230,2025-02-13,2025,2,Feb,7,Winter Painting Competition,Student 2025_00230,The Indian High School,1,Abu Dhabi,India,Email Campaign
REG-2025-01174,2025-02-13,2025,2,Feb,7,International School Olympiad,Student 2025_01174,GEMS Modern Academy,6,Gurugram,UAE,Email Campaign
REG-2025-01405,2025-02-13,2025,2,Feb,7,AI & Robotics Challenge,Student 2025_01405,GEMS Modern Academy,9,Sharjah,India,Partner School
REG-2025-00259,2025-02-13,2025,2,Feb,7,AI & Robotics Challenge,Student 2025_00259,Sunrise Public School,2,Abu Dhabi,India,Social Media
REG-2025-00761,2025-02-13,2025,2,Feb,7,International Coding Olympiad,Student 2025_00761,Delhi International School,11,New Delhi,UAE,School Outreach
REG-2025-00661,2025-02-13,2025,2,Feb,7,Winter Painting Competition,Student 2025_00661,The Indian High School,4,Mumbai,UAE,Partner School
REG-2025-00251,2025-02-14,2025,2,Feb,7,International Coding Olympiad,Student 2025_00251,Gurukul Global School,3,Abu Dhabi,Qatar,Social Media
REG-2025-00392,2025-02-14,2025,2,Feb,7,International Science Olympiad,Student 2025_00392,Delhi International School,2,Dubai,Qatar,School Outreach
REG-2025-00469,2025-02-14,2025,2,Feb,7,International Mathematics Olympiad,Student 2025_00469,Bright Future Academy,6,Sharjah,UAE,Website
REG-2025-00349,2025-02-14,2025,2,Feb,7,International School Olympiad,Student 2025_00349,Gurukul Global School,7,Bengaluru,UAE,Email Campaign
REG-2025-00564,2025-02-14,2025,2,Feb,7,AI & Robotics Challenge,Student 2025_00564,Amity International School,5,Sharjah,UAE,Website
REG-2025-01106,2025-02-14,2025,2,Feb,7,International School Olympiad,Student 2025_01106,The Millennium School,8,New Delhi,India,Email Campaign
REG-2025-01702,2025-02-14,2025,2,Feb,7,International Science Olympiad,Student 2025_01702,Greenwood International School,12,Doha,India,Email Campaign
REG-2025-01432,2025-02-15,2025,2,Feb,7,AI & Robotics Challenge,Student 2025_01432,Delhi International School,12,Dubai,UAE,Partner School
REG-2025-00023,2025-02-15,2025,2,Feb,7,International Science Olympiad,Student 2025_00023,Gurukul Global School,4,Abu Dhabi,India,Partner School
REG-2025-00912,2025-02-15,2025,2,Feb,7,AI & Robotics Challenge,Student 2025_00912,Amity International School,1,Dubai,UAE,Website
REG-2025-01639,2025-02-15,2025,2,Feb,7,International Coding Olympiad,Student 2025_01639,Global Indian International School,12,New Delhi,India,Social Media
REG-2025-01798,2025-02-15,2025,2,Feb,7,International Coding Olympiad,Student 2025_01798,Amity International School,3,Mumbai,India,Partner School
REG-2025-01663,2025-02-15,2025,2,Feb,7,Student Speaker Competition,Student 2025_01663,Oakridge International School,8,Mumbai,India,Social Media
REG-2025-00635,2025-02-15,2025,2,Feb,7,International Coding Olympiad,Student 2025_00635,Bright Future Academy,8,New Delhi,India,WhatsApp
REG-2025-01345,2025-02-16,2025,2,Feb,7,AI & Robotics Challenge,Student 2025_01345,The Indian High School,6,Doha,India,WhatsApp
REG-2025-01534,2025-02-16,2025,2,Feb,7,AI & Robotics Challenge,Student 2025_01534,The Millennium School,5,Doha,UAE,Email Campaign
REG-2025-00253,2025-02-16,2025,2,Feb,7,International Coding Olympiad,Student 2025_00253,Bright Future Academy,12,Mumbai,India,School Outreach
REG-2025-01326,2025-02-16,2025,2,Feb,7,International Mathematics Olympiad,Student 2025_01326,Unknown School,9,Doha,UAE,WhatsApp
REG-2025-00072,2025-02-16,2025,2,Feb,7,International Coding Olympiad,Student 2025_00072,Amity International School,7,Sharjah,Qatar,Social Media
REG-2025-01651,2025-02-16,2025,2,Feb,7,Young Innovators Challenge,Student 2025_01651,Gurukul Global School,7,Abu Dhabi,India,WhatsApp
REG-2025-00523,2025-02-17,2025,2,Feb,8,Young Innovators Challenge,Student 2025_00523,Delhi International School,6,Bengaluru,India,WhatsApp
REG-2025-01178,2025-02-17,2025,2,Feb,8,International Mathematics Olympiad,Student 2025_01178,Global Indian International School,11,Mumbai,India,Social Media
REG-2025-00888,2025-02-17,2025,2,Feb,8,International Science Olympiad,Student 2025_00888,Delhi Public School,10,Dubai,UAE,Partner School
REG-2025-01113,2025-02-17,2025,2,Feb,8,International Coding Olympiad,Student 2025_01113,Bright Future Academy,12,Dubai,UAE,Website
REG-2025-01523,2025-02-17,2025,2,Feb,8,Student Speaker Competition,Student 2025_01523,Bright Future Academy,10,Doha,India,Website
REG-2025-00838,2025-02-18,2025,2,Feb,8,International Mathematics Olympiad,Student 2025_00838,Delhi Public School,11,New Delhi,UAE,Email Campaign
REG-2025-00543,2025-02-18,2025,2,Feb,8,International Coding Olympiad,Student 2025_00543,Global Indian International School,5,Dubai,India,School Outreach
REG-2025-00052,2025-02-18,2025,2,Feb,8,International Mathematics Olympiad,Student 2025_00052,Delhi International School,8,Bengaluru,UAE,WhatsApp
REG-2025-01115,2025-02-18,2025,2,Feb,8,AI & Robotics Challenge,Student 2025_01115,Oakridge International School,4,Dubai,India,WhatsApp
REG-2025-01787,2025-02-18,2025,2,Feb,8,International Mathematics Olympiad,Student 2025_01787,Global Indian International School,3,Mumbai,India,Email Campaign
REG-2025-00398,2025-02-18,2025,2,Feb,8,International Coding Olympiad,Student 2025_00398,Greenwood International School,9,Sharjah,India,Partner School
REG-2025-01770,2025-02-18,2025,2,Feb,8,Young Innovators Challenge,Student 2025_01770,Global Indian International School,2,Doha,UAE,Social Media
REG-2025-00993,2025-02-18,2025,2,Feb,8,Young Innovators Challenge,Student 2025_00993,The Indian High School,9,Abu Dhabi,Qatar,Email Campaign
REG-2025-00426,2025-02-19,2025,2,Feb,8,International School Olympiad,Student 2025_00426,Sunrise Public School,11,New Delhi,India,School Outreach
REG-2025-00653,2025-02-19,2025,2,Feb,8,International Mathematics Olympiad,Student 2025_00653,Greenwood International School,10,Doha,UAE,Email Campaign
REG-2025-01796,2025-02-19,2025,2,Feb,8,International Coding Olympiad,Student 2025_01796,The Indian High School,1,Bengaluru,Qatar,Partner School
REG-2025-00102,2025-02-19,2025,2,Feb,8,Young Innovators Challenge,Student 2025_00102,Delhi Public School,11,Mumbai,India,School Outreach
REG-2025-00664,2025-02-19,2025,2,Feb,8,International School Olympiad,Student 2025_00664,GEMS Modern Academy,5,Dubai,India,Social Media
REG-2025-01364,2025-02-19,2025,2,Feb,8,International Coding Olympiad,Student 2025_01364,GEMS Modern Academy,1,Sharjah,UAE,School Outreach
REG-2025-01085,2025-02-19,2025,2,Feb,8,International Science Olympiad,Student 2025_01085,Gurukul Global School,1,Doha,UAE,School Outreach
REG-2025-00224,2025-02-19,2025,2,Feb,8,International Mathematics Olympiad,Student 2025_00224,Amity International School,5,Mumbai,UAE,School Outreach
REG-2025-00009,2025-02-19,2025,2,Feb,8,International Mathematics Olympiad,Student 2025_00009,The Millennium School,11,Bengaluru,UAE,Social Media
REG-2025-00872,2025-02-19,2025,2,Feb,8,Student Speaker Competition,Student 2025_00872,Delhi Public School,2,Dubai,Qatar,Partner School
REG-2025-01704,2025-02-19,2025,2,Feb,8,Student Speaker Competition,Student 2025_01704,Sunrise Public School,1,Mumbai,India,School Outreach
REG-2025-01740,2025-02-20,2025,2,Feb,8,International Mathematics Olympiad,Student 2025_01740,Gurukul Global School,1,Sharjah,India,Partner School
REG-2025-00339,2025-02-20,2025,2,Feb,8,International Mathematics Olympiad,Student 2025_00339,Greenwood International School,12,New Delhi,UAE,Partner School
REG-2025-01072,2025-02-21,2025,2,Feb,8,Winter Painting Competition,Student 2025_01072,Global Indian International School,11,Sharjah,India,WhatsApp
REG-2025-00735,2025-02-21,2025,2,Feb,8,Winter Painting Competition,Student 2025_00735,Sunrise Public School,5,Mumbai,UAE,Partner School
REG-2025-01474,2025-02-21,2025,2,Feb,8,International Mathematics Olympiad,Student 2025_01474,Delhi International School,11,Abu Dhabi,UAE,Social Media
REG-2025-01745,2025-02-21,2025,2,Feb,8,International Mathematics Olympiad,Student 2025_01745,Greenwood International School,5,Gurugram,UAE,School Outreach
REG-2025-01710,2025-02-22,2025,2,Feb,8,AI & Robotics Challenge,Student 2025_01710,The Indian High School,11,New Delhi,India,Email Campaign
REG-2025-00142,2025-02-23,2025,2,Feb,8,International Science Olympiad,Student 2025_00142,Sunrise Public School,6,New Delhi,UAE,Email Campaign
REG-2025-01395,2025-02-23,2025,2,Feb,8,International Mathematics Olympiad,Student 2025_01395,Amity International School,8,Doha,India,Website
REG-2025-00964,2025-02-23,2025,2,Feb,8,Young Innovators Challenge,Student 2025_00964,Greenwood International School,8,Bengaluru,UAE,WhatsApp
REG-2025-01582,2025-02-23,2025,2,Feb,8,International Mathematics Olympiad,Student 2025_01582,Amity International School,4,Sharjah,India,Unknown
REG-2025-00903,2025-02-24,2025,2,Feb,9,International Coding Olympiad,Student 2025_00903,Delhi Public School,1,Bengaluru,India,Email Campaign
REG-2025-01355,2025-02-24,2025,2,Feb,9,Winter Painting Competition,Student 2025_01355,Sunrise Public School,12,Bengaluru,India,School Outreach
REG-2025-01257,2025-02-24,2025,2,Feb,9,International Coding Olympiad,Student 2025_01257,Amity International School,10,Mumbai,UAE,School Outreach
REG-2025-00363,2025-02-25,2025,2,Feb,9,AI & Robotics Challenge,Student 2025_00363,Bright Future Academy,6,Gurugram,India,School Outreach
REG-2025-00976,2025-02-25,2025,2,Feb,9,Student Speaker Competition,Student 2025_00976,Greenwood International School,9,Bengaluru,UAE,Social Media
REG-2025-00078,2025-02-26,2025,2,Feb,9,AI & Robotics Challenge,Student 2025_00078,The Indian High School,5,Bengaluru,UAE,Website
REG-2025-01512,2025-02-26,2025,2,Feb,9,Winter Painting Competition,Student 2025_01512,Greenwood International School,5,Sharjah,India,Email Campaign
REG-2025-00326,2025-02-26,2025,2,Feb,9,International School Olympiad,Student 2025_00326,Sunrise Public School,9,Abu Dhabi,UAE,Website
REG-2025-01479,2025-02-26,2025,2,Feb,9,International Coding Olympiad,Student 2025_01479,Oakridge International School,5,Mumbai,India,Website
REG-2025-00412,2025-02-26,2025,2,Feb,9,Winter Painting Competition,Student 2025_00412,Gurukul Global School,9,Sharjah,Qatar,Website
REG-2025-00032,2025-02-26,2025,2,Feb,9,AI & Robotics Challenge,Student 2025_00032,Global Indian International School,3,New Delhi,UAE,School Outreach
REG-2025-01545,2025-02-26,2025,2,Feb,9,Young Innovators Challenge,Student 2025_01545,Delhi Public School,11,Abu Dhabi,UAE,Social Media
REG-2025-01503,2025-02-26,2025,2,Feb,9,Student Speaker Competition,Student 2025_01503,The Indian High School,9,Gurugram,UAE,Partner School
REG-2025-00567,2025-02-26,2025,2,Feb,9,AI & Robotics Challenge,Student 2025_00567,Delhi International School,2,Mumbai,UAE,Partner School
REG-2025-00486,2025-02-27,2025,2,Feb,9,International Coding Olympiad,Student 2025_00486,Delhi Public School,3,Doha,India,School Outreach
REG-2025-01288,2025-02-27,2025,2,Feb,9,International Science Olympiad,Student 2025_01288,Global Indian International School,3,Gurugram,India,Social Media
REG-2025-01291,2025-02-27,2025,2,Feb,9,International Coding Olympiad,Student 2025_01291,Bright Future Academy,3,Doha,India,WhatsApp
REG-2025-01112,2025-02-27,2025,2,Feb,9,International Mathematics Olympiad,Student 2025_01112,The Millennium School,8,Abu Dhabi,UAE,Unknown
REG-2025-00626,2025-02-27,2025,2,Feb,9,International Mathematics Olympiad,Student 2025_00626,Gurukul Global School,7,Doha,UAE,WhatsApp
REG-2025-01656,2025-02-27,2025,2,Feb,9,International Science Olympiad,Student 2025_01656,GEMS Modern Academy,8,Sharjah,Qatar,Social Media
REG-2025-00148,2025-02-27,2025,2,Feb,9,Student Speaker Competition,Student 2025_00148,Sunrise Public School,10,Dubai,Qatar,Partner School
REG-2025-00854,2025-02-28,2025,2,Feb,9,International School Olympiad,Student 2025_00854,Sunrise Public School,5,Abu Dhabi,UAE,School Outreach
REG-2025-01265,2025-02-28,2025,2,Feb,9,International School Olympiad,Student 2025_01265,Gurukul Global School,9,Gurugram,India,WhatsApp
REG-2025-00510,2025-02-28,2025,2,Feb,9,Student Speaker Competition,Student 2025_00510,Oakridge International School,8,New Delhi,Qatar,School Outreach
REG-2025-00327,2025-02-28,2025,2,Feb,9,Young Innovators Challenge,Student 2025_00327,Delhi Public School,5,Bengaluru,UAE,Unknown
REG-2025-01386,2025-02-28,2025,2,Feb,9,International Coding Olympiad,Student 2025_01386,GEMS Modern Academy,8,New Delhi,UAE,Partner School
REG-2025-01308,2025-02-28,2025,2,Feb,9,AI & Robotics Challenge,Student 2025_01308,Delhi Public School,9,Gurugram,India,Website
REG-2025-00637,2025-02-28,2025,2,Feb,9,Student Speaker Competition,Student 2025_00637,Oakridge International School,12,Doha,India,WhatsApp
REG-2025-01609,2025-02-28,2025,2,Feb,9,Young Innovators Challenge,Student 2025_01609,Bright Future Academy,12,Sharjah,UAE,Partner School
REG-2025-00566,2025-02-28,2025,2,Feb,9,International Science Olympiad,Student 2025_00566,Gurukul Global School,9,Abu Dhabi,UAE,Partner School
REG-2025-00189,2025-02-28,2025,2,Feb,9,Young Innovators Challenge,Student 2025_00189,Global Indian International School,2,Abu Dhabi,UAE,Social Media
REG-2025-00719,2025-02-28,2025,2,Feb,9,Winter Painting Competition,Student 2025_00719,Amity International School,8,Doha,India,School Outreach
REG-2025-01506,2025-03-01,2025,3,Mar,9,International Mathematics Olympiad,Student 2025_01506,Delhi Public School,2,Dubai,UAE,Email Campaign
REG-2025-01251,2025-03-01,2025,3,Mar,9,International Science Olympiad,Student 2025_01251,The Millennium School,11,Doha,UAE,Email Campaign
REG-2025-01047,2025-03-01,2025,3,Mar,9,International Mathematics Olympiad,Student 2025_01047,Gurukul Global School,11,Sharjah,India,Social Media
REG-2025-01542,2025-03-01,2025,3,Mar,9,International Coding Olympiad,Student 2025_01542,GEMS Modern Academy,12,Abu Dhabi,UAE,WhatsApp
REG-2025-00097,2025-03-01,2025,3,Mar,9,International Science Olympiad,Student 2025_00097,Gurukul Global School,6,Sharjah,India,Email Campaign
REG-2025-00384,2025-03-01,2025,3,Mar,9,International Science Olympiad,Student 2025_00384,The Millennium School,2,Gurugram,India,Partner School
REG-2025-00832,2025-03-01,2025,3,Mar,9,International Coding Olympiad,Student 2025_00832,Gurukul Global School,10,Dubai,UAE,Partner School
REG-2025-00593,2025-03-01,2025,3,Mar,9,International Science Olympiad,Student 2025_00593,GEMS Modern Academy,2,Gurugram,India,School Outreach
REG-2025-01402,2025-03-01,2025,3,Mar,9,Student Speaker Competition,Student 2025_01402,The Millennium School,6,Mumbai,India,Email Campaign
REG-2025-00989,2025-03-02,2025,3,Mar,9,International School Olympiad,Student 2025_00989,Sunrise Public School,1,New Delhi,India,School Outreach
REG-2025-00315,2025-03-02,2025,3,Mar,9,International Mathematics Olympiad,Student 2025_00315,Global Indian International School,8,Dubai,UAE,Partner School
REG-2025-01709,2025-03-02,2025,3,Mar,9,International Science Olympiad,Student 2025_01709,Amity International School,9,Gurugram,India,Social Media
REG-2025-01013,2025-03-02,2025,3,Mar,9,International School Olympiad,Student 2025_01013,Delhi International School,5,Abu Dhabi,India,Email Campaign
REG-2025-00119,2025-03-02,2025,3,Mar,9,International Coding Olympiad,Student 2025_00119,Greenwood International School,5,Gurugram,India,Social Media
REG-2025-01786,2025-03-02,2025,3,Mar,9,Student Speaker Competition,Student 2025_01786,GEMS Modern Academy,7,Gurugram,UAE,Social Media
REG-2025-01515,2025-03-02,2025,3,Mar,9,Young Innovators Challenge,Student 2025_01515,Amity International School,9,Gurugram,UAE,School Outreach
REG-2025-00857,2025-03-02,2025,3,Mar,9,International Coding Olympiad,Student 2025_00857,Delhi Public School,7,Sharjah,UAE,Social Media
REG-2025-01107,2025-03-02,2025,3,Mar,9,Young Innovators Challenge,Student 2025_01107,Sunrise Public School,8,Mumbai,Qatar,Partner School
REG-2025-00831,2025-03-02,2025,3,Mar,9,Winter Painting Competition,Student 2025_00831,Delhi International School,6,New Delhi,India,Partner School
REG-2025-01454,2025-03-02,2025,3,Mar,9,Young Innovators Challenge,Student 2025_01454,Bright Future Academy,9,New Delhi,Qatar,WhatsApp
REG-2025-01124,2025-03-02,2025,3,Mar,9,International Mathematics Olympiad,Student 2025_01124,The Indian High School,2,Sharjah,India,Email Campaign
REG-2025-01563,2025-03-03,2025,3,Mar,10,International Coding Olympiad,Student 2025_01563,Oakridge International School,11,Gurugram,India,Unknown
REG-2025-01413,2025-03-03,2025,3,Mar,10,AI & Robotics Challenge,Student 2025_01413,Delhi Public School,9,Bengaluru,India,Website
REG-2025-00617,2025-03-03,2025,3,Mar,10,International Coding Olympiad,Student 2025_00617,Oakridge International School,8,Doha,UAE,School Outreach
REG-2025-00568,2025-03-03,2025,3,Mar,10,International Mathematics Olympiad,Student 2025_00568,Sunrise Public School,5,Doha,UAE,Unknown
REG-2025-00508,2025-03-03,2025,3,Mar,10,International Coding Olympiad,Student 2025_00508,The Millennium School,6,Doha,India,WhatsApp
REG-2025-00483,2025-03-03,2025,3,Mar,10,Young Innovators Challenge,Student 2025_00483,Delhi Public School,11,Mumbai,India,Email Campaign
REG-2025-00925,2025-03-03,2025,3,Mar,10,Student Speaker Competition,Student 2025_00925,Delhi Public School,2,Gurugram,India,Partner School
REG-2025-01562,2025-03-04,2025,3,Mar,10,International Science Olympiad,Student 2025_01562,Amity International School,10,Dubai,UAE,School Outreach
REG-2025-01660,2025-03-04,2025,3,Mar,10,International Coding Olympiad,Student 2025_01660,Sunrise Public School,4,Dubai,India,WhatsApp
REG-2025-00696,2025-03-04,2025,3,Mar,10,International Science Olympiad,Student 2025_00696,Greenwood International School,7,Mumbai,India,WhatsApp
REG-2025-00919,2025-03-04,2025,3,Mar,10,Young Innovators Challenge,Student 2025_00919,Delhi Public School,7,Doha,UAE,Website
REG-2025-01307,2025-03-04,2025,3,Mar,10,Student Speaker Competition,Student 2025_01307,Greenwood International School,4,Doha,UAE,Email Campaign
REG-2025-00933,2025-03-05,2025,3,Mar,10,Young Innovators Challenge,Student 2025_00933,Delhi International School,9,Dubai,India,Website
REG-2025-00346,2025-03-05,2025,3,Mar,10,International Mathematics Olympiad,Student 2025_00346,Greenwood International School,10,Doha,India,Email Campaign
REG-2025-01425,2025-03-05,2025,3,Mar,10,International Mathematics Olympiad,Student 2025_01425,The Indian High School,11,Bengaluru,India,School Outreach
REG-2025-01502,2025-03-06,2025,3,Mar,10,Student Speaker Competition,Student 2025_01502,The Millennium School,5,Mumbai,UAE,Email Campaign
REG-2025-00380,2025-03-06,2025,3,Mar,10,International Science Olympiad,Student 2025_00380,Gurukul Global School,5,Abu Dhabi,UAE,Website
REG-2025-00211,2025-03-06,2025,3,Mar,10,International Coding Olympiad,Student 2025_00211,Greenwood International School,7,Dubai,UAE,Website
REG-2025-01297,2025-03-06,2025,3,Mar,10,International Coding Olympiad,Student 2025_01297,Delhi International School,9,New Delhi,UAE,Email Campaign
REG-2025-01179,2025-03-06,2025,3,Mar,10,International Mathematics Olympiad,Student 2025_01179,The Indian High School,9,Doha,UAE,School Outreach
REG-2025-01429,2025-03-07,2025,3,Mar,10,International Science Olympiad,Student 2025_01429,Sunrise Public School,10,New Delhi,UAE,Website
REG-2025-00618,2025-03-07,2025,3,Mar,10,Winter Painting Competition,Student 2025_00618,Global Indian International School,11,New Delhi,India,WhatsApp
REG-2025-01459,2025-03-07,2025,3,Mar,10,Winter Painting Competition,Student 2025_01459,Delhi International School,7,Mumbai,Qatar,Partner School
REG-2025-01621,2025-03-07,2025,3,Mar,10,International Coding Olympiad,Student 2025_01621,Amity International School,6,Bengaluru,Qatar,Social Media
REG-2025-00292,2025-03-07,2025,3,Mar,10,AI & Robotics Challenge,Student 2025_00292,Oakridge International School,8,Dubai,UAE,Email Campaign
REG-2025-01261,2025-03-07,2025,3,Mar,10,AI & Robotics Challenge,Student 2025_01261,The Millennium School,6,Mumbai,UAE,WhatsApp
REG-2025-00206,2025-03-07,2025,3,Mar,10,Student Speaker Competition,Student 2025_00206,Delhi Public School,7,Bengaluru,India,Email Campaign
REG-2025-01701,2025-03-07,2025,3,Mar,10,AI & Robotics Challenge,Student 2025_01701,GEMS Modern Academy,3,Dubai,UAE,Email Campaign
REG-2025-00209,2025-03-07,2025,3,Mar,10,Winter Painting Competition,Student 2025_00209,GEMS Modern Academy,9,Sharjah,India,WhatsApp
REG-2025-00890,2025-03-08,2025,3,Mar,10,International Coding Olympiad,Student 2025_00890,Sunrise Public School,1,Dubai,India,Partner School
REG-2025-01673,2025-03-08,2025,3,Mar,10,Student Speaker Competition,Student 2025_01673,Delhi International School,2,Dubai,UAE,Email Campaign
REG-2025-00744,2025-03-08,2025,3,Mar,10,International Mathematics Olympiad,Student 2025_00744,The Millennium School,1,Doha,India,School Outreach
REG-2025-01011,2025-03-08,2025,3,Mar,10,International Coding Olympiad,Student 2025_01011,Gurukul Global School,8,Gurugram,UAE,Website
REG-2025-00779,2025-03-08,2025,3,Mar,10,International School Olympiad,Student 2025_00779,Sunrise Public School,12,Sharjah,India,WhatsApp
REG-2025-01123,2025-03-08,2025,3,Mar,10,International Coding Olympiad,Student 2025_01123,Bright Future Academy,10,Dubai,India,Email Campaign
REG-2025-00509,2025-03-08,2025,3,Mar,10,International School Olympiad,Student 2025_00509,Global Indian International School,3,Dubai,India,Social Media
REG-2025-00216,2025-03-09,2025,3,Mar,10,International Coding Olympiad,Student 2025_00216,Oakridge International School,7,Mumbai,India,Website
REG-2025-01491,2025-03-09,2025,3,Mar,10,International Science Olympiad,Student 2025_01491,Sunrise Public School,10,Mumbai,UAE,Email Campaign
REG-2025-01322,2025-03-09,2025,3,Mar,10,Young Innovators Challenge,Student 2025_01322,Gurukul Global School,8,Mumbai,UAE,Website
REG-2025-00505,2025-03-09,2025,3,Mar,10,International Mathematics Olympiad,Student 2025_00505,The Millennium School,9,New Delhi,India,School Outreach
REG-2025-01640,2025-03-09,2025,3,Mar,10,Young Innovators Challenge,Student 2025_01640,The Indian High School,4,Bengaluru,India,Social Media
REG-2025-01794,2025-03-10,2025,3,Mar,11,Winter Painting Competition,Student 2025_01794,Oakridge International School,4,Abu Dhabi,India,Partner School
REG-2025-00281,2025-03-10,2025,3,Mar,11,Student Speaker Competition,Student 2025_00281,Sunrise Public School,12,New Delhi,UAE,Partner School
REG-2025-00950,2025-03-10,2025,3,Mar,11,Student Speaker Competition,Student 2025_00950,Global Indian International School,6,Bengaluru,India,Website
REG-2025-00143,2025-03-10,2025,3,Mar,11,International Science Olympiad,Student 2025_00143,Sunrise Public School,1,Doha,UAE,WhatsApp
REG-2025-00413,2025-03-10,2025,3,Mar,11,International Science Olympiad,Student 2025_00413,Global Indian International School,3,Dubai,UAE,School Outreach
REG-2025-01192,2025-03-10,2025,3,Mar,11,International School Olympiad,Student 2025_01192,The Millennium School,3,New Delhi,India,Email Campaign
REG-2025-00039,2025-03-10,2025,3,Mar,11,International School Olympiad,Student 2025_00039,Oakridge International School,7,Sharjah,India,WhatsApp
REG-2025-00111,2025-03-10,2025,3,Mar,11,International Science Olympiad,Student 2025_00111,Gurukul Global School,4,Bengaluru,UAE,Email Campaign
REG-2025-00573,2025-03-11,2025,3,Mar,11,International Coding Olympiad,Student 2025_00573,Greenwood International School,1,Dubai,UAE,Partner School
REG-2025-01410,2025-03-11,2025,3,Mar,11,International School Olympiad,Student 2025_01410,Gurukul Global School,1,Doha,UAE,School Outreach
REG-2025-01028,2025-03-11,2025,3,Mar,11,Student Speaker Competition,Student 2025_01028,Oakridge International School,11,Gurugram,UAE,Partner School
REG-2025-00152,2025-03-11,2025,3,Mar,11,International Coding Olympiad,Student 2025_00152,Global Indian International School,6,Sharjah,Qatar,Website
REG-2025-00314,2025-03-11,2025,3,Mar,11,AI & Robotics Challenge,Student 2025_00314,Amity International School,7,New Delhi,India,School Outreach
REG-2025-00399,2025-03-11,2025,3,Mar,11,Student Speaker Competition,Student 2025_00399,Delhi International School,2,New Delhi,UAE,Social Media
REG-2025-01551,2025-03-11,2025,3,Mar,11,International Science Olympiad,Student 2025_01551,Greenwood International School,11,Unknown,India,Website
REG-2025-01382,2025-03-12,2025,3,Mar,11,International Mathematics Olympiad,Student 2025_01382,The Millennium School,6,Abu Dhabi,India,Social Media
REG-2025-00299,2025-03-12,2025,3,Mar,11,International Mathematics Olympiad,Student 2025_00299,Amity International School,5,Bengaluru,India,School Outreach
REG-2025-00534,2025-03-12,2025,3,Mar,11,International Coding Olympiad,Student 2025_00534,GEMS Modern Academy,3,New Delhi,Qatar,WhatsApp
REG-2025-00814,2025-03-12,2025,3,Mar,11,International School Olympiad,Student 2025_00814,Delhi Public School,2,Gurugram,Qatar,Email Campaign
REG-2025-00450,2025-03-12,2025,3,Mar,11,International Coding Olympiad,Student 2025_00450,Delhi International School,9,Mumbai,India,Website
REG-2025-01209,2025-03-12,2025,3,Mar,11,AI & Robotics Challenge,Student 2025_01209,The Millennium School,11,Dubai,UAE,WhatsApp
REG-2025-00096,2025-03-13,2025,3,Mar,11,AI & Robotics Challenge,Student 2025_00096,Amity International School,8,Sharjah,UAE,Email Campaign
REG-2025-00855,2025-03-13,2025,3,Mar,11,AI & Robotics Challenge,Student 2025_00855,The Indian High School,4,Dubai,UAE,Email Campaign
REG-2025-00841,2025-03-13,2025,3,Mar,11,International Mathematics Olympiad,Student 2025_00841,The Millennium School,9,Sharjah,India,Email Campaign
REG-2025-01230,2025-03-13,2025,3,Mar,11,International Coding Olympiad,Student 2025_01230,Bright Future Academy,6,Bengaluru,UAE,School Outreach
REG-2025-00481,2025-03-13,2025,3,Mar,11,AI & Robotics Challenge,Student 2025_00481,Sunrise Public School,3,Bengaluru,India,Social Media
REG-2025-00495,2025-03-13,2025,3,Mar,11,International School Olympiad,Student 2025_00495,The Millennium School,3,Mumbai,UAE,Website
REG-2025-01483,2025-03-13,2025,3,Mar,11,International Coding Olympiad,Student 2025_01483,The Millennium School,12,New Delhi,UAE,WhatsApp
REG-2025-01561,2025-03-13,2025,3,Mar,11,International School Olympiad,Student 2025_01561,The Millennium School,2,Dubai,UAE,School Outreach
REG-2025-00660,2025-03-13,2025,3,Mar,11,International School Olympiad,Student 2025_00660,GEMS Modern Academy,12,Bengaluru,UAE,Website
REG-2025-00342,2025-03-13,2025,3,Mar,11,AI & Robotics Challenge,Student 2025_00342,Gurukul Global School,4,New Delhi,India,Website
REG-2025-01646,2025-03-14,2025,3,Mar,11,AI & Robotics Challenge,Student 2025_01646,Amity International School,11,Sharjah,UAE,Social Media
REG-2025-00796,2025-03-14,2025,3,Mar,11,Young Innovators Challenge,Student 2025_00796,Amity International School,8,New Delhi,UAE,Partner School
REG-2025-00154,2025-03-14,2025,3,Mar,11,International Coding Olympiad,Student 2025_00154,The Millennium School,7,Sharjah,India,Social Media
REG-2025-01451,2025-03-14,2025,3,Mar,11,International Coding Olympiad,Student 2025_01451,Delhi Public School,4,Doha,India,Website
REG-2025-00271,2025-03-14,2025,3,Mar,11,AI & Robotics Challenge,Student 2025_00271,Oakridge International School,1,Doha,Qatar,Social Media
REG-2025-01114,2025-03-14,2025,3,Mar,11,AI & Robotics Challenge,Student 2025_01114,Delhi Public School,12,Doha,UAE,School Outreach
REG-2025-00419,2025-03-15,2025,3,Mar,11,Student Speaker Competition,Student 2025_00419,Delhi International School,8,Bengaluru,India,Website
REG-2025-00353,2025-03-15,2025,3,Mar,11,International Coding Olympiad,Student 2025_00353,Global Indian International School,6,Doha,UAE,WhatsApp
REG-2025-00638,2025-03-15,2025,3,Mar,11,Student Speaker Competition,Student 2025_00638,Oakridge International School,2,Gurugram,India,Website
REG-2025-01400,2025-03-15,2025,3,Mar,11,Student Speaker Competition,Student 2025_01400,Delhi Public School,7,Bengaluru,India,Social Media
REG-2025-00971,2025-03-15,2025,3,Mar,11,International Mathematics Olympiad,Student 2025_00971,The Indian High School,12,Dubai,UAE,School Outreach
REG-2025-01316,2025-03-15,2025,3,Mar,11,International Coding Olympiad,Student 2025_01316,The Millennium School,2,Gurugram,UAE,Website
REG-2025-01338,2025-03-15,2025,3,Mar,11,AI & Robotics Challenge,Student 2025_01338,Delhi International School,3,Dubai,Qatar,WhatsApp
REG-2025-01581,2025-03-15,2025,3,Mar,11,Young Innovators Challenge,Student 2025_01581,Unknown School,3,Dubai,India,School Outreach
REG-2025-01239,2025-03-15,2025,3,Mar,11,Student Speaker Competition,Student 2025_01239,Delhi International School,3,Abu Dhabi,UAE,Partner School
REG-2025-01403,2025-03-16,2025,3,Mar,11,Young Innovators Challenge,Student 2025_01403,GEMS Modern Academy,3,Bengaluru,UAE,WhatsApp
REG-2025-00928,2025-03-16,2025,3,Mar,11,Young Innovators Challenge,Student 2025_00928,Gurukul Global School,5,Mumbai,UAE,WhatsApp
REG-2025-00263,2025-03-16,2025,3,Mar,11,International School Olympiad,Student 2025_00263,Bright Future Academy,5,Dubai,India,Partner School
REG-2025-01476,2025-03-16,2025,3,Mar,11,International Coding Olympiad,Student 2025_01476,The Indian High School,10,Sharjah,UAE,School Outreach
REG-2025-00442,2025-03-16,2025,3,Mar,11,International School Olympiad,Student 2025_00442,The Millennium School,8,Bengaluru,India,Website
REG-2025-00802,2025-03-16,2025,3,Mar,11,Winter Painting Competition,Student 2025_00802,Greenwood International School,5,New Delhi,India,WhatsApp
REG-2025-01601,2025-03-16,2025,3,Mar,11,International Coding Olympiad,Student 2025_01601,Gurukul Global School,9,Abu Dhabi,UAE,Email Campaign
REG-2025-00307,2025-03-16,2025,3,Mar,11,International Science Olympiad,Student 2025_00307,The Millennium School,3,Dubai,India,Website
REG-2025-00190,2025-03-16,2025,3,Mar,11,Young Innovators Challenge,Student 2025_00190,Delhi International School,7,Sharjah,UAE,Partner School
REG-2025-01367,2025-03-16,2025,3,Mar,11,Student Speaker Competition,Student 2025_01367,Delhi Public School,4,Dubai,India,Partner School
REG-2025-01105,2025-03-17,2025,3,Mar,12,International Coding Olympiad,Student 2025_01105,Delhi International School,9,Dubai,India,Website
REG-2025-01186,2025-03-17,2025,3,Mar,12,International Mathematics Olympiad,Student 2025_01186,Bright Future Academy,6,Gurugram,UAE,WhatsApp
REG-2025-00952,2025-03-17,2025,3,Mar,12,International School Olympiad,Student 2025_00952,GEMS Modern Academy,2,Doha,India,WhatsApp
REG-2025-01391,2025-03-17,2025,3,Mar,12,Winter Painting Competition,Student 2025_01391,Greenwood International School,3,New Delhi,India,Website
REG-2025-00136,2025-03-17,2025,3,Mar,12,International Science Olympiad,Student 2025_00136,Sunrise Public School,1,Sharjah,UAE,WhatsApp
REG-2025-00226,2025-03-17,2025,3,Mar,12,Young Innovators Challenge,Student 2025_00226,Oakridge International School,9,Dubai,Qatar,Partner School
REG-2025-01155,2025-03-17,2025,3,Mar,12,AI & Robotics Challenge,Student 2025_01155,Delhi Public School,8,Sharjah,Qatar,Partner School
REG-2025-01779,2025-03-18,2025,3,Mar,12,Student Speaker Competition,Student 2025_01779,Oakridge International School,3,Mumbai,India,Partner School
REG-2025-00239,2025-03-18,2025,3,Mar,12,International Coding Olympiad,Student 2025_00239,Delhi International School,11,Mumbai,UAE,Partner School
REG-2025-00333,2025-03-18,2025,3,Mar,12,International Mathematics Olympiad,Student 2025_00333,The Millennium School,9,Doha,UAE,Partner School
REG-2025-01060,2025-03-18,2025,3,Mar,12,International Science Olympiad,Student 2025_01060,GEMS Modern Academy,3,Gurugram,UAE,Partner School
REG-2025-00526,2025-03-18,2025,3,Mar,12,AI & Robotics Challenge,Student 2025_00526,Greenwood International School,12,Sharjah,Qatar,Website
REG-2025-00400,2025-03-18,2025,3,Mar,12,AI & Robotics Challenge,Student 2025_00400,The Millennium School,9,Mumbai,UAE,Social Media
REG-2025-01462,2025-03-19,2025,3,Mar,12,International Coding Olympiad,Student 2025_01462,GEMS Modern Academy,4,Abu Dhabi,UAE,School Outreach
REG-2025-01014,2025-03-19,2025,3,Mar,12,Young Innovators Challenge,Student 2025_01014,Gurukul Global School,11,Bengaluru,India,School Outreach
REG-2025-00749,2025-03-19,2025,3,Mar,12,International School Olympiad,Student 2025_00749,Gurukul Global School,3,Doha,UAE,Social Media
REG-2025-00748,2025-03-19,2025,3,Mar,12,Student Speaker Competition,Student 2025_00748,Global Indian International School,12,Gurugram,Qatar,Email Campaign
REG-2025-01034,2025-03-19,2025,3,Mar,12,International School Olympiad,Student 2025_01034,Global Indian International School,1,Mumbai,India,Social Media
REG-2025-00799,2025-03-19,2025,3,Mar,12,Winter Painting Competition,Student 2025_00799,Delhi Public School,9,Dubai,UAE,Email Campaign
REG-2025-00447,2025-03-19,2025,3,Mar,12,AI & Robotics Challenge,Student 2025_00447,Global Indian International School,8,Doha,India,Partner School
REG-2025-00309,2025-03-19,2025,3,Mar,12,International Mathematics Olympiad,Student 2025_00309,Delhi Public School,11,Dubai,UAE,Website
REG-2025-00088,2025-03-19,2025,3,Mar,12,International Coding Olympiad,Student 2025_00088,The Indian High School,1,New Delhi,India,Email Campaign
REG-2025-01586,2025-03-20,2025,3,Mar,12,AI & Robotics Challenge,Student 2025_01586,GEMS Modern Academy,11,Gurugram,India,Social Media
REG-2025-01435,2025-03-20,2025,3,Mar,12,AI & Robotics Challenge,Student 2025_01435,Bright Future Academy,7,Dubai,India,School Outreach
REG-2025-01756,2025-03-20,2025,3,Mar,12,Winter Painting Competition,Student 2025_01756,GEMS Modern Academy,8,Abu Dhabi,India,Website
REG-2025-00968,2025-03-20,2025,3,Mar,12,International Mathematics Olympiad,Student 2025_00968,Gurukul Global School,11,Doha,India,Partner School
REG-2025-00525,2025-03-20,2025,3,Mar,12,AI & Robotics Challenge,Student 2025_00525,Gurukul Global School,4,Mumbai,India,Partner School
REG-2025-01576,2025-03-20,2025,3,Mar,12,International Coding Olympiad,Student 2025_01576,Oakridge International School,8,New Delhi,India,Website
REG-2025-01177,2025-03-20,2025,3,Mar,12,Winter Painting Competition,Student 2025_01177,Oakridge International School,2,Doha,India,Website
REG-2025-01439,2025-03-20,2025,3,Mar,12,International Science Olympiad,Student 2025_01439,Delhi International School,2,Bengaluru,India,Email Campaign
REG-2025-01527,2025-03-20,2025,3,Mar,12,International Coding Olympiad,Student 2025_01527,Oakridge International School,4,Dubai,Qatar,Partner School
REG-2025-00368,2025-03-20,2025,3,Mar,12,Winter Painting Competition,Student 2025_00368,GEMS Modern Academy,6,New Delhi,India,Social Media
REG-2025-01604,2025-03-20,2025,3,Mar,12,International School Olympiad,Student 2025_01604,Delhi Public School,7,Dubai,India,WhatsApp
REG-2025-00338,2025-03-20,2025,3,Mar,12,AI & Robotics Challenge,Student 2025_00338,The Indian High School,4,Bengaluru,UAE,Partner School
REG-2025-00554,2025-03-20,2025,3,Mar,12,Winter Painting Competition,Student 2025_00554,Oakridge International School,1,Sharjah,India,Website
REG-2025-00988,2025-03-20,2025,3,Mar,12,International Mathematics Olympiad,Student 2025_00988,Sunrise Public School,10,Gurugram,India,WhatsApp
REG-2025-00607,2025-03-21,2025,3,Mar,12,Student Speaker Competition,Student 2025_00607,Global Indian International School,11,New Delhi,India,Partner School
REG-2025-01504,2025-03-21,2025,3,Mar,12,International School Olympiad,Student 2025_01504,Delhi International School,6,Gurugram,UAE,Partner School
REG-2025-01404,2025-03-21,2025,3,Mar,12,Young Innovators Challenge,Student 2025_01404,The Millennium School,1,Sharjah,UAE,Website
REG-2025-00321,2025-03-21,2025,3,Mar,12,International Coding Olympiad,Student 2025_00321,Greenwood International School,6,Sharjah,India,Website
REG-2025-00167,2025-03-21,2025,3,Mar,12,AI & Robotics Challenge,Student 2025_00167,Gurukul Global School,10,Bengaluru,India,School Outreach
REG-2025-00595,2025-03-21,2025,3,Mar,12,AI & Robotics Challenge,Student 2025_00595,Bright Future Academy,8,Sharjah,India,School Outreach
REG-2025-00403,2025-03-21,2025,3,Mar,12,Student Speaker Competition,Student 2025_00403,Gurukul Global School,4,Bengaluru,India,Website
REG-2025-00066,2025-03-22,2025,3,Mar,12,Young Innovators Challenge,Student 2025_00066,Gurukul Global School,3,Gurugram,Qatar,Website
REG-2025-01249,2025-03-22,2025,3,Mar,12,Student Speaker Competition,Student 2025_01249,Delhi International School,6,Mumbai,UAE,Partner School
REG-2025-01388,2025-03-22,2025,3,Mar,12,Student Speaker Competition,Student 2025_01388,Global Indian International School,8,Doha,Qatar,Social Media
REG-2025-00632,2025-03-22,2025,3,Mar,12,International Coding Olympiad,Student 2025_00632,Gurukul Global School,6,Dubai,India,Website
REG-2025-00077,2025-03-23,2025,3,Mar,12,Young Innovators Challenge,Student 2025_00077,The Indian High School,2,Gurugram,UAE,Social Media
REG-2025-00646,2025-03-23,2025,3,Mar,12,AI & Robotics Challenge,Student 2025_00646,Greenwood International School,4,Mumbai,India,Email Campaign
REG-2025-00254,2025-03-23,2025,3,Mar,12,International Coding Olympiad,Student 2025_00254,Amity International School,1,Abu Dhabi,UAE,Social Media
REG-2025-01514,2025-03-23,2025,3,Mar,12,Young Innovators Challenge,Student 2025_01514,The Millennium School,7,Mumbai,India,Partner School
REG-2025-01145,2025-03-23,2025,3,Mar,12,Winter Painting Competition,Student 2025_01145,GEMS Modern Academy,6,Gurugram,India,Website
REG-2025-00294,2025-03-23,2025,3,Mar,12,Winter Painting Competition,Student 2025_00294,The Indian High School,1,Gurugram,UAE,Partner School
REG-2025-01095,2025-03-23,2025,3,Mar,12,Young Innovators Challenge,Student 2025_01095,Delhi International School,6,Sharjah,India,WhatsApp
REG-2025-01777,2025-03-24,2025,3,Mar,13,Young Innovators Challenge,Student 2025_01777,Oakridge International School,11,Bengaluru,India,Website
REG-2025-00487,2025-03-24,2025,3,Mar,13,Student Speaker Competition,Student 2025_00487,Delhi Public School,3,Doha,India,School Outreach
REG-2025-01511,2025-03-24,2025,3,Mar,13,International Science Olympiad,Student 2025_01511,Oakridge International School,5,Bengaluru,India,WhatsApp
REG-2025-01494,2025-03-24,2025,3,Mar,13,International Coding Olympiad,Student 2025_01494,Global Indian International School,11,Sharjah,UAE,Partner School
REG-2025-01069,2025-03-24,2025,3,Mar,13,Young Innovators Challenge,Student 2025_01069,Global Indian International School,2,Sharjah,India,Partner School
REG-2025-00738,2025-03-24,2025,3,Mar,13,Winter Painting Competition,Student 2025_00738,Gurukul Global School,10,Gurugram,India,Partner School
REG-2025-00371,2025-03-24,2025,3,Mar,13,Winter Painting Competition,Student 2025_00371,Greenwood International School,11,Doha,India,Email Campaign
REG-2025-00169,2025-03-24,2025,3,Mar,13,International Coding Olympiad,Student 2025_00169,GEMS Modern Academy,5,Mumbai,UAE,WhatsApp
REG-2025-01030,2025-03-24,2025,3,Mar,13,AI & Robotics Challenge,Student 2025_01030,GEMS Modern Academy,2,Doha,UAE,WhatsApp
REG-2025-00199,2025-03-25,2025,3,Mar,13,International School Olympiad,Student 2025_00199,Delhi International School,7,Sharjah,UAE,Partner School
REG-2025-01176,2025-03-25,2025,3,Mar,13,Young Innovators Challenge,Student 2025_01176,Bright Future Academy,4,Abu Dhabi,India,WhatsApp
REG-2025-01142,2025-03-25,2025,3,Mar,13,Student Speaker Competition,Student 2025_01142,The Millennium School,7,New Delhi,India,Social Media
REG-2025-00627,2025-03-25,2025,3,Mar,13,AI & Robotics Challenge,Student 2025_00627,Delhi Public School,5,Gurugram,UAE,Website
REG-2025-01771,2025-03-25,2025,3,Mar,13,International Science Olympiad,Student 2025_01771,Amity International School,11,Dubai,India,Social Media
REG-2025-01782,2025-03-25,2025,3,Mar,13,International School Olympiad,Student 2025_01782,Greenwood International School,10,Mumbai,UAE,Partner School
REG-2025-00991,2025-03-26,2025,3,Mar,13,International Mathematics Olympiad,Student 2025_00991,The Millennium School,10,Sharjah,India,Email Campaign
REG-2025-01711,2025-03-26,2025,3,Mar,13,International School Olympiad,Student 2025_01711,Oakridge International School,9,Mumbai,UAE,Social Media
REG-2025-00197,2025-03-26,2025,3,Mar,13,International Mathematics Olympiad,Student 2025_00197,Delhi International School,8,Bengaluru,UAE,Social Media
REG-2025-01372,2025-03-26,2025,3,Mar,13,International Science Olympiad,Student 2025_01372,GEMS Modern Academy,7,New Delhi,India,Partner School
REG-2025-01357,2025-03-26,2025,3,Mar,13,International School Olympiad,Student 2025_01357,Delhi International School,10,Doha,UAE,Social Media
REG-2025-01160,2025-03-26,2025,3,Mar,13,International Coding Olympiad,Student 2025_01160,Oakridge International School,9,New Delhi,India,Website
REG-2025-01647,2025-03-26,2025,3,Mar,13,Winter Painting Competition,Student 2025_01647,Oakridge International School,5,Doha,India,Social Media
REG-2025-01793,2025-03-26,2025,3,Mar,13,International School Olympiad,Student 2025_01793,Amity International School,9,Bengaluru,India,School Outreach
REG-2025-01330,2025-03-26,2025,3,Mar,13,International Science Olympiad,Student 2025_01330,Greenwood International School,7,Gurugram,India,Social Media
REG-2025-01236,2025-03-27,2025,3,Mar,13,Young Innovators Challenge,Student 2025_01236,The Millennium School,2,Mumbai,India,Social Media
REG-2025-00139,2025-03-27,2025,3,Mar,13,AI & Robotics Challenge,Student 2025_00139,Delhi International School,11,Sharjah,UAE,School Outreach
REG-2025-01312,2025-03-27,2025,3,Mar,13,Young Innovators Challenge,Student 2025_01312,The Indian High School,10,Mumbai,UAE,Website
REG-2025-01592,2025-03-27,2025,3,Mar,13,AI & Robotics Challenge,Student 2025_01592,The Millennium School,5,Abu Dhabi,India,WhatsApp
REG-2025-01383,2025-03-27,2025,3,Mar,13,AI & Robotics Challenge,Student 2025_01383,Delhi Public School,6,Bengaluru,UAE,WhatsApp
REG-2025-01757,2025-03-27,2025,3,Mar,13,AI & Robotics Challenge,Student 2025_01757,Greenwood International School,6,Dubai,India,School Outreach
REG-2025-01407,2025-03-27,2025,3,Mar,13,Young Innovators Challenge,Student 2025_01407,Sunrise Public School,8,Bengaluru,UAE,Website
REG-2025-00268,2025-03-27,2025,3,Mar,13,Young Innovators Challenge,Student 2025_00268,The Millennium School,10,Doha,UAE,Website
REG-2025-01363,2025-03-28,2025,3,Mar,13,Young Innovators Challenge,Student 2025_01363,Bright Future Academy,5,New Delhi,UAE,Email Campaign
REG-2025-00979,2025-03-28,2025,3,Mar,13,Young Innovators Challenge,Student 2025_00979,The Millennium School,8,Abu Dhabi,India,Email Campaign
REG-2025-00044,2025-03-29,2025,3,Mar,13,AI & Robotics Challenge,Student 2025_00044,Greenwood International School,10,Gurugram,India,Partner School
REG-2025-00521,2025-03-30,2025,3,Mar,13,Student Speaker Competition,Student 2025_00521,Delhi Public School,7,Abu Dhabi,India,WhatsApp
REG-2025-01699,2025-03-30,2025,3,Mar,13,Winter Painting Competition,Student 2025_01699,Amity International School,8,Sharjah,UAE,Website
REG-2025-01685,2025-03-30,2025,3,Mar,13,International Coding Olympiad,Student 2025_01685,Greenwood International School,5,Abu Dhabi,UAE,Social Media
REG-2025-01773,2025-03-31,2025,3,Mar,14,AI & Robotics Challenge,Student 2025_01773,Gurukul Global School,11,Abu Dhabi,India,School Outreach
REG-2025-00194,2025-03-31,2025,3,Mar,14,International Mathematics Olympiad,Student 2025_00194,Sunrise Public School,2,Sharjah,UAE,Website
REG-2025-00998,2025-03-31,2025,3,Mar,14,International Mathematics Olympiad,Student 2025_00998,Sunrise Public School,10,Doha,UAE,Social Media
REG-2025-00765,2025-03-31,2025,3,Mar,14,International School Olympiad,Student 2025_00765,The Indian High School,9,Sharjah,UAE,Social Media
REG-2025-00053,2025-03-31,2025,3,Mar,14,International Mathematics Olympiad,Student 2025_00053,GEMS Modern Academy,11,Abu Dhabi,India,Partner School
REG-2025-01572,2025-03-31,2025,3,Mar,14,International School Olympiad,Student 2025_01572,Amity International School,12,Abu Dhabi,India,Website
REG-2025-00746,2025-03-31,2025,3,Mar,14,Young Innovators Challenge,Student 2025_00746,GEMS Modern Academy,1,Gurugram,India,Email Campaign
REG-2025-00301,2025-03-31,2025,3,Mar,14,International Science Olympiad,Student 2025_00301,Gurukul Global School,12,Abu Dhabi,India,Partner School
REG-2025-00630,2025-04-01,2025,4,Apr,14,International Mathematics Olympiad,Student 2025_00630,Global Indian International School,3,Sharjah,India,Social Media
REG-2025-00063,2025-04-01,2025,4,Apr,14,International Coding Olympiad,Student 2025_00063,Sunrise Public School,1,Dubai,UAE,Partner School
REG-2025-01138,2025-04-01,2025,4,Apr,14,International Coding Olympiad,Student 2025_01138,Greenwood International School,3,Dubai,UAE,WhatsApp
REG-2025-00628,2025-04-01,2025,4,Apr,14,Young Innovators Challenge,Student 2025_00628,Delhi Public School,4,New Delhi,India,Social Media
REG-2025-00201,2025-04-01,2025,4,Apr,14,International Coding Olympiad,Student 2025_00201,Sunrise Public School,10,Abu Dhabi,India,Email Campaign
REG-2025-00393,2025-04-01,2025,4,Apr,14,Young Innovators Challenge,Student 2025_00393,GEMS Modern Academy,8,Dubai,India,WhatsApp
REG-2025-01052,2025-04-01,2025,4,Apr,14,International Coding Olympiad,Student 2025_01052,Delhi Public School,1,New Delhi,UAE,Partner School
REG-2025-01360,2025-04-01,2025,4,Apr,14,AI & Robotics Challenge,Student 2025_01360,Bright Future Academy,2,Bengaluru,UAE,Partner School
REG-2025-00909,2025-04-02,2025,4,Apr,14,AI & Robotics Challenge,Student 2025_00909,Greenwood International School,9,Gurugram,India,WhatsApp
REG-2025-00068,2025-04-02,2025,4,Apr,14,International Coding Olympiad,Student 2025_00068,Bright Future Academy,1,New Delhi,India,Social Media
REG-2025-00022,2025-04-02,2025,4,Apr,14,International School Olympiad,Student 2025_00022,The Millennium School,3,Sharjah,India,WhatsApp
REG-2025-01271,2025-04-02,2025,4,Apr,14,AI & Robotics Challenge,Student 2025_01271,Amity International School,3,Doha,UAE,Social Media
REG-2025-01044,2025-04-02,2025,4,Apr,14,International Mathematics Olympiad,Student 2025_01044,The Indian High School,2,New Delhi,Qatar,School Outreach
REG-2025-00332,2025-04-02,2025,4,Apr,14,International Science Olympiad,Student 2025_00332,Bright Future Academy,8,Mumbai,India,Partner School
REG-2025-01151,2025-04-02,2025,4,Apr,14,Winter Painting Competition,Student 2025_01151,Delhi Public School,10,Dubai,Qatar,Email Campaign
REG-2025-00770,2025-04-03,2025,4,Apr,14,International School Olympiad,Student 2025_00770,Oakridge International School,11,Gurugram,India,Website
REG-2025-00374,2025-04-03,2025,4,Apr,14,International Science Olympiad,Student 2025_00374,Bright Future Academy,11,Mumbai,UAE,Website
REG-2025-01268,2025-04-03,2025,4,Apr,14,AI & Robotics Challenge,Student 2025_01268,Sunrise Public School,5,Dubai,UAE,WhatsApp
REG-2025-00498,2025-04-03,2025,4,Apr,14,International School Olympiad,Student 2025_00498,Bright Future Academy,6,Unknown,UAE,Email Campaign
REG-2025-00576,2025-04-03,2025,4,Apr,14,Young Innovators Challenge,Student 2025_00576,Bright Future Academy,7,Sharjah,India,WhatsApp
REG-2025-00913,2025-04-03,2025,4,Apr,14,Student Speaker Competition,Student 2025_00913,Delhi International School,4,Gurugram,Qatar,Unknown
REG-2025-01748,2025-04-04,2025,4,Apr,14,Student Speaker Competition,Student 2025_01748,Global Indian International School,8,Sharjah,UAE,Partner School
REG-2025-00379,2025-04-04,2025,4,Apr,14,International School Olympiad,Student 2025_00379,Amity International School,12,Sharjah,UAE,Website
REG-2025-00634,2025-04-04,2025,4,Apr,14,Student Speaker Competition,Student 2025_00634,Global Indian International School,4,Gurugram,Qatar,School Outreach
REG-2025-01772,2025-04-04,2025,4,Apr,14,AI & Robotics Challenge,Student 2025_01772,Amity International School,9,Abu Dhabi,India,Email Campaign
REG-2025-01718,2025-04-04,2025,4,Apr,14,International School Olympiad,Student 2025_01718,Oakridge International School,8,Bengaluru,UAE,School Outreach
REG-2025-00758,2025-04-05,2025,4,Apr,14,International School Olympiad,Student 2025_00758,Global Indian International School,2,Mumbai,India,School Outreach
REG-2025-01017,2025-04-05,2025,4,Apr,14,International Science Olympiad,Student 2025_01017,Gurukul Global School,2,Gurugram,UAE,Partner School
REG-2025-00188,2025-04-05,2025,4,Apr,14,Student Speaker Competition,Student 2025_00188,Greenwood International School,9,New Delhi,India,Website
REG-2025-01593,2025-04-05,2025,4,Apr,14,International Coding Olympiad,Student 2025_01593,Amity International School,2,New Delhi,India,School Outreach
REG-2025-01285,2025-04-05,2025,4,Apr,14,Young Innovators Challenge,Student 2025_01285,Global Indian International School,2,Abu Dhabi,Qatar,Social Media
REG-2025-01159,2025-04-05,2025,4,Apr,14,International Coding Olympiad,Student 2025_01159,The Millennium School,8,Sharjah,UAE,Social Media
REG-2025-01468,2025-04-05,2025,4,Apr,14,AI & Robotics Challenge,Student 2025_01468,Amity International School,4,Doha,Qatar,Website
REG-2025-01761,2025-04-06,2025,4,Apr,14,International School Olympiad,Student 2025_01761,Delhi International School,6,Dubai,UAE,WhatsApp
REG-2025-01629,2025-04-06,2025,4,Apr,14,International School Olympiad,Student 2025_01629,Delhi Public School,10,Mumbai,India,Email Campaign
REG-2025-00094,2025-04-06,2025,4,Apr,14,International Mathematics Olympiad,Student 2025_00094,Amity International School,5,Dubai,India,Website
REG-2025-01385,2025-04-06,2025,4,Apr,14,International Mathematics Olympiad,Student 2025_01385,Gurukul Global School,9,Doha,India,Email Campaign
REG-2025-00614,2025-04-06,2025,4,Apr,14,Student Speaker Competition,Student 2025_00614,Sunrise Public School,2,Bengaluru,India,Email Campaign
REG-2025-01066,2025-04-06,2025,4,Apr,14,International Coding Olympiad,Student 2025_01066,Gurukul Global School,5,Dubai,Qatar,WhatsApp
REG-2025-01173,2025-04-07,2025,4,Apr,15,International Mathematics Olympiad,Student 2025_01173,GEMS Modern Academy,8,Dubai,India,Partner School
REG-2025-00809,2025-04-07,2025,4,Apr,15,International School Olympiad,Student 2025_00809,Delhi International School,11,Bengaluru,UAE,WhatsApp
REG-2025-01094,2025-04-07,2025,4,Apr,15,International Coding Olympiad,Student 2025_01094,Gurukul Global School,11,Abu Dhabi,UAE,School Outreach
REG-2025-01352,2025-04-07,2025,4,Apr,15,Student Speaker Competition,Student 2025_01352,The Millennium School,6,Dubai,UAE,School Outreach
REG-2025-00552,2025-04-08,2025,4,Apr,15,International Science Olympiad,Student 2025_00552,Amity International School,9,Doha,India,Email Campaign
REG-2025-01478,2025-04-08,2025,4,Apr,15,International Science Olympiad,Student 2025_01478,Global Indian International School,6,Sharjah,India,Partner School
REG-2025-01283,2025-04-08,2025,4,Apr,15,International School Olympiad,Student 2025_01283,Greenwood International School,3,Dubai,UAE,Partner School
REG-2025-01774,2025-04-08,2025,4,Apr,15,Young Innovators Challenge,Student 2025_01774,Sunrise Public School,1,Dubai,India,School Outreach
REG-2025-01694,2025-04-08,2025,4,Apr,15,International Coding Olympiad,Student 2025_01694,Sunrise Public School,9,Gurugram,India,Website
REG-2025-01754,2025-04-08,2025,4,Apr,15,Student Speaker Competition,Student 2025_01754,The Millennium School,1,Doha,UAE,WhatsApp
REG-2025-01666,2025-04-08,2025,4,Apr,15,AI & Robotics Challenge,Student 2025_01666,Gurukul Global School,7,Gurugram,India,WhatsApp
REG-2025-00440,2025-04-09,2025,4,Apr,15,AI & Robotics Challenge,Student 2025_00440,Amity International School,10,Gurugram,UAE,Website
REG-2025-01320,2025-04-09,2025,4,Apr,15,International Mathematics Olympiad,Student 2025_01320,The Indian High School,1,New Delhi,UAE,Social Media
REG-2025-00957,2025-04-09,2025,4,Apr,15,International Mathematics Olympiad,Student 2025_00957,Sunrise Public School,9,New Delhi,UAE,Email Campaign
REG-2025-01168,2025-04-09,2025,4,Apr,15,Winter Painting Competition,Student 2025_01168,Delhi Public School,9,Abu Dhabi,India,Website
REG-2025-00585,2025-04-10,2025,4,Apr,15,International Science Olympiad,Student 2025_00585,Greenwood International School,11,Sharjah,India,WhatsApp
REG-2025-00027,2025-04-10,2025,4,Apr,15,International Coding Olympiad,Student 2025_00027,The Indian High School,2,Gurugram,Qatar,School Outreach
REG-2025-01302,2025-04-10,2025,4,Apr,15,Winter Painting Competition,Student 2025_01302,Sunrise Public School,8,Sharjah,UAE,WhatsApp
REG-2025-00942,2025-04-10,2025,4,Apr,15,International Science Olympiad,Student 2025_00942,The Indian High School,10,Sharjah,UAE,Partner School
REG-2025-00687,2025-04-11,2025,4,Apr,15,AI & Robotics Challenge,Student 2025_00687,Global Indian International School,6,Sharjah,Qatar,WhatsApp
REG-2025-00164,2025-04-11,2025,4,Apr,15,International Science Olympiad,Student 2025_00164,Delhi Public School,6,Sharjah,India,Partner School
REG-2025-00144,2025-04-11,2025,4,Apr,15,International Science Olympiad,Student 2025_00144,Greenwood International School,1,Dubai,India,Website
REG-2025-01340,2025-04-11,2025,4,Apr,15,Young Innovators Challenge,Student 2025_01340,Bright Future Academy,8,Bengaluru,India,School Outreach
REG-2025-00962,2025-04-11,2025,4,Apr,15,Winter Painting Competition,Student 2025_00962,The Indian High School,3,Sharjah,UAE,Email Campaign
REG-2025-01131,2025-04-11,2025,4,Apr,15,International Coding Olympiad,Student 2025_01131,Oakridge International School,7,Bengaluru,India,Website
REG-2025-01688,2025-04-11,2025,4,Apr,15,International Coding Olympiad,Student 2025_01688,Oakridge International School,9,Abu Dhabi,UAE,Email Campaign
REG-2025-01495,2025-04-12,2025,4,Apr,15,International Science Olympiad,Student 2025_01495,Delhi International School,7,Doha,UAE,School Outreach
REG-2025-00163,2025-04-12,2025,4,Apr,15,International Mathematics Olympiad,Student 2025_00163,Global Indian International School,12,New Delhi,UAE,WhatsApp
REG-2025-01252,2025-04-12,2025,4,Apr,15,International Coding Olympiad,Student 2025_01252,Amity International School,3,Sharjah,UAE,Email Campaign
REG-2025-00065,2025-04-12,2025,4,Apr,15,Winter Painting Competition,Student 2025_00065,Delhi Public School,9,Sharjah,UAE,WhatsApp
REG-2025-00373,2025-04-12,2025,4,Apr,15,AI & Robotics Challenge,Student 2025_00373,Global Indian International School,2,Mumbai,India,Website
REG-2025-01762,2025-04-12,2025,4,Apr,15,AI & Robotics Challenge,Student 2025_01762,Oakridge International School,9,Mumbai,UAE,Website
REG-2025-00960,2025-04-12,2025,4,Apr,15,International Mathematics Olympiad,Student 2025_00960,Bright Future Academy,7,Abu Dhabi,India,Website
REG-2025-00496,2025-04-12,2025,4,Apr,15,International Coding Olympiad,Student 2025_00496,Global Indian International School,2,Mumbai,Qatar,Unknown
REG-2025-00907,2025-04-12,2025,4,Apr,15,International Coding Olympiad,Student 2025_00907,Unknown School,1,Mumbai,India,School Outreach
REG-2025-01225,2025-04-13,2025,4,Apr,15,AI & Robotics Challenge,Student 2025_01225,Oakridge International School,2,New Delhi,India,WhatsApp
REG-2025-01043,2025-04-13,2025,4,Apr,15,AI & Robotics Challenge,Student 2025_01043,Oakridge International School,1,New Delhi,India,WhatsApp
REG-2025-01485,2025-04-13,2025,4,Apr,15,International Coding Olympiad,Student 2025_01485,Bright Future Academy,5,Sharjah,UAE,WhatsApp
REG-2025-01309,2025-04-13,2025,4,Apr,15,International Coding Olympiad,Student 2025_01309,The Millennium School,5,Mumbai,India,Email Campaign
REG-2025-01584,2025-04-13,2025,4,Apr,15,AI & Robotics Challenge,Student 2025_01584,Amity International School,2,Mumbai,UAE,Email Campaign
REG-2025-01635,2025-04-13,2025,4,Apr,15,Winter Painting Competition,Student 2025_01635,Delhi Public School,9,Doha,UAE,Website
REG-2025-00572,2025-04-13,2025,4,Apr,15,International Mathematics Olympiad,Student 2025_00572,The Indian High School,4,Sharjah,India,WhatsApp
REG-2025-01719,2025-04-13,2025,4,Apr,15,International School Olympiad,Student 2025_01719,The Millennium School,12,Sharjah,India,WhatsApp
REG-2025-00248,2025-04-13,2025,4,Apr,15,International School Olympiad,Student 2025_00248,Oakridge International School,1,Mumbai,India,Website
REG-2025-01480,2025-04-13,2025,4,Apr,15,International Science Olympiad,Student 2025_01480,Sunrise Public School,6,Bengaluru,UAE,Social Media
REG-2025-01191,2025-04-13,2025,4,Apr,15,AI & Robotics Challenge,Student 2025_01191,Delhi International School,7,Mumbai,India,School Outreach
REG-2025-00624,2025-04-13,2025,4,Apr,15,Student Speaker Competition,Student 2025_00624,Bright Future Academy,2,Abu Dhabi,India,Social Media
REG-2025-00275,2025-04-14,2025,4,Apr,16,Young Innovators Challenge,Student 2025_00275,Sunrise Public School,4,Abu Dhabi,UAE,Social Media
REG-2025-00425,2025-04-14,2025,4,Apr,16,AI & Robotics Challenge,Student 2025_00425,Amity International School,3,Sharjah,UAE,Website
REG-2025-00464,2025-04-14,2025,4,Apr,16,International Coding Olympiad,Student 2025_00464,Bright Future Academy,6,Sharjah,UAE,Email Campaign
REG-2025-00929,2025-04-14,2025,4,Apr,16,Winter Painting Competition,Student 2025_00929,Amity International School,3,Doha,India,Email Campaign
REG-2025-01079,2025-04-14,2025,4,Apr,16,Student Speaker Competition,Student 2025_01079,Delhi Public School,10,Mumbai,India,Partner School
REG-2025-00165,2025-04-14,2025,4,Apr,16,AI & Robotics Challenge,Student 2025_00165,Bright Future Academy,8,Mumbai,UAE,Partner School
REG-2025-00972,2025-04-14,2025,4,Apr,16,AI & Robotics Challenge,Student 2025_00972,Delhi Public School,3,Dubai,UAE,Website
REG-2025-01185,2025-04-14,2025,4,Apr,16,International Science Olympiad,Student 2025_01185,Oakridge International School,10,Sharjah,India,Social Media
REG-2025-00732,2025-04-14,2025,4,Apr,16,International School Olympiad,Student 2025_00732,Delhi International School,9,Dubai,UAE,Email Campaign
REG-2025-01678,2025-04-14,2025,4,Apr,16,International School Olympiad,Student 2025_01678,Greenwood International School,11,Abu Dhabi,India,Website
REG-2025-01374,2025-04-14,2025,4,Apr,16,International School Olympiad,Student 2025_01374,Global Indian International School,9,Mumbai,India,WhatsApp
REG-2025-00777,2025-04-15,2025,4,Apr,16,Student Speaker Competition,Student 2025_00777,Sunrise Public School,3,Bengaluru,India,Website
REG-2025-01059,2025-04-15,2025,4,Apr,16,International School Olympiad,Student 2025_01059,GEMS Modern Academy,6,Dubai,Qatar,WhatsApp
REG-2025-01333,2025-04-15,2025,4,Apr,16,International Coding Olympiad,Student 2025_01333,The Indian High School,4,Dubai,UAE,School Outreach
REG-2025-01687,2025-04-16,2025,4,Apr,16,AI & Robotics Challenge,Student 2025_01687,Delhi International School,10,Bengaluru,UAE,Partner School
REG-2025-00500,2025-04-16,2025,4,Apr,16,AI & Robotics Challenge,Student 2025_00500,Greenwood International School,12,Abu Dhabi,India,Social Media
REG-2025-01437,2025-04-16,2025,4,Apr,16,International School Olympiad,Student 2025_01437,The Indian High School,4,Doha,India,Partner School
REG-2025-00954,2025-04-16,2025,4,Apr,16,Student Speaker Competition,Student 2025_00954,Delhi Public School,8,Dubai,UAE,Email Campaign
REG-2025-01444,2025-04-17,2025,4,Apr,16,International Mathematics Olympiad,Student 2025_01444,The Millennium School,3,Mumbai,UAE,Social Media
REG-2025-01153,2025-04-17,2025,4,Apr,16,Young Innovators Challenge,Student 2025_01153,Gurukul Global School,8,Gurugram,UAE,Email Campaign
REG-2025-01496,2025-04-17,2025,4,Apr,16,Winter Painting Competition,Student 2025_01496,The Millennium School,5,Gurugram,India,WhatsApp
REG-2025-00795,2025-04-17,2025,4,Apr,16,International Science Olympiad,Student 2025_00795,Global Indian International School,9,New Delhi,Qatar,Website
REG-2025-00994,2025-04-17,2025,4,Apr,16,International Coding Olympiad,Student 2025_00994,The Indian High School,5,Sharjah,India,School Outreach
REG-2025-00473,2025-04-17,2025,4,Apr,16,AI & Robotics Challenge,Student 2025_00473,Amity International School,10,Gurugram,Qatar,WhatsApp
REG-2025-00005,2025-04-17,2025,4,Apr,16,Winter Painting Competition,Student 2025_00005,GEMS Modern Academy,5,Dubai,UAE,WhatsApp
REG-2025-00238,2025-04-17,2025,4,Apr,16,AI & Robotics Challenge,Student 2025_00238,Delhi International School,11,Mumbai,UAE,Email Campaign
REG-2025-00547,2025-04-17,2025,4,Apr,16,International School Olympiad,Student 2025_00547,The Indian High School,5,New Delhi,India,Social Media
REG-2025-01741,2025-04-17,2025,4,Apr,16,Student Speaker Competition,Student 2025_01741,Amity International School,1,New Delhi,UAE,Social Media
REG-2025-00407,2025-04-18,2025,4,Apr,16,International Science Olympiad,Student 2025_00407,Delhi International School,9,Abu Dhabi,India,Social Media
REG-2025-00633,2025-04-18,2025,4,Apr,16,Young Innovators Challenge,Student 2025_00633,Amity International School,5,Bengaluru,UAE,Email Campaign
REG-2025-00082,2025-04-18,2025,4,Apr,16,International School Olympiad,Student 2025_00082,Delhi International School,3,Sharjah,India,Email Campaign
REG-2025-00621,2025-04-18,2025,4,Apr,16,International Mathematics Olympiad,Student 2025_00621,Gurukul Global School,9,New Delhi,India,School Outreach
REG-2025-00155,2025-04-18,2025,4,Apr,16,International Mathematics Olympiad,Student 2025_00155,Greenwood International School,10,Bengaluru,Qatar,Partner School
REG-2025-00140,2025-04-18,2025,4,Apr,16,International Coding Olympiad,Student 2025_00140,GEMS Modern Academy,7,Doha,India,Partner School
REG-2025-01039,2025-04-18,2025,4,Apr,16,International Mathematics Olympiad,Student 2025_01039,Sunrise Public School,1,Abu Dhabi,India,Partner School
REG-2025-00091,2025-04-18,2025,4,Apr,16,International Science Olympiad,Student 2025_00091,The Millennium School,7,Dubai,UAE,Unknown
REG-2025-00435,2025-04-18,2025,4,Apr,16,Winter Painting Competition,Student 2025_00435,GEMS Modern Academy,2,Mumbai,India,Social Media
REG-2025-01100,2025-04-18,2025,4,Apr,16,Young Innovators Challenge,Student 2025_01100,Oakridge International School,11,Gurugram,India,Website
REG-2025-00354,2025-04-18,2025,4,Apr,16,International Science Olympiad,Student 2025_00354,GEMS Modern Academy,1,Sharjah,UAE,WhatsApp
REG-2025-00121,2025-04-19,2025,4,Apr,16,International School Olympiad,Student 2025_00121,Greenwood International School,3,Mumbai,India,Email Campaign
REG-2025-01220,2025-04-19,2025,4,Apr,16,International Mathematics Olympiad,Student 2025_01220,The Millennium School,1,Abu Dhabi,India,Social Media
REG-2025-00285,2025-04-19,2025,4,Apr,16,International Mathematics Olympiad,Student 2025_00285,Delhi Public School,8,Bengaluru,Qatar,Social Media
REG-2025-00756,2025-04-19,2025,4,Apr,16,AI & Robotics Challenge,Student 2025_00756,Greenwood International School,11,Sharjah,UAE,Social Media
REG-2025-01418,2025-04-19,2025,4,Apr,16,Student Speaker Competition,Student 2025_01418,Bright Future Academy,4,New Delhi,India,Website
REG-2025-00298,2025-04-19,2025,4,Apr,16,International Science Olympiad,Student 2025_00298,GEMS Modern Academy,6,New Delhi,India,Partner School
REG-2025-00004,2025-04-19,2025,4,Apr,16,Young Innovators Challenge,Student 2025_00004,Oakridge International School,10,Bengaluru,UAE,Partner School
REG-2025-00935,2025-04-20,2025,4,Apr,16,International Mathematics Olympiad,Student 2025_00935,Delhi International School,2,Bengaluru,India,Social Media
REG-2025-01729,2025-04-20,2025,4,Apr,16,International Mathematics Olympiad,Student 2025_01729,The Millennium School,8,Bengaluru,India,Social Media
REG-2025-00800,2025-04-20,2025,4,Apr,16,Student Speaker Competition,Student 2025_00800,Delhi Public School,2,New Delhi,UAE,Social Media
REG-2025-00030,2025-04-20,2025,4,Apr,16,Student Speaker Competition,Student 2025_00030,Amity International School,2,New Delhi,Qatar,School Outreach
REG-2025-01293,2025-04-20,2025,4,Apr,16,Student Speaker Competition,Student 2025_01293,Gurukul Global School,8,Abu Dhabi,India,Website
REG-2025-00689,2025-04-20,2025,4,Apr,16,International Mathematics Olympiad,Student 2025_00689,The Millennium School,1,Sharjah,UAE,Partner School
REG-2025-01263,2025-04-20,2025,4,Apr,16,AI & Robotics Challenge,Student 2025_01263,Bright Future Academy,8,Bengaluru,Qatar,Email Campaign
REG-2025-00923,2025-04-21,2025,4,Apr,17,Young Innovators Challenge,Student 2025_00923,GEMS Modern Academy,2,Abu Dhabi,India,Social Media
REG-2025-00869,2025-04-21,2025,4,Apr,17,International Coding Olympiad,Student 2025_00869,Gurukul Global School,1,Mumbai,India,WhatsApp
REG-2025-01319,2025-04-21,2025,4,Apr,17,Winter Painting Competition,Student 2025_01319,The Indian High School,8,Doha,UAE,Partner School
REG-2025-01473,2025-04-21,2025,4,Apr,17,International Mathematics Olympiad,Student 2025_01473,The Indian High School,8,Bengaluru,UAE,Email Campaign
REG-2025-01643,2025-04-21,2025,4,Apr,17,AI & Robotics Challenge,Student 2025_01643,Global Indian International School,4,Dubai,India,Social Media
REG-2025-01184,2025-04-21,2025,4,Apr,17,International Mathematics Olympiad,Student 2025_01184,Global Indian International School,5,Bengaluru,UAE,WhatsApp
REG-2025-00214,2025-04-21,2025,4,Apr,17,Winter Painting Competition,Student 2025_00214,Global Indian International School,2,Mumbai,UAE,School Outreach
REG-2025-00219,2025-04-21,2025,4,Apr,17,International Mathematics Olympiad,Student 2025_00219,Delhi Public School,9,Sharjah,UAE,School Outreach
REG-2025-00883,2025-04-21,2025,4,Apr,17,International Mathematics Olympiad,Student 2025_00883,Oakridge International School,3,Doha,India,Email Campaign
REG-2025-00047,2025-04-21,2025,4,Apr,17,Student Speaker Competition,Student 2025_00047,Gurukul Global School,9,Gurugram,India,Website
REG-2025-00267,2025-04-21,2025,4,Apr,17,International School Olympiad,Student 2025_00267,Delhi International School,4,Sharjah,India,Website
REG-2025-01092,2025-04-21,2025,4,Apr,17,International Science Olympiad,Student 2025_01092,The Indian High School,4,Gurugram,India,Email Campaign
REG-2025-00186,2025-04-21,2025,4,Apr,17,Student Speaker Competition,Student 2025_00186,GEMS Modern Academy,6,Mumbai,UAE,School Outreach
REG-2025-01373,2025-04-22,2025,4,Apr,17,Student Speaker Competition,Student 2025_01373,Greenwood International School,6,Abu Dhabi,Qatar,School Outreach
REG-2025-01057,2025-04-22,2025,4,Apr,17,Young Innovators Challenge,Student 2025_01057,Amity International School,6,Sharjah,UAE,Partner School
REG-2025-00833,2025-04-22,2025,4,Apr,17,Student Speaker Competition,Student 2025_00833,Bright Future Academy,12,Dubai,Qatar,School Outreach
REG-2025-01368,2025-04-22,2025,4,Apr,17,Young Innovators Challenge,Student 2025_01368,Gurukul Global School,6,Bengaluru,India,Partner School
REG-2025-00031,2025-04-22,2025,4,Apr,17,International Mathematics Olympiad,Student 2025_00031,Gurukul Global School,7,Dubai,UAE,WhatsApp
REG-2025-01331,2025-04-22,2025,4,Apr,17,AI & Robotics Challenge,Student 2025_01331,Global Indian International School,8,Dubai,UAE,WhatsApp
REG-2025-00020,2025-04-22,2025,4,Apr,17,Young Innovators Challenge,Student 2025_00020,Bright Future Academy,6,Gurugram,UAE,Website
REG-2025-00537,2025-04-23,2025,4,Apr,17,International Mathematics Olympiad,Student 2025_00537,GEMS Modern Academy,6,New Delhi,India,Social Media
REG-2025-00205,2025-04-23,2025,4,Apr,17,International Coding Olympiad,Student 2025_00205,Bright Future Academy,6,Gurugram,UAE,Social Media
REG-2025-01566,2025-04-23,2025,4,Apr,17,Student Speaker Competition,Student 2025_01566,Global Indian International School,1,Bengaluru,UAE,WhatsApp
REG-2025-00222,2025-04-23,2025,4,Apr,17,International Coding Olympiad,Student 2025_00222,Delhi International School,5,Doha,India,Partner School
REG-2025-00871,2025-04-23,2025,4,Apr,17,International Science Olympiad,Student 2025_00871,Amity International School,2,Abu Dhabi,India,Website
REG-2025-01743,2025-04-23,2025,4,Apr,17,International Science Olympiad,Student 2025_01743,Delhi International School,8,Bengaluru,UAE,Unknown
REG-2025-01458,2025-04-23,2025,4,Apr,17,Young Innovators Challenge,Student 2025_01458,Sunrise Public School,7,Mumbai,UAE,Website
REG-2025-00506,2025-04-23,2025,4,Apr,17,International Mathematics Olympiad,Student 2025_00506,Gurukul Global School,5,Sharjah,UAE,Partner School
REG-2025-00792,2025-04-23,2025,4,Apr,17,International School Olympiad,Student 2025_00792,Oakridge International School,5,Mumbai,Qatar,WhatsApp
REG-2025-00647,2025-04-24,2025,4,Apr,17,International Mathematics Olympiad,Student 2025_00647,Gurukul Global School,10,Bengaluru,UAE,Partner School
REG-2025-01520,2025-04-24,2025,4,Apr,17,Winter Painting Competition,Student 2025_01520,Oakridge International School,10,Abu Dhabi,Qatar,Email Campaign
REG-2025-00114,2025-04-24,2025,4,Apr,17,Winter Painting Competition,Student 2025_00114,Global Indian International School,3,New Delhi,UAE,Email Campaign
REG-2025-00335,2025-04-24,2025,4,Apr,17,International Mathematics Olympiad,Student 2025_00335,Bright Future Academy,11,Unknown,India,Website
REG-2025-01213,2025-04-24,2025,4,Apr,17,International Mathematics Olympiad,Student 2025_01213,Bright Future Academy,3,New Delhi,India,Social Media
REG-2025-00798,2025-04-24,2025,4,Apr,17,Student Speaker Competition,Student 2025_00798,Global Indian International School,1,Bengaluru,India,Partner School
REG-2025-01555,2025-04-24,2025,4,Apr,17,International Science Olympiad,Student 2025_01555,Amity International School,7,Dubai,India,WhatsApp
REG-2025-00916,2025-04-24,2025,4,Apr,17,Young Innovators Challenge,Student 2025_00916,Amity International School,8,Mumbai,India,Email Campaign
REG-2025-00905,2025-04-24,2025,4,Apr,17,International Science Olympiad,Student 2025_00905,GEMS Modern Academy,11,Bengaluru,India,Social Media
REG-2025-01248,2025-04-25,2025,4,Apr,17,Winter Painting Competition,Student 2025_01248,Global Indian International School,1,Sharjah,UAE,Email Campaign
REG-2025-00176,2025-04-25,2025,4,Apr,17,AI & Robotics Challenge,Student 2025_00176,Gurukul Global School,8,Sharjah,UAE,Social Media
REG-2025-00939,2025-04-25,2025,4,Apr,17,Student Speaker Competition,Student 2025_00939,Global Indian International School,10,Bengaluru,UAE,Social Media
REG-2025-00231,2025-04-25,2025,4,Apr,17,Winter Painting Competition,Student 2025_00231,Amity International School,9,Mumbai,UAE,School Outreach
REG-2025-00612,2025-04-25,2025,4,Apr,17,International Mathematics Olympiad,Student 2025_00612,Oakridge International School,8,Dubai,UAE,WhatsApp
REG-2025-00485,2025-04-25,2025,4,Apr,17,Winter Painting Competition,Student 2025_00485,Amity International School,6,Dubai,UAE,School Outreach
REG-2025-00073,2025-04-25,2025,4,Apr,17,International Coding Olympiad,Student 2025_00073,Sunrise Public School,8,Abu Dhabi,UAE,School Outreach
REG-2025-00277,2025-04-26,2025,4,Apr,17,Young Innovators Challenge,Student 2025_00277,Greenwood International School,7,New Delhi,India,School Outreach
REG-2025-01768,2025-04-26,2025,4,Apr,17,International Coding Olympiad,Student 2025_01768,GEMS Modern Academy,7,Bengaluru,UAE,School Outreach
REG-2025-01697,2025-04-26,2025,4,Apr,17,International Coding Olympiad,Student 2025_01697,Delhi Public School,6,Gurugram,India,School Outreach
REG-2025-00710,2025-04-26,2025,4,Apr,17,AI & Robotics Challenge,Student 2025_00710,Gurukul Global School,2,New Delhi,UAE,Email Campaign
REG-2025-00070,2025-04-26,2025,4,Apr,17,International Mathematics Olympiad,Student 2025_00070,Unknown School,6,Abu Dhabi,UAE,Social Media
REG-2025-01499,2025-04-26,2025,4,Apr,17,International Coding Olympiad,Student 2025_01499,Global Indian International School,12,Dubai,UAE,Email Campaign
REG-2025-01102,2025-04-26,2025,4,Apr,17,AI & Robotics Challenge,Student 2025_01102,The Millennium School,9,New Delhi,UAE,School Outreach
REG-2025-00054,2025-04-26,2025,4,Apr,17,International Coding Olympiad,Student 2025_00054,Amity International School,1,Dubai,UAE,Social Media
REG-2025-00474,2025-04-26,2025,4,Apr,17,International School Olympiad,Student 2025_00474,Oakridge International School,6,Doha,UAE,Email Campaign
REG-2025-01075,2025-04-26,2025,4,Apr,17,International Mathematics Olympiad,Student 2025_01075,Global Indian International School,11,New Delhi,UAE,Partner School
REG-2025-00367,2025-04-26,2025,4,Apr,17,International Mathematics Olympiad,Student 2025_00367,The Millennium School,4,New Delhi,India,School Outreach
REG-2025-00290,2025-04-27,2025,4,Apr,17,International Science Olympiad,Student 2025_00290,Delhi Public School,5,Gurugram,UAE,Email Campaign
REG-2025-00124,2025-04-27,2025,4,Apr,17,Young Innovators Challenge,Student 2025_00124,Bright Future Academy,12,Dubai,UAE,Social Media
REG-2025-01789,2025-04-27,2025,4,Apr,17,International Mathematics Olympiad,Student 2025_01789,Greenwood International School,1,Gurugram,UAE,Social Media
REG-2025-00109,2025-04-27,2025,4,Apr,17,Student Speaker Competition,Student 2025_00109,Delhi Public School,1,Dubai,India,School Outreach
REG-2025-01712,2025-04-27,2025,4,Apr,17,International School Olympiad,Student 2025_01712,Amity International School,7,Mumbai,UAE,WhatsApp
REG-2025-01431,2025-04-27,2025,4,Apr,17,International Science Olympiad,Student 2025_01431,Greenwood International School,10,Abu Dhabi,India,Website
REG-2025-01202,2025-04-28,2025,4,Apr,18,International Coding Olympiad,Student 2025_01202,Oakridge International School,9,Dubai,India,WhatsApp
REG-2025-00709,2025-04-28,2025,4,Apr,18,AI & Robotics Challenge,Student 2025_00709,Bright Future Academy,11,Doha,India,Social Media
REG-2025-00519,2025-04-28,2025,4,Apr,18,International School Olympiad,Student 2025_00519,The Millennium School,7,Gurugram,UAE,Social Media
REG-2025-00944,2025-04-28,2025,4,Apr,18,Winter Painting Competition,Student 2025_00944,The Indian High School,11,Gurugram,India,Social Media
REG-2025-01420,2025-04-28,2025,4,Apr,18,International School Olympiad,Student 2025_01420,Sunrise Public School,8,Dubai,UAE,WhatsApp
REG-2025-00973,2025-04-28,2025,4,Apr,18,Winter Painting Competition,Student 2025_00973,Gurukul Global School,12,New Delhi,India,Website
REG-2025-00076,2025-04-28,2025,4,Apr,18,International Science Olympiad,Student 2025_00076,The Indian High School,2,Sharjah,India,WhatsApp
REG-2025-00974,2025-04-28,2025,4,Apr,18,Winter Painting Competition,Student 2025_00974,Oakridge International School,2,Sharjah,India,Social Media
REG-2025-01541,2025-04-28,2025,4,Apr,18,Winter Painting Competition,Student 2025_01541,Oakridge International School,4,New Delhi,India,WhatsApp
REG-2025-00644,2025-04-29,2025,4,Apr,18,International Mathematics Olympiad,Student 2025_00644,The Millennium School,5,Doha,UAE,Social Media
REG-2025-00622,2025-04-29,2025,4,Apr,18,Young Innovators Challenge,Student 2025_00622,Bright Future Academy,12,Abu Dhabi,India,Email Campaign
REG-2025-00785,2025-04-29,2025,4,Apr,18,International Coding Olympiad,Student 2025_00785,Greenwood International School,3,Abu Dhabi,UAE,Website
REG-2025-01799,2025-04-29,2025,4,Apr,18,AI & Robotics Challenge,Student 2025_01799,The Indian High School,3,Doha,India,WhatsApp
REG-2025-01508,2025-04-29,2025,4,Apr,18,International Mathematics Olympiad,Student 2025_01508,Delhi Public School,4,Bengaluru,Qatar,Website
REG-2025-01101,2025-04-29,2025,4,Apr,18,International School Olympiad,Student 2025_01101,Amity International School,7,Sharjah,India,Email Campaign
REG-2025-00768,2025-04-29,2025,4,Apr,18,International Mathematics Olympiad,Student 2025_00768,Oakridge International School,2,Doha,Qatar,WhatsApp
REG-2025-01795,2025-04-29,2025,4,Apr,18,International School Olympiad,Student 2025_01795,Oakridge International School,8,Mumbai,UAE,Website
REG-2025-01517,2025-04-30,2025,4,Apr,18,International Mathematics Olympiad,Student 2025_01517,Bright Future Academy,11,Dubai,India,Website
REG-2025-01146,2025-04-30,2025,4,Apr,18,International Coding Olympiad,Student 2025_01146,Bright Future Academy,4,Bengaluru,India,Website
REG-2025-00276,2025-04-30,2025,4,Apr,18,Student Speaker Competition,Student 2025_00276,Delhi Public School,9,Gurugram,India,Email Campaign
REG-2025-00729,2025-05-01,2025,5,May,18,International Mathematics Olympiad,Student 2025_00729,Amity International School,1,Gurugram,UAE,School Outreach
REG-2025-01031,2025-05-01,2025,5,May,18,International Science Olympiad,Student 2025_01031,Amity International School,10,Sharjah,UAE,Email Campaign
REG-2025-01492,2025-05-01,2025,5,May,18,Student Speaker Competition,Student 2025_01492,The Indian High School,1,Doha,India,Social Media
REG-2025-01244,2025-05-01,2025,5,May,18,International School Olympiad,Student 2025_01244,GEMS Modern Academy,1,Bengaluru,UAE,School Outreach
REG-2025-00282,2025-05-01,2025,5,May,18,International Coding Olympiad,Student 2025_00282,Sunrise Public School,2,Doha,UAE,Email Campaign
REG-2025-00444,2025-05-01,2025,5,May,18,International Science Olympiad,Student 2025_00444,Gurukul Global School,12,Dubai,India,Partner School
REG-2025-00651,2025-05-01,2025,5,May,18,International Coding Olympiad,Student 2025_00651,Delhi International School,3,Mumbai,UAE,School Outreach
REG-2025-00563,2025-05-02,2025,5,May,18,International Mathematics Olympiad,Student 2025_00563,Amity International School,1,Abu Dhabi,UAE,Social Media
REG-2025-00235,2025-05-02,2025,5,May,18,Winter Painting Competition,Student 2025_00235,Unknown School,1,Mumbai,UAE,Social Media
REG-2025-01120,2025-05-02,2025,5,May,18,AI & Robotics Challenge,Student 2025_01120,Global Indian International School,4,Abu Dhabi,UAE,Email Campaign
REG-2025-01477,2025-05-02,2025,5,May,18,International School Olympiad,Student 2025_01477,Sunrise Public School,1,Bengaluru,India,School Outreach
REG-2025-00284,2025-05-02,2025,5,May,18,International Mathematics Olympiad,Student 2025_00284,Oakridge International School,5,Doha,UAE,School Outreach
REG-2025-00718,2025-05-02,2025,5,May,18,International Science Olympiad,Student 2025_00718,Gurukul Global School,5,Doha,UAE,Website
REG-2025-01116,2025-05-02,2025,5,May,18,Young Innovators Challenge,Student 2025_01116,The Millennium School,7,Mumbai,UAE,Email Campaign
REG-2025-00252,2025-05-03,2025,5,May,18,International School Olympiad,Student 2025_00252,Bright Future Academy,2,Mumbai,India,School Outreach
REG-2025-01356,2025-05-03,2025,5,May,18,Young Innovators Challenge,Student 2025_01356,Delhi Public School,7,Abu Dhabi,India,Email Campaign
REG-2025-00203,2025-05-03,2025,5,May,18,Student Speaker Competition,Student 2025_00203,Sunrise Public School,2,Sharjah,India,Website
REG-2025-00183,2025-05-03,2025,5,May,18,Winter Painting Competition,Student 2025_00183,Delhi International School,6,New Delhi,India,School Outreach
REG-2025-01018,2025-05-03,2025,5,May,18,Student Speaker Competition,Student 2025_01018,Gurukul Global School,2,Bengaluru,India,Email Campaign
REG-2025-01549,2025-05-03,2025,5,May,18,International Science Olympiad,Student 2025_01549,Global Indian International School,9,Dubai,India,WhatsApp
REG-2025-01353,2025-05-03,2025,5,May,18,AI & Robotics Challenge,Student 2025_01353,Delhi Public School,1,Doha,UAE,Email Campaign
REG-2025-01519,2025-05-03,2025,5,May,18,International Coding Olympiad,Student 2025_01519,The Millennium School,3,Bengaluru,India,WhatsApp
REG-2025-00185,2025-05-03,2025,5,May,18,Winter Painting Competition,Student 2025_00185,Gurukul Global School,2,Abu Dhabi,UAE,School Outreach
REG-2025-00055,2025-05-03,2025,5,May,18,Winter Painting Competition,Student 2025_00055,Delhi Public School,8,Abu Dhabi,India,Email Campaign
REG-2025-01162,2025-05-04,2025,5,May,18,International Mathematics Olympiad,Student 2025_01162,Delhi Public School,5,Bengaluru,India,WhatsApp
REG-2025-00180,2025-05-04,2025,5,May,18,AI & Robotics Challenge,Student 2025_00180,The Indian High School,11,Dubai,Qatar,WhatsApp
REG-2025-00021,2025-05-04,2025,5,May,18,International Coding Olympiad,Student 2025_00021,Greenwood International School,1,Bengaluru,India,Website
REG-2025-00406,2025-05-04,2025,5,May,18,Winter Painting Competition,Student 2025_00406,Greenwood International School,3,Sharjah,India,Website
REG-2025-00453,2025-05-04,2025,5,May,18,International Mathematics Olympiad,Student 2025_00453,Greenwood International School,7,Mumbai,India,School Outreach
REG-2025-00405,2025-05-04,2025,5,May,18,International School Olympiad,Student 2025_00405,Unknown School,8,Sharjah,Qatar,School Outreach
REG-2025-01053,2025-05-04,2025,5,May,18,Student Speaker Competition,Student 2025_01053,Bright Future Academy,9,New Delhi,UAE,Website
REG-2025-00115,2025-05-05,2025,5,May,19,AI & Robotics Challenge,Student 2025_00115,Bright Future Academy,10,Doha,India,WhatsApp
REG-2025-00159,2025-05-05,2025,5,May,19,Young Innovators Challenge,Student 2025_00159,Amity International School,3,Gurugram,India,Email Campaign
REG-2025-00629,2025-05-05,2025,5,May,19,International Coding Olympiad,Student 2025_00629,Delhi Public School,9,Abu Dhabi,India,Partner School
REG-2025-01767,2025-05-05,2025,5,May,19,International School Olympiad,Student 2025_01767,Delhi Public School,11,Abu Dhabi,India,Partner School
REG-2025-00556,2025-05-05,2025,5,May,19,International Coding Olympiad,Student 2025_00556,GEMS Modern Academy,6,Doha,India,Partner School
REG-2025-01737,2025-05-05,2025,5,May,19,Young Innovators Challenge,Student 2025_01737,The Millennium School,1,New Delhi,UAE,School Outreach
REG-2025-01152,2025-05-05,2025,5,May,19,International Coding Olympiad,Student 2025_01152,Global Indian International School,7,Gurugram,UAE,WhatsApp
REG-2025-00667,2025-05-05,2025,5,May,19,International Coding Olympiad,Student 2025_00667,Amity International School,8,Dubai,Qatar,School Outreach
REG-2025-00876,2025-05-05,2025,5,May,19,Young Innovators Challenge,Student 2025_00876,The Millennium School,10,New Delhi,India,Email Campaign
REG-2025-01008,2025-05-05,2025,5,May,19,International Coding Olympiad,Student 2025_01008,Greenwood International School,12,Dubai,India,Social Media
REG-2025-01091,2025-05-05,2025,5,May,19,International Coding Olympiad,Student 2025_01091,Sunrise Public School,12,Sharjah,UAE,WhatsApp
REG-2025-01379,2025-05-05,2025,5,May,19,International School Olympiad,Student 2025_01379,Gurukul Global School,9,Gurugram,Qatar,Partner School
REG-2025-00420,2025-05-06,2025,5,May,19,International School Olympiad,Student 2025_00420,Delhi International School,8,Doha,India,School Outreach
REG-2025-01217,2025-05-06,2025,5,May,19,International Mathematics Olympiad,Student 2025_01217,Global Indian International School,3,Bengaluru,UAE,Email Campaign
REG-2025-00940,2025-05-06,2025,5,May,19,Student Speaker Competition,Student 2025_00940,The Indian High School,4,Dubai,India,Website
REG-2025-00445,2025-05-06,2025,5,May,19,Winter Painting Competition,Student 2025_00445,Oakridge International School,10,Sharjah,UAE,School Outreach
REG-2025-01490,2025-05-06,2025,5,May,19,International Coding Olympiad,Student 2025_01490,Amity International School,4,Dubai,India,School Outreach
REG-2025-01618,2025-05-06,2025,5,May,19,International Mathematics Olympiad,Student 2025_01618,Oakridge International School,11,Abu Dhabi,India,WhatsApp
REG-2025-01241,2025-05-06,2025,5,May,19,International School Olympiad,Student 2025_01241,Delhi International School,1,Mumbai,UAE,WhatsApp
REG-2025-00897,2025-05-06,2025,5,May,19,International Science Olympiad,Student 2025_00897,Greenwood International School,10,Sharjah,UAE,Social Media
REG-2025-01051,2025-05-06,2025,5,May,19,Winter Painting Competition,Student 2025_01051,Gurukul Global School,2,Gurugram,India,Partner School
REG-2025-00017,2025-05-07,2025,5,May,19,International Coding Olympiad,Student 2025_00017,The Indian High School,9,New Delhi,India,Website
REG-2025-01442,2025-05-07,2025,5,May,19,International Coding Olympiad,Student 2025_01442,GEMS Modern Academy,8,Gurugram,India,Website
REG-2025-01000,2025-05-07,2025,5,May,19,International Coding Olympiad,Student 2025_01000,The Millennium School,10,Dubai,UAE,WhatsApp
REG-2025-00608,2025-05-08,2025,5,May,19,Young Innovators Challenge,Student 2025_00608,Greenwood International School,6,New Delhi,UAE,Social Media
REG-2025-01296,2025-05-08,2025,5,May,19,International School Olympiad,Student 2025_01296,GEMS Modern Academy,8,Bengaluru,UAE,Social Media
REG-2025-01165,2025-05-08,2025,5,May,19,AI & Robotics Challenge,Student 2025_01165,Global Indian International School,3,Bengaluru,India,Website
REG-2025-00344,2025-05-08,2025,5,May,19,International Coding Olympiad,Student 2025_00344,The Millennium School,12,Bengaluru,UAE,Website
REG-2025-01207,2025-05-08,2025,5,May,19,Student Speaker Competition,Student 2025_01207,Sunrise Public School,7,Doha,UAE,Partner School
REG-2025-00549,2025-05-08,2025,5,May,19,International Science Olympiad,Student 2025_00549,Global Indian International School,3,Doha,UAE,Email Campaign
REG-2025-01680,2025-05-08,2025,5,May,19,Winter Painting Competition,Student 2025_01680,Bright Future Academy,2,Doha,UAE,WhatsApp
REG-2025-00717,2025-05-08,2025,5,May,19,International Coding Olympiad,Student 2025_00717,Bright Future Academy,6,Sharjah,UAE,Partner School
REG-2025-01720,2025-05-08,2025,5,May,19,International School Olympiad,Student 2025_01720,The Indian High School,7,Doha,UAE,Partner School
REG-2025-01583,2025-05-08,2025,5,May,19,International Coding Olympiad,Student 2025_01583,Oakridge International School,12,New Delhi,India,WhatsApp
REG-2025-00803,2025-05-08,2025,5,May,19,AI & Robotics Challenge,Student 2025_00803,Delhi International School,5,Gurugram,UAE,Social Media
REG-2025-01460,2025-05-08,2025,5,May,19,International Coding Olympiad,Student 2025_01460,Oakridge International School,2,Abu Dhabi,India,School Outreach
REG-2025-01015,2025-05-09,2025,5,May,19,International Coding Olympiad,Student 2025_01015,Greenwood International School,6,New Delhi,UAE,Social Media
REG-2025-01800,2025-05-09,2025,5,May,19,International School Olympiad,Student 2025_01800,Bright Future Academy,1,Doha,India,Email Campaign
REG-2025-01010,2025-05-09,2025,5,May,19,International School Olympiad,Student 2025_01010,The Millennium School,12,Dubai,UAE,Website
REG-2025-00296,2025-05-09,2025,5,May,19,International Mathematics Olympiad,Student 2025_00296,Oakridge International School,3,Abu Dhabi,UAE,Email Campaign
REG-2025-00449,2025-05-09,2025,5,May,19,AI & Robotics Challenge,Student 2025_00449,Unknown School,10,New Delhi,India,Partner School
REG-2025-00366,2025-05-09,2025,5,May,19,International School Olympiad,Student 2025_00366,Sunrise Public School,3,Doha,UAE,Website
REG-2025-00701,2025-05-09,2025,5,May,19,International School Olympiad,Student 2025_00701,GEMS Modern Academy,12,New Delhi,UAE,Social Media
REG-2025-01686,2025-05-09,2025,5,May,19,AI & Robotics Challenge,Student 2025_01686,Global Indian International School,6,Doha,India,WhatsApp
REG-2025-00712,2025-05-10,2025,5,May,19,Student Speaker Competition,Student 2025_00712,Gurukul Global School,5,Gurugram,UAE,Email Campaign
REG-2025-01665,2025-05-10,2025,5,May,19,International Science Olympiad,Student 2025_01665,Sunrise Public School,6,Doha,UAE,Email Campaign
REG-2025-00578,2025-05-10,2025,5,May,19,Winter Painting Competition,Student 2025_00578,Delhi Public School,8,New Delhi,India,Email Campaign
REG-2025-01074,2025-05-10,2025,5,May,19,AI & Robotics Challenge,Student 2025_01074,Global Indian International School,12,Gurugram,UAE,Email Campaign
REG-2025-00893,2025-05-10,2025,5,May,19,International Mathematics Olympiad,Student 2025_00893,Delhi Public School,10,Sharjah,UAE,Email Campaign
REG-2025-01195,2025-05-10,2025,5,May,19,International School Olympiad,Student 2025_01195,Delhi International School,10,New Delhi,India,Social Media
REG-2025-01311,2025-05-10,2025,5,May,19,Winter Painting Competition,Student 2025_01311,Oakridge International School,9,Dubai,UAE,Partner School
REG-2025-00679,2025-05-10,2025,5,May,19,Winter Painting Competition,Student 2025_00679,GEMS Modern Academy,11,Abu Dhabi,India,Website
REG-2025-01392,2025-05-11,2025,5,May,19,Student Speaker Competition,Student 2025_01392,Delhi Public School,6,Sharjah,India,Website
REG-2025-00997,2025-05-11,2025,5,May,19,International Science Olympiad,Student 2025_00997,Oakridge International School,10,Sharjah,India,School Outreach
REG-2025-00995,2025-05-11,2025,5,May,19,International Mathematics Olympiad,Student 2025_00995,GEMS Modern Academy,1,Mumbai,Qatar,Partner School
REG-2025-00011,2025-05-11,2025,5,May,19,Student Speaker Competition,Student 2025_00011,Amity International School,2,New Delhi,India,WhatsApp
REG-2025-01501,2025-05-11,2025,5,May,19,International Science Olympiad,Student 2025_01501,Gurukul Global School,3,Bengaluru,India,Website
REG-2025-01335,2025-05-12,2025,5,May,20,Student Speaker Competition,Student 2025_01335,Delhi Public School,3,Mumbai,India,Social Media
REG-2025-00656,2025-05-12,2025,5,May,20,Student Speaker Competition,Student 2025_00656,Amity International School,6,Gurugram,India,Partner School
REG-2025-00488,2025-05-12,2025,5,May,20,International Mathematics Olympiad,Student 2025_00488,Bright Future Academy,6,Dubai,India,School Outreach
REG-2025-01553,2025-05-12,2025,5,May,20,International Science Olympiad,Student 2025_01553,The Millennium School,9,Dubai,India,School Outreach
REG-2025-01299,2025-05-12,2025,5,May,20,International Mathematics Olympiad,Student 2025_01299,Global Indian International School,5,Dubai,India,Partner School
REG-2025-00351,2025-05-12,2025,5,May,20,International Coding Olympiad,Student 2025_00351,Amity International School,6,Bengaluru,India,Website
REG-2025-01669,2025-05-12,2025,5,May,20,International Science Olympiad,Student 2025_01669,The Indian High School,12,Abu Dhabi,India,Partner School
REG-2025-01341,2025-05-12,2025,5,May,20,International Mathematics Olympiad,Student 2025_01341,Bright Future Academy,8,New Delhi,India,Unknown
REG-2025-01725,2025-05-12,2025,5,May,20,International Science Olympiad,Student 2025_01725,Greenwood International School,10,New Delhi,UAE,Email Campaign
REG-2025-01164,2025-05-12,2025,5,May,20,International Coding Olympiad,Student 2025_01164,The Millennium School,3,Abu Dhabi,India,School Outreach
REG-2025-00747,2025-05-12,2025,5,May,20,International Mathematics Olympiad,Student 2025_00747,Delhi International School,11,Gurugram,UAE,Email Campaign
REG-2025-00507,2025-05-12,2025,5,May,20,Winter Painting Competition,Student 2025_00507,Bright Future Academy,6,New Delhi,UAE,Email Campaign
REG-2025-01147,2025-05-12,2025,5,May,20,AI & Robotics Challenge,Student 2025_01147,The Millennium School,4,Dubai,UAE,Partner School
REG-2025-01636,2025-05-13,2025,5,May,20,International Science Olympiad,Student 2025_01636,Sunrise Public School,6,New Delhi,India,WhatsApp
REG-2025-00648,2025-05-13,2025,5,May,20,Student Speaker Competition,Student 2025_00648,Unknown School,5,Doha,India,WhatsApp
REG-2025-00606,2025-05-13,2025,5,May,20,Young Innovators Challenge,Student 2025_00606,Global Indian International School,12,Gurugram,India,Partner School
REG-2025-00931,2025-05-13,2025,5,May,20,Young Innovators Challenge,Student 2025_00931,Gurukul Global School,1,Dubai,India,WhatsApp
REG-2025-00561,2025-05-13,2025,5,May,20,Student Speaker Competition,Student 2025_00561,Global Indian International School,5,New Delhi,UAE,School Outreach
REG-2025-00539,2025-05-14,2025,5,May,20,Winter Painting Competition,Student 2025_00539,Greenwood International School,11,New Delhi,India,WhatsApp
REG-2025-00289,2025-05-14,2025,5,May,20,International Coding Olympiad,Student 2025_00289,Global Indian International School,5,New Delhi,UAE,WhatsApp
REG-2025-00927,2025-05-14,2025,5,May,20,Young Innovators Challenge,Student 2025_00927,Bright Future Academy,1,Abu Dhabi,UAE,School Outreach
REG-2025-00877,2025-05-14,2025,5,May,20,Student Speaker Competition,Student 2025_00877,Delhi International School,6,Doha,UAE,Website
REG-2025-01140,2025-05-14,2025,5,May,20,Student Speaker Competition,Student 2025_01140,Oakridge International School,6,New Delhi,UAE,Email Campaign
REG-2025-01259,2025-05-14,2025,5,May,20,AI & Robotics Challenge,Student 2025_01259,Global Indian International School,5,New Delhi,India,School Outreach
REG-2025-01380,2025-05-14,2025,5,May,20,International Science Olympiad,Student 2025_01380,Oakridge International School,1,Doha,India,Social Media
REG-2025-00305,2025-05-15,2025,5,May,20,International Coding Olympiad,Student 2025_00305,The Millennium School,7,Mumbai,India,Email Campaign
REG-2025-00789,2025-05-15,2025,5,May,20,International Science Olympiad,Student 2025_00789,GEMS Modern Academy,12,Abu Dhabi,India,Partner School
REG-2025-00807,2025-05-15,2025,5,May,20,International Coding Olympiad,Student 2025_00807,Global Indian International School,11,New Delhi,Qatar,Email Campaign
REG-2025-00295,2025-05-15,2025,5,May,20,International School Olympiad,Student 2025_00295,Bright Future Academy,1,Gurugram,UAE,Social Media
REG-2025-00917,2025-05-15,2025,5,May,20,Student Speaker Competition,Student 2025_00917,The Indian High School,9,Doha,India,WhatsApp
REG-2025-00029,2025-05-15,2025,5,May,20,International Science Olympiad,Student 2025_00029,Sunrise Public School,2,Dubai,Qatar,WhatsApp
REG-2025-00057,2025-05-16,2025,5,May,20,Student Speaker Competition,Student 2025_00057,The Indian High School,11,Sharjah,UAE,School Outreach
REG-2025-01323,2025-05-16,2025,5,May,20,AI & Robotics Challenge,Student 2025_01323,Global Indian International School,12,Doha,India,Website
REG-2025-00331,2025-05-16,2025,5,May,20,International Mathematics Olympiad,Student 2025_00331,Greenwood International School,8,New Delhi,UAE,Unknown
REG-2025-00229,2025-05-16,2025,5,May,20,International Science Olympiad,Student 2025_00229,Oakridge International School,2,Abu Dhabi,UAE,School Outreach
REG-2025-00992,2025-05-16,2025,5,May,20,Student Speaker Competition,Student 2025_00992,The Indian High School,6,Abu Dhabi,UAE,Email Campaign
REG-2025-01577,2025-05-16,2025,5,May,20,International Coding Olympiad,Student 2025_01577,Bright Future Academy,12,New Delhi,UAE,Website
REG-2025-00983,2025-05-16,2025,5,May,20,AI & Robotics Challenge,Student 2025_00983,Amity International School,6,Abu Dhabi,UAE,Partner School
REG-2025-00879,2025-05-16,2025,5,May,20,AI & Robotics Challenge,Student 2025_00879,Oakridge International School,10,Sharjah,India,Website
REG-2025-00132,2025-05-17,2025,5,May,20,Student Speaker Competition,Student 2025_00132,Delhi Public School,11,Bengaluru,Qatar,Website
REG-2025-01222,2025-05-17,2025,5,May,20,International Coding Olympiad,Student 2025_01222,GEMS Modern Academy,8,Abu Dhabi,India,School Outreach
REG-2025-00762,2025-05-17,2025,5,May,20,International Science Olympiad,Student 2025_00762,Gurukul Global School,2,Dubai,UAE,Social Media
REG-2025-01497,2025-05-17,2025,5,May,20,International Mathematics Olympiad,Student 2025_01497,Greenwood International School,2,New Delhi,India,School Outreach
REG-2025-01664,2025-05-17,2025,5,May,20,Young Innovators Challenge,Student 2025_01664,Bright Future Academy,11,New Delhi,India,Website
REG-2025-00308,2025-05-17,2025,5,May,20,Young Innovators Challenge,Student 2025_00308,Greenwood International School,9,Bengaluru,UAE,School Outreach
REG-2025-00034,2025-05-17,2025,5,May,20,Student Speaker Competition,Student 2025_00034,Bright Future Academy,8,Bengaluru,UAE,WhatsApp
REG-2025-00655,2025-05-17,2025,5,May,20,International Mathematics Olympiad,Student 2025_00655,Oakridge International School,8,Mumbai,UAE,Email Campaign
REG-2025-01625,2025-05-17,2025,5,May,20,International School Olympiad,Student 2025_01625,Oakridge International School,9,Gurugram,Qatar,Social Media
REG-2025-01084,2025-05-18,2025,5,May,20,International Mathematics Olympiad,Student 2025_01084,The Millennium School,10,Mumbai,UAE,WhatsApp
REG-2025-01565,2025-05-18,2025,5,May,20,International Mathematics Olympiad,Student 2025_01565,The Indian High School,8,Doha,India,Email Campaign
REG-2025-00158,2025-05-18,2025,5,May,20,International Mathematics Olympiad,Student 2025_00158,GEMS Modern Academy,7,Dubai,UAE,Website
REG-2025-00113,2025-05-18,2025,5,May,20,Young Innovators Challenge,Student 2025_00113,Gurukul Global School,9,Abu Dhabi,India,Partner School
REG-2025-01129,2025-05-18,2025,5,May,20,Young Innovators Challenge,Student 2025_01129,Delhi Public School,5,Abu Dhabi,UAE,Social Media
REG-2025-00755,2025-05-18,2025,5,May,20,Winter Painting Competition,Student 2025_00755,Delhi Public School,5,Sharjah,UAE,Social Media
REG-2025-01003,2025-05-18,2025,5,May,20,International School Olympiad,Student 2025_01003,Bright Future Academy,12,Abu Dhabi,UAE,Partner School
REG-2025-01258,2025-05-18,2025,5,May,20,International Mathematics Olympiad,Student 2025_01258,Delhi International School,1,Sharjah,Qatar,Social Media
REG-2025-01365,2025-05-18,2025,5,May,20,International Science Olympiad,Student 2025_01365,Sunrise Public School,5,New Delhi,India,Email Campaign
REG-2025-00456,2025-05-18,2025,5,May,20,International Coding Olympiad,Student 2025_00456,Oakridge International School,9,Abu Dhabi,India,Website
REG-2025-00330,2025-05-18,2025,5,May,20,International Coding Olympiad,Student 2025_00330,Bright Future Academy,3,Sharjah,UAE,Partner School
REG-2025-00134,2025-05-19,2025,5,May,21,International School Olympiad,Student 2025_00134,The Indian High School,9,New Delhi,UAE,Email Campaign
REG-2025-01387,2025-05-19,2025,5,May,21,International School Olympiad,Student 2025_01387,Oakridge International School,2,Bengaluru,India,Email Campaign
REG-2025-01434,2025-05-19,2025,5,May,21,International Coding Olympiad,Student 2025_01434,Gurukul Global School,2,Dubai,UAE,Email Campaign
REG-2025-01412,2025-05-19,2025,5,May,21,International Coding Olympiad,Student 2025_01412,The Indian High School,3,Sharjah,UAE,Email Campaign
REG-2025-00126,2025-05-20,2025,5,May,21,International Mathematics Olympiad,Student 2025_00126,Oakridge International School,2,Abu Dhabi,UAE,Partner School
REG-2025-00706,2025-05-20,2025,5,May,21,International Mathematics Olympiad,Student 2025_00706,Sunrise Public School,10,Dubai,India,Partner School
REG-2025-00079,2025-05-20,2025,5,May,21,Young Innovators Challenge,Student 2025_00079,The Millennium School,7,Dubai,India,Social Media
REG-2025-00131,2025-05-20,2025,5,May,21,International Science Olympiad,Student 2025_00131,Bright Future Academy,2,Gurugram,India,Website
REG-2025-01029,2025-05-20,2025,5,May,21,International Coding Olympiad,Student 2025_01029,Global Indian International School,2,Sharjah,India,Email Campaign
REG-2025-00980,2025-05-20,2025,5,May,21,International Science Olympiad,Student 2025_00980,GEMS Modern Academy,4,Gurugram,UAE,WhatsApp
REG-2025-01189,2025-05-20,2025,5,May,21,Student Speaker Competition,Student 2025_01189,Global Indian International School,7,Gurugram,India,WhatsApp
REG-2025-00116,2025-05-21,2025,5,May,21,International Mathematics Olympiad,Student 2025_00116,Gurukul Global School,1,Gurugram,India,Partner School
REG-2025-01728,2025-05-21,2025,5,May,21,AI & Robotics Challenge,Student 2025_01728,Oakridge International School,9,Bengaluru,India,Website
REG-2025-01544,2025-05-21,2025,5,May,21,Young Innovators Challenge,Student 2025_01544,Greenwood International School,4,Abu Dhabi,UAE,School Outreach
REG-2025-00437,2025-05-21,2025,5,May,21,International Mathematics Olympiad,Student 2025_00437,GEMS Modern Academy,9,Doha,Qatar,Partner School
REG-2025-01672,2025-05-21,2025,5,May,21,Young Innovators Challenge,Student 2025_01672,Global Indian International School,12,Mumbai,UAE,School Outreach
REG-2025-01455,2025-05-22,2025,5,May,21,AI & Robotics Challenge,Student 2025_01455,Global Indian International School,11,Mumbai,India,School Outreach
REG-2025-01344,2025-05-22,2025,5,May,21,International Mathematics Olympiad,Student 2025_01344,Delhi International School,8,New Delhi,UAE,School Outreach
REG-2025-00922,2025-05-22,2025,5,May,21,Young Innovators Challenge,Student 2025_00922,The Millennium School,5,Dubai,India,WhatsApp
REG-2025-00570,2025-05-22,2025,5,May,21,International Coding Olympiad,Student 2025_00570,Global Indian International School,12,Sharjah,India,School Outreach
REG-2025-00288,2025-05-22,2025,5,May,21,Winter Painting Competition,Student 2025_00288,Gurukul Global School,9,Gurugram,India,Unknown
REG-2025-00978,2025-05-22,2025,5,May,21,AI & Robotics Challenge,Student 2025_00978,Global Indian International School,12,Abu Dhabi,India,Website
REG-2025-01631,2025-05-22,2025,5,May,21,International Science Olympiad,Student 2025_01631,Bright Future Academy,11,Bengaluru,UAE,WhatsApp
REG-2025-01759,2025-05-22,2025,5,May,21,International Coding Olympiad,Student 2025_01759,Delhi International School,2,Bengaluru,UAE,Partner School
REG-2025-00708,2025-05-22,2025,5,May,21,International Mathematics Olympiad,Student 2025_00708,Bright Future Academy,4,Sharjah,Qatar,School Outreach
REG-2025-00129,2025-05-22,2025,5,May,21,Student Speaker Competition,Student 2025_00129,The Indian High School,10,Mumbai,Qatar,Social Media
REG-2025-01765,2025-05-23,2025,5,May,21,Young Innovators Challenge,Student 2025_01765,Delhi International School,9,Sharjah,India,School Outreach
REG-2025-01627,2025-05-23,2025,5,May,21,International School Olympiad,Student 2025_01627,Bright Future Academy,5,Bengaluru,UAE,Partner School
REG-2025-00535,2025-05-23,2025,5,May,21,International Mathematics Olympiad,Student 2025_00535,Bright Future Academy,7,New Delhi,UAE,Partner School
REG-2025-00930,2025-05-23,2025,5,May,21,Young Innovators Challenge,Student 2025_00930,The Indian High School,5,Sharjah,India,Website
REG-2025-01760,2025-05-24,2025,5,May,21,International Mathematics Olympiad,Student 2025_01760,Delhi Public School,7,Dubai,UAE,WhatsApp
REG-2025-00228,2025-05-24,2025,5,May,21,International Science Olympiad,Student 2025_00228,The Millennium School,4,Bengaluru,India,School Outreach
REG-2025-00266,2025-05-24,2025,5,May,21,International School Olympiad,Student 2025_00266,Gurukul Global School,12,Abu Dhabi,India,Website
REG-2025-00424,2025-05-24,2025,5,May,21,Student Speaker Competition,Student 2025_00424,Greenwood International School,10,Bengaluru,India,School Outreach
REG-2025-00677,2025-05-24,2025,5,May,21,Student Speaker Competition,Student 2025_00677,Sunrise Public School,7,Doha,UAE,Email Campaign
REG-2025-00597,2025-05-24,2025,5,May,21,International School Olympiad,Student 2025_00597,Global Indian International School,1,Sharjah,UAE,Social Media
REG-2025-01161,2025-05-24,2025,5,May,21,Winter Painting Competition,Student 2025_01161,Bright Future Academy,10,Bengaluru,UAE,Email Campaign
REG-2025-01791,2025-05-25,2025,5,May,21,Winter Painting Competition,Student 2025_01791,Global Indian International School,10,Bengaluru,UAE,School Outreach
REG-2025-00242,2025-05-25,2025,5,May,21,Student Speaker Competition,Student 2025_00242,The Indian High School,3,Doha,UAE,Email Campaign
REG-2025-01628,2025-05-25,2025,5,May,21,International School Olympiad,Student 2025_01628,The Indian High School,9,Doha,India,Partner School
REG-2025-01415,2025-05-25,2025,5,May,21,AI & Robotics Challenge,Student 2025_01415,Amity International School,8,Sharjah,India,WhatsApp
REG-2025-01118,2025-05-25,2025,5,May,21,International Coding Olympiad,Student 2025_01118,Global Indian International School,3,Doha,India,School Outreach
REG-2025-01156,2025-05-26,2025,5,May,22,Young Innovators Challenge,Student 2025_01156,Bright Future Academy,4,Mumbai,Qatar,WhatsApp
REG-2025-00786,2025-05-26,2025,5,May,22,International Mathematics Olympiad,Student 2025_00786,Oakridge International School,5,Abu Dhabi,Qatar,WhatsApp
REG-2025-01546,2025-05-26,2025,5,May,22,International Science Olympiad,Student 2025_01546,GEMS Modern Academy,5,Bengaluru,UAE,Email Campaign
REG-2025-01318,2025-05-26,2025,5,May,22,Winter Painting Competition,Student 2025_01318,Sunrise Public School,5,Bengaluru,UAE,Website
REG-2025-00981,2025-05-26,2025,5,May,22,Young Innovators Challenge,Student 2025_00981,Oakridge International School,2,Doha,India,School Outreach
REG-2025-01396,2025-05-26,2025,5,May,22,International Coding Olympiad,Student 2025_01396,Greenwood International School,8,Dubai,Qatar,Email Campaign
REG-2025-00270,2025-05-26,2025,5,May,22,International Coding Olympiad,Student 2025_00270,Bright Future Academy,4,Bengaluru,India,Website
REG-2025-01423,2025-05-26,2025,5,May,22,AI & Robotics Challenge,Student 2025_01423,Global Indian International School,9,Sharjah,Qatar,Partner School
REG-2025-00966,2025-05-26,2025,5,May,22,International School Olympiad,Student 2025_00966,Global Indian International School,7,Dubai,UAE,School Outreach
REG-2025-00260,2025-05-26,2025,5,May,22,Student Speaker Competition,Student 2025_00260,Delhi International School,1,Gurugram,UAE,WhatsApp
REG-2025-00698,2025-05-26,2025,5,May,22,International Mathematics Olympiad,Student 2025_00698,Amity International School,11,Doha,UAE,Social Media
REG-2025-00985,2025-05-26,2025,5,May,22,AI & Robotics Challenge,Student 2025_00985,The Millennium School,9,Abu Dhabi,UAE,Email Campaign
REG-2025-01644,2025-05-27,2025,5,May,22,International Mathematics Olympiad,Student 2025_01644,Bright Future Academy,7,Dubai,India,Website
REG-2025-00915,2025-05-27,2025,5,May,22,International School Olympiad,Student 2025_00915,Oakridge International School,11,Sharjah,UAE,Email Campaign
REG-2025-00548,2025-05-27,2025,5,May,22,Young Innovators Challenge,Student 2025_00548,The Indian High School,1,Bengaluru,UAE,Partner School
REG-2025-00688,2025-05-27,2025,5,May,22,Young Innovators Challenge,Student 2025_00688,Bright Future Academy,7,Dubai,UAE,Partner School
REG-2025-01608,2025-05-27,2025,5,May,22,Winter Painting Competition,Student 2025_01608,Sunrise Public School,5,Sharjah,UAE,Partner School
REG-2025-00520,2025-05-27,2025,5,May,22,Winter Painting Competition,Student 2025_00520,Delhi Public School,9,Abu Dhabi,India,Partner School
REG-2025-00468,2025-05-28,2025,5,May,22,International Coding Olympiad,Student 2025_00468,Bright Future Academy,9,New Delhi,UAE,WhatsApp
REG-2025-00455,2025-05-28,2025,5,May,22,International School Olympiad,Student 2025_00455,Greenwood International School,7,Sharjah,India,Email Campaign
REG-2025-01654,2025-05-28,2025,5,May,22,Winter Painting Competition,Student 2025_01654,Delhi International School,9,Dubai,UAE,School Outreach
REG-2025-01188,2025-05-28,2025,5,May,22,AI & Robotics Challenge,Student 2025_01188,Greenwood International School,7,Doha,India,Social Media
REG-2025-01350,2025-05-28,2025,5,May,22,AI & Robotics Challenge,Student 2025_01350,GEMS Modern Academy,1,Sharjah,India,WhatsApp
REG-2025-00531,2025-05-28,2025,5,May,22,Winter Painting Competition,Student 2025_00531,Bright Future Academy,4,New Delhi,UAE,Email Campaign
REG-2025-01505,2025-05-28,2025,5,May,22,International School Olympiad,Student 2025_01505,Delhi Public School,4,Mumbai,Qatar,Website
REG-2025-00665,2025-05-28,2025,5,May,22,Student Speaker Competition,Student 2025_00665,Sunrise Public School,4,Bengaluru,UAE,Partner School
REG-2025-00137,2025-05-29,2025,5,May,22,AI & Robotics Challenge,Student 2025_00137,Amity International School,3,New Delhi,UAE,Website
REG-2025-01048,2025-05-29,2025,5,May,22,Winter Painting Competition,Student 2025_01048,Oakridge International School,8,New Delhi,UAE,WhatsApp
REG-2025-00394,2025-05-29,2025,5,May,22,AI & Robotics Challenge,Student 2025_00394,Global Indian International School,8,Gurugram,Qatar,Website
REG-2025-00967,2025-05-29,2025,5,May,22,Winter Painting Competition,Student 2025_00967,Gurukul Global School,7,Abu Dhabi,India,WhatsApp
REG-2025-01764,2025-05-29,2025,5,May,22,International Mathematics Olympiad,Student 2025_01764,Sunrise Public School,10,Bengaluru,UAE,Social Media
REG-2025-00720,2025-05-29,2025,5,May,22,International Coding Olympiad,Student 2025_00720,Oakridge International School,7,Mumbai,UAE,WhatsApp
REG-2025-01580,2025-05-29,2025,5,May,22,Winter Painting Competition,Student 2025_01580,Sunrise Public School,4,Abu Dhabi,UAE,School Outreach
REG-2025-00494,2025-05-29,2025,5,May,22,International Coding Olympiad,Student 2025_00494,Oakridge International School,7,Sharjah,UAE,Website
REG-2025-00625,2025-05-30,2025,5,May,22,Student Speaker Competition,Student 2025_00625,Delhi Public School,3,Abu Dhabi,UAE,WhatsApp
REG-2025-00850,2025-05-30,2025,5,May,22,AI & Robotics Challenge,Student 2025_00850,The Millennium School,2,New Delhi,India,School Outreach
REG-2025-00193,2025-05-30,2025,5,May,22,International Mathematics Olympiad,Student 2025_00193,Delhi Public School,5,Doha,India,WhatsApp
REG-2025-01525,2025-05-30,2025,5,May,22,International School Olympiad,Student 2025_01525,The Indian High School,8,New Delhi,India,Website
REG-2025-00490,2025-05-30,2025,5,May,22,International Coding Olympiad,Student 2025_00490,Bright Future Academy,7,Doha,Qatar,Social Media
REG-2025-01568,2025-05-30,2025,5,May,22,International Science Olympiad,Student 2025_01568,GEMS Modern Academy,3,New Delhi,Qatar,Website
REG-2025-01181,2025-05-31,2025,5,May,22,AI & Robotics Challenge,Student 2025_01181,Global Indian International School,10,Doha,Qatar,Email Campaign
REG-2025-01662,2025-05-31,2025,5,May,22,International Science Olympiad,Student 2025_01662,Sunrise Public School,5,Mumbai,India,School Outreach
REG-2025-01305,2025-05-31,2025,5,May,22,AI & Robotics Challenge,Student 2025_01305,The Millennium School,8,Mumbai,Qatar,WhatsApp
REG-2025-01758,2025-05-31,2025,5,May,22,International Science Olympiad,Student 2025_01758,Gurukul Global School,6,Abu Dhabi,India,Website
REG-2025-00956,2025-05-31,2025,5,May,22,Winter Painting Competition,Student 2025_00956,Delhi Public School,5,Gurugram,UAE,Email Campaign
REG-2025-00896,2025-06-01,2025,6,Jun,22,International Mathematics Olympiad,Student 2025_00896,Sunrise Public School,12,Dubai,Qatar,School Outreach
REG-2025-00672,2025-06-01,2025,6,Jun,22,International Science Olympiad,Student 2025_00672,Delhi International School,11,Dubai,India,Partner School
REG-2025-00767,2025-06-01,2025,6,Jun,22,International School Olympiad,Student 2025_00767,Sunrise Public School,5,Bengaluru,India,WhatsApp
REG-2025-01135,2025-06-01,2025,6,Jun,22,International Coding Olympiad,Student 2025_01135,Oakridge International School,7,Gurugram,India,Partner School
REG-2025-00269,2025-06-01,2025,6,Jun,22,International School Olympiad,Student 2025_00269,The Millennium School,10,Mumbai,India,Email Campaign
REG-2025-00953,2025-06-01,2025,6,Jun,22,Young Innovators Challenge,Student 2025_00953,Delhi International School,7,Gurugram,UAE,School Outreach
REG-2025-00323,2025-06-01,2025,6,Jun,22,International School Olympiad,Student 2025_00323,Oakridge International School,8,Mumbai,India,Social Media
REG-2025-00702,2025-06-02,2025,6,Jun,23,International Coding Olympiad,Student 2025_00702,Sunrise Public School,1,Doha,India,Partner School
REG-2025-00900,2025-06-02,2025,6,Jun,23,International Science Olympiad,Student 2025_00900,Sunrise Public School,5,Gurugram,UAE,Website
REG-2025-00987,2025-06-02,2025,6,Jun,23,International Coding Olympiad,Student 2025_00987,Greenwood International School,9,Doha,UAE,Email Campaign
REG-2025-01554,2025-06-02,2025,6,Jun,23,Student Speaker Competition,Student 2025_01554,GEMS Modern Academy,2,Bengaluru,India,WhatsApp
REG-2025-00601,2025-06-02,2025,6,Jun,23,International Science Olympiad,Student 2025_00601,GEMS Modern Academy,5,Mumbai,UAE,Partner School
REG-2025-01540,2025-06-03,2025,6,Jun,23,Student Speaker Competition,Student 2025_01540,Delhi International School,2,Doha,UAE,Website
REG-2025-01211,2025-06-03,2025,6,Jun,23,Young Innovators Challenge,Student 2025_01211,Delhi Public School,6,Bengaluru,Qatar,School Outreach
REG-2025-00825,2025-06-03,2025,6,Jun,23,Young Innovators Challenge,Student 2025_00825,Greenwood International School,10,Mumbai,UAE,Partner School
REG-2025-00675,2025-06-03,2025,6,Jun,23,International Coding Olympiad,Student 2025_00675,Delhi International School,3,Doha,India,Social Media
REG-2025-01397,2025-06-03,2025,6,Jun,23,Student Speaker Competition,Student 2025_01397,Bright Future Academy,11,Doha,UAE,Website
REG-2025-01200,2025-06-03,2025,6,Jun,23,International Mathematics Olympiad,Student 2025_01200,Amity International School,4,Bengaluru,India,Social Media
REG-2025-01290,2025-06-03,2025,6,Jun,23,Winter Painting Competition,Student 2025_01290,Amity International School,6,Gurugram,UAE,Partner School
REG-2025-01661,2025-06-03,2025,6,Jun,23,International Science Olympiad,Student 2025_01661,Delhi Public School,3,Bengaluru,India,School Outreach
REG-2025-00343,2025-06-03,2025,6,Jun,23,AI & Robotics Challenge,Student 2025_00343,Delhi International School,2,Gurugram,UAE,WhatsApp
REG-2025-01638,2025-06-03,2025,6,Jun,23,AI & Robotics Challenge,Student 2025_01638,Unknown School,7,Sharjah,UAE,Partner School
REG-2025-00240,2025-06-04,2025,6,Jun,23,International Science Olympiad,Student 2025_00240,Global Indian International School,7,Gurugram,India,WhatsApp
REG-2025-01755,2025-06-04,2025,6,Jun,23,Young Innovators Challenge,Student 2025_01755,Global Indian International School,8,Mumbai,UAE,Website
REG-2025-00996,2025-06-04,2025,6,Jun,23,International Mathematics Olympiad,Student 2025_00996,The Millennium School,9,Sharjah,India,Social Media
REG-2025-00880,2025-06-05,2025,6,Jun,23,Young Innovators Challenge,Student 2025_00880,Bright Future Academy,10,Bengaluru,India,Email Campaign
REG-2025-01171,2025-06-05,2025,6,Jun,23,International School Olympiad,Student 2025_01171,The Millennium School,2,Bengaluru,UAE,Partner School
REG-2025-01753,2025-06-05,2025,6,Jun,23,International School Olympiad,Student 2025_01753,Delhi International School,5,Abu Dhabi,UAE,School Outreach
REG-2025-00192,2025-06-05,2025,6,Jun,23,International Science Olympiad,Student 2025_00192,Greenwood International School,6,Abu Dhabi,UAE,Email Campaign
REG-2025-00085,2025-06-05,2025,6,Jun,23,International Coding Olympiad,Student 2025_00085,Delhi Public School,8,New Delhi,India,Partner School
REG-2025-00599,2025-06-05,2025,6,Jun,23,AI & Robotics Challenge,Student 2025_00599,The Indian High School,2,Gurugram,UAE,Email Campaign
REG-2025-01172,2025-06-05,2025,6,Jun,23,AI & Robotics Challenge,Student 2025_01172,Greenwood International School,11,Abu Dhabi,India,WhatsApp
REG-2025-00245,2025-06-05,2025,6,Jun,23,AI & Robotics Challenge,Student 2025_00245,Greenwood International School,3,Bengaluru,UAE,Partner School
REG-2025-01417,2025-06-06,2025,6,Jun,23,International Mathematics Olympiad,Student 2025_01417,Bright Future Academy,7,Mumbai,UAE,Email Campaign
REG-2025-01196,2025-06-06,2025,6,Jun,23,AI & Robotics Challenge,Student 2025_01196,Global Indian International School,4,Abu Dhabi,India,School Outreach
REG-2025-01111,2025-06-06,2025,6,Jun,23,International Coding Olympiad,Student 2025_01111,Delhi Public School,6,New Delhi,India,Partner School
REG-2025-00658,2025-06-06,2025,6,Jun,23,Young Innovators Challenge,Student 2025_00658,Amity International School,11,Abu Dhabi,UAE,Partner School
REG-2025-00743,2025-06-06,2025,6,Jun,23,Young Innovators Challenge,Student 2025_00743,The Millennium School,6,Bengaluru,India,Email Campaign
REG-2025-00040,2025-06-06,2025,6,Jun,23,International Coding Olympiad,Student 2025_00040,Amity International School,2,Mumbai,India,Partner School
REG-2025-00341,2025-06-06,2025,6,Jun,23,International School Olympiad,Student 2025_00341,Delhi International School,2,Gurugram,India,Website
REG-2025-00458,2025-06-06,2025,6,Jun,23,Young Innovators Challenge,Student 2025_00458,Delhi Public School,9,Mumbai,India,Social Media
REG-2025-01370,2025-06-06,2025,6,Jun,23,International School Olympiad,Student 2025_01370,Gurukul Global School,11,Mumbai,Qatar,School Outreach
REG-2025-00130,2025-06-06,2025,6,Jun,23,AI & Robotics Challenge,Student 2025_00130,The Indian High School,6,Gurugram,UAE,Social Media
REG-2025-01467,2025-06-06,2025,6,Jun,23,International Mathematics Olympiad,Student 2025_01467,Delhi Public School,9,Sharjah,India,Partner School
REG-2025-00475,2025-06-06,2025,6,Jun,23,Winter Painting Competition,Student 2025_00475,Global Indian International School,7,Dubai,India,School Outreach
REG-2025-00958,2025-06-06,2025,6,Jun,23,International Mathematics Olympiad,Student 2025_00958,Sunrise Public School,4,Dubai,India,Website
REG-2025-00920,2025-06-07,2025,6,Jun,23,International Science Olympiad,Student 2025_00920,Global Indian International School,8,Gurugram,India,Website
REG-2025-01585,2025-06-07,2025,6,Jun,23,International School Olympiad,Student 2025_01585,The Indian High School,9,Bengaluru,UAE,Partner School
REG-2025-00616,2025-06-07,2025,6,Jun,23,International Mathematics Olympiad,Student 2025_00616,Global Indian International School,10,Gurugram,UAE,Partner School
REG-2025-01337,2025-06-07,2025,6,Jun,23,International Coding Olympiad,Student 2025_01337,Oakridge International School,5,Doha,Qatar,School Outreach
REG-2025-00099,2025-06-07,2025,6,Jun,23,Winter Painting Competition,Student 2025_00099,Greenwood International School,7,New Delhi,UAE,WhatsApp
REG-2025-00673,2025-06-07,2025,6,Jun,23,Young Innovators Challenge,Student 2025_00673,Greenwood International School,2,New Delhi,UAE,WhatsApp
REG-2025-00782,2025-06-07,2025,6,Jun,23,International School Olympiad,Student 2025_00782,Amity International School,7,Sharjah,UAE,Website
REG-2025-01128,2025-06-07,2025,6,Jun,23,AI & Robotics Challenge,Student 2025_01128,Bright Future Academy,12,Bengaluru,India,Social Media
REG-2025-01235,2025-06-07,2025,6,Jun,23,Young Innovators Challenge,Student 2025_01235,Global Indian International School,4,Sharjah,UAE,Social Media
REG-2025-00569,2025-06-08,2025,6,Jun,23,Student Speaker Competition,Student 2025_00569,Sunrise Public School,8,Doha,India,WhatsApp
REG-2025-01068,2025-06-08,2025,6,Jun,23,International School Olympiad,Student 2025_01068,Gurukul Global School,2,Sharjah,India,WhatsApp
REG-2025-00600,2025-06-08,2025,6,Jun,23,International Science Olympiad,Student 2025_00600,Amity International School,7,Gurugram,India,Email Campaign
REG-2025-01717,2025-06-09,2025,6,Jun,24,International Mathematics Olympiad,Student 2025_01717,Delhi International School,8,Sharjah,India,Social Media
REG-2025-00026,2025-06-09,2025,6,Jun,24,International Mathematics Olympiad,Student 2025_00026,Oakridge International School,2,New Delhi,UAE,School Outreach
REG-2025-01715,2025-06-09,2025,6,Jun,24,International Mathematics Olympiad,Student 2025_01715,GEMS Modern Academy,9,Mumbai,UAE,Partner School
REG-2025-00244,2025-06-10,2025,6,Jun,24,International School Olympiad,Student 2025_00244,GEMS Modern Academy,7,Dubai,India,WhatsApp
REG-2025-01221,2025-06-10,2025,6,Jun,24,International Mathematics Olympiad,Student 2025_01221,Bright Future Academy,3,Sharjah,India,Email Campaign
REG-2025-00824,2025-06-10,2025,6,Jun,24,International Science Olympiad,Student 2025_00824,Bright Future Academy,8,Gurugram,India,Email Campaign
REG-2025-01255,2025-06-10,2025,6,Jun,24,International Science Olympiad,Student 2025_01255,Global Indian International School,1,Mumbai,UAE,Social Media
REG-2025-01205,2025-06-10,2025,6,Jun,24,International Science Olympiad,Student 2025_01205,The Millennium School,1,Doha,UAE,Partner School
REG-2025-00984,2025-06-10,2025,6,Jun,24,Student Speaker Competition,Student 2025_00984,GEMS Modern Academy,12,Dubai,India,Website
REG-2025-01130,2025-06-10,2025,6,Jun,24,International Science Olympiad,Student 2025_01130,GEMS Modern Academy,10,Abu Dhabi,UAE,Social Media
REG-2025-01089,2025-06-10,2025,6,Jun,24,Winter Painting Competition,Student 2025_01089,Greenwood International School,3,Gurugram,UAE,Website
REG-2025-00934,2025-06-10,2025,6,Jun,24,International Mathematics Olympiad,Student 2025_00934,Greenwood International School,4,Sharjah,India,Website
REG-2025-01398,2025-06-11,2025,6,Jun,24,International Coding Olympiad,Student 2025_01398,Oakridge International School,6,Doha,India,Email Campaign
REG-2025-01723,2025-06-11,2025,6,Jun,24,International Mathematics Olympiad,Student 2025_01723,Delhi International School,9,Dubai,India,Partner School
REG-2025-00003,2025-06-11,2025,6,Jun,24,International Coding Olympiad,Student 2025_00003,Delhi Public School,11,Gurugram,India,Email Campaign
REG-2025-00986,2025-06-11,2025,6,Jun,24,AI & Robotics Challenge,Student 2025_00986,Greenwood International School,2,Abu Dhabi,India,Email Campaign
REG-2025-01438,2025-06-11,2025,6,Jun,24,AI & Robotics Challenge,Student 2025_01438,Delhi Public School,7,Abu Dhabi,UAE,Partner School
REG-2025-00652,2025-06-11,2025,6,Jun,24,AI & Robotics Challenge,Student 2025_00652,The Millennium School,3,Mumbai,India,WhatsApp
REG-2025-00123,2025-06-11,2025,6,Jun,24,Winter Painting Competition,Student 2025_00123,Delhi International School,11,Dubai,India,Partner School
REG-2025-00502,2025-06-11,2025,6,Jun,24,International Coding Olympiad,Student 2025_00502,Sunrise Public School,3,Unknown,India,Email Campaign
REG-2025-01224,2025-06-11,2025,6,Jun,24,International Mathematics Olympiad,Student 2025_01224,Global Indian International School,10,Sharjah,UAE,School Outreach
REG-2025-00771,2025-06-11,2025,6,Jun,24,International Mathematics Olympiad,Student 2025_00771,Bright Future Academy,11,Gurugram,UAE,Social Media
REG-2025-00316,2025-06-12,2025,6,Jun,24,Young Innovators Challenge,Student 2025_00316,Greenwood International School,12,Mumbai,India,Partner School
REG-2025-00730,2025-06-12,2025,6,Jun,24,AI & Robotics Challenge,Student 2025_00730,Global Indian International School,2,Gurugram,UAE,Social Media
REG-2025-01277,2025-06-12,2025,6,Jun,24,AI & Robotics Challenge,Student 2025_01277,The Millennium School,3,Doha,UAE,Website
REG-2025-01693,2025-06-12,2025,6,Jun,24,International Science Olympiad,Student 2025_01693,GEMS Modern Academy,5,Mumbai,India,WhatsApp
REG-2025-00842,2025-06-12,2025,6,Jun,24,International Mathematics Olympiad,Student 2025_00842,Bright Future Academy,9,Gurugram,India,Website
REG-2025-01597,2025-06-12,2025,6,Jun,24,Young Innovators Challenge,Student 2025_01597,The Indian High School,1,Mumbai,India,Partner School
REG-2025-00446,2025-06-13,2025,6,Jun,24,International Science Olympiad,Student 2025_00446,The Millennium School,10,New Delhi,UAE,WhatsApp
REG-2025-00479,2025-06-13,2025,6,Jun,24,International Science Olympiad,Student 2025_00479,GEMS Modern Academy,11,Abu Dhabi,UAE,Website
REG-2025-00255,2025-06-13,2025,6,Jun,24,Young Innovators Challenge,Student 2025_00255,The Millennium School,2,Dubai,UAE,Social Media
REG-2025-00237,2025-06-13,2025,6,Jun,24,Young Innovators Challenge,Student 2025_00237,The Millennium School,2,Sharjah,India,Social Media
REG-2025-00156,2025-06-13,2025,6,Jun,24,International Science Olympiad,Student 2025_00156,Greenwood International School,2,Mumbai,Qatar,Social Media
REG-2025-01648,2025-06-13,2025,6,Jun,24,International Mathematics Olympiad,Student 2025_01648,Bright Future Academy,8,Doha,India,Email Campaign
REG-2025-00372,2025-06-13,2025,6,Jun,24,AI & Robotics Challenge,Student 2025_00372,Sunrise Public School,3,Abu Dhabi,UAE,WhatsApp
REG-2025-00822,2025-06-14,2025,6,Jun,24,International Mathematics Olympiad,Student 2025_00822,Amity International School,10,Abu Dhabi,India,Website
REG-2025-00162,2025-06-14,2025,6,Jun,24,International Science Olympiad,Student 2025_00162,GEMS Modern Academy,7,Sharjah,UAE,Website
REG-2025-00108,2025-06-14,2025,6,Jun,24,International Mathematics Olympiad,Student 2025_00108,Delhi Public School,9,Bengaluru,UAE,Email Campaign
REG-2025-00311,2025-06-14,2025,6,Jun,24,Student Speaker Competition,Student 2025_00311,The Millennium School,2,New Delhi,India,Website
REG-2025-00819,2025-06-14,2025,6,Jun,24,International Science Olympiad,Student 2025_00819,Delhi International School,1,Doha,India,Partner School
REG-2025-01427,2025-06-15,2025,6,Jun,24,International Mathematics Olympiad,Student 2025_01427,Amity International School,8,Bengaluru,India,Website
REG-2025-00122,2025-06-15,2025,6,Jun,24,Student Speaker Competition,Student 2025_00122,Delhi International School,3,Abu Dhabi,India,School Outreach
REG-2025-01049,2025-06-15,2025,6,Jun,24,International Coding Olympiad,Student 2025_01049,Delhi International School,5,Dubai,UAE,Website
REG-2025-01132,2025-06-15,2025,6,Jun,24,Young Innovators Challenge,Student 2025_01132,Oakridge International School,4,Gurugram,India,WhatsApp
REG-2025-00859,2025-06-15,2025,6,Jun,24,International School Olympiad,Student 2025_00859,Greenwood International School,12,Abu Dhabi,India,Partner School
REG-2025-01306,2025-06-15,2025,6,Jun,24,International Science Olympiad,Student 2025_01306,Global Indian International School,1,Sharjah,India,School Outreach
REG-2025-00736,2025-06-15,2025,6,Jun,24,AI & Robotics Challenge,Student 2025_00736,Global Indian International School,7,Mumbai,India,WhatsApp
REG-2025-00641,2025-06-15,2025,6,Jun,24,International School Olympiad,Student 2025_00641,The Millennium School,7,Gurugram,UAE,Website
REG-2025-01613,2025-06-15,2025,6,Jun,24,International Coding Olympiad,Student 2025_01613,Bright Future Academy,4,Mumbai,India,Social Media
REG-2025-00080,2025-06-15,2025,6,Jun,24,International Mathematics Olympiad,Student 2025_00080,Gurukul Global School,4,Bengaluru,India,Website
REG-2025-00283,2025-06-15,2025,6,Jun,24,International Coding Olympiad,Student 2025_00283,Amity International School,9,Dubai,India,WhatsApp
REG-2025-01424,2025-06-16,2025,6,Jun,25,International Coding Olympiad,Student 2025_01424,GEMS Modern Academy,12,Gurugram,UAE,Social Media
REG-2025-01071,2025-06-16,2025,6,Jun,25,International Mathematics Olympiad,Student 2025_01071,The Indian High School,12,Mumbai,India,Partner School
REG-2025-00312,2025-06-16,2025,6,Jun,25,International School Olympiad,Student 2025_00312,GEMS Modern Academy,11,New Delhi,UAE,Website
REG-2025-01329,2025-06-16,2025,6,Jun,25,International Coding Olympiad,Student 2025_01329,Greenwood International School,6,Gurugram,India,School Outreach
REG-2025-01274,2025-06-16,2025,6,Jun,25,International Coding Olympiad,Student 2025_01274,Sunrise Public School,3,Bengaluru,India,Email Campaign
REG-2025-00049,2025-06-17,2025,6,Jun,25,International School Olympiad,Student 2025_00049,GEMS Modern Academy,9,Doha,Qatar,WhatsApp
REG-2025-00416,2025-06-17,2025,6,Jun,25,International Science Olympiad,Student 2025_00416,The Indian High School,7,New Delhi,India,Partner School
REG-2025-00257,2025-06-17,2025,6,Jun,25,International Coding Olympiad,Student 2025_00257,Delhi International School,12,Gurugram,UAE,Social Media
REG-2025-00711,2025-06-17,2025,6,Jun,25,International Mathematics Olympiad,Student 2025_00711,GEMS Modern Academy,1,Dubai,UAE,Website
REG-2025-01327,2025-06-17,2025,6,Jun,25,Student Speaker Competition,Student 2025_01327,Delhi International School,9,New Delhi,India,School Outreach
REG-2025-01668,2025-06-17,2025,6,Jun,25,International Coding Olympiad,Student 2025_01668,Delhi International School,12,New Delhi,UAE,WhatsApp
REG-2025-01298,2025-06-17,2025,6,Jun,25,Young Innovators Challenge,Student 2025_01298,Delhi International School,1,Dubai,India,Website
REG-2025-00827,2025-06-18,2025,6,Jun,25,AI & Robotics Challenge,Student 2025_00827,Amity International School,10,New Delhi,UAE,Website
REG-2025-01703,2025-06-18,2025,6,Jun,25,Young Innovators Challenge,Student 2025_01703,GEMS Modern Academy,1,Gurugram,UAE,School Outreach
REG-2025-00060,2025-06-18,2025,6,Jun,25,Young Innovators Challenge,Student 2025_00060,Gurukul Global School,9,Bengaluru,UAE,Partner School
REG-2025-01510,2025-06-18,2025,6,Jun,25,Winter Painting Competition,Student 2025_01510,Amity International School,5,Bengaluru,India,WhatsApp
REG-2025-00191,2025-06-18,2025,6,Jun,25,International Mathematics Olympiad,Student 2025_00191,Oakridge International School,3,Gurugram,India,Email Campaign
REG-2025-01696,2025-06-18,2025,6,Jun,25,International School Olympiad,Student 2025_01696,Delhi International School,8,Abu Dhabi,Qatar,School Outreach
REG-2025-00550,2025-06-18,2025,6,Jun,25,International Mathematics Olympiad,Student 2025_00550,Gurukul Global School,4,Dubai,Qatar,WhatsApp
REG-2025-00098,2025-06-18,2025,6,Jun,25,International Coding Olympiad,Student 2025_00098,Greenwood International School,1,Abu Dhabi,Qatar,Social Media
REG-2025-01062,2025-06-19,2025,6,Jun,25,AI & Robotics Challenge,Student 2025_01062,Greenwood International School,2,Doha,UAE,Partner School
REG-2025-00075,2025-06-19,2025,6,Jun,25,AI & Robotics Challenge,Student 2025_00075,Greenwood International School,1,Dubai,India,Partner School
REG-2025-00813,2025-06-19,2025,6,Jun,25,Winter Painting Competition,Student 2025_00813,Sunrise Public School,10,Bengaluru,India,School Outreach
REG-2025-00615,2025-06-19,2025,6,Jun,25,International School Olympiad,Student 2025_00615,The Millennium School,5,Mumbai,UAE,Partner School
REG-2025-01547,2025-06-19,2025,6,Jun,25,International Coding Olympiad,Student 2025_01547,Delhi Public School,10,Gurugram,UAE,Email Campaign
REG-2025-01780,2025-06-19,2025,6,Jun,25,AI & Robotics Challenge,Student 2025_01780,Sunrise Public School,2,Mumbai,India,Website
REG-2025-00788,2025-06-19,2025,6,Jun,25,Young Innovators Challenge,Student 2025_00788,Sunrise Public School,7,Abu Dhabi,UAE,School Outreach
REG-2025-00636,2025-06-19,2025,6,Jun,25,Young Innovators Challenge,Student 2025_00636,The Millennium School,3,New Delhi,UAE,Social Media
REG-2025-00941,2025-06-20,2025,6,Jun,25,International Coding Olympiad,Student 2025_00941,Bright Future Academy,1,Doha,India,WhatsApp
REG-2025-01183,2025-06-20,2025,6,Jun,25,International Science Olympiad,Student 2025_01183,GEMS Modern Academy,9,New Delhi,India,Social Media
REG-2025-01149,2025-06-20,2025,6,Jun,25,International Coding Olympiad,Student 2025_01149,The Indian High School,10,New Delhi,UAE,Email Campaign
REG-2025-00587,2025-06-20,2025,6,Jun,25,Winter Painting Competition,Student 2025_00587,Global Indian International School,5,Dubai,India,WhatsApp
REG-2025-00666,2025-06-21,2025,6,Jun,25,Young Innovators Challenge,Student 2025_00666,Unknown School,12,Dubai,UAE,Social Media
REG-2025-00422,2025-06-21,2025,6,Jun,25,Young Innovators Challenge,Student 2025_00422,Delhi Public School,1,Abu Dhabi,UAE,School Outreach
REG-2025-00184,2025-06-21,2025,6,Jun,25,International School Olympiad,Student 2025_00184,Sunrise Public School,3,Mumbai,India,Unknown
REG-2025-01614,2025-06-21,2025,6,Jun,25,International Coding Olympiad,Student 2025_01614,Delhi Public School,7,New Delhi,India,Social Media
REG-2025-00175,2025-06-22,2025,6,Jun,25,International School Olympiad,Student 2025_00175,Delhi Public School,6,Gurugram,India,Email Campaign
REG-2025-00204,2025-06-22,2025,6,Jun,25,International School Olympiad,Student 2025_00204,The Millennium School,10,Sharjah,UAE,Social Media
REG-2025-00875,2025-06-22,2025,6,Jun,25,International Science Olympiad,Student 2025_00875,Bright Future Academy,12,Dubai,UAE,Email Campaign
REG-2025-01733,2025-06-22,2025,6,Jun,25,International School Olympiad,Student 2025_01733,GEMS Modern Academy,4,Dubai,India,Website
REG-2025-01472,2025-06-22,2025,6,Jun,25,AI & Robotics Challenge,Student 2025_01472,GEMS Modern Academy,4,Sharjah,India,Partner School
REG-2025-01303,2025-06-22,2025,6,Jun,25,International School Olympiad,Student 2025_01303,The Indian High School,7,Abu Dhabi,UAE,Social Media
REG-2025-00008,2025-06-22,2025,6,Jun,25,International Coding Olympiad,Student 2025_00008,Oakridge International School,1,New Delhi,India,Social Media
REG-2025-00086,2025-06-22,2025,6,Jun,25,Winter Painting Competition,Student 2025_00086,Bright Future Academy,6,Bengaluru,UAE,WhatsApp
REG-2025-00866,2025-06-22,2025,6,Jun,25,International Coding Olympiad,Student 2025_00866,Oakridge International School,1,Mumbai,Qatar,Email Campaign
REG-2025-00932,2025-06-22,2025,6,Jun,25,Winter Painting Competition,Student 2025_00932,Gurukul Global School,1,Abu Dhabi,Qatar,Partner School
REG-2025-00043,2025-06-23,2025,6,Jun,26,International Mathematics Olympiad,Student 2025_00043,The Millennium School,7,Bengaluru,UAE,Social Media
REG-2025-01595,2025-06-23,2025,6,Jun,26,International School Olympiad,Student 2025_01595,Sunrise Public School,4,Bengaluru,UAE,WhatsApp
REG-2025-00223,2025-06-23,2025,6,Jun,26,International School Olympiad,Student 2025_00223,Delhi International School,7,Doha,India,Website
REG-2025-01194,2025-06-23,2025,6,Jun,26,International Mathematics Olympiad,Student 2025_01194,GEMS Modern Academy,11,Bengaluru,UAE,Partner School
REG-2025-01348,2025-06-23,2025,6,Jun,26,International Science Olympiad,Student 2025_01348,Delhi Public School,7,New Delhi,Qatar,WhatsApp
REG-2025-00982,2025-06-23,2025,6,Jun,26,International Science Olympiad,Student 2025_00982,GEMS Modern Academy,7,Dubai,Qatar,Email Campaign
REG-2025-01600,2025-06-24,2025,6,Jun,26,Young Innovators Challenge,Student 2025_01600,Greenwood International School,8,Doha,India,WhatsApp
REG-2025-01041,2025-06-24,2025,6,Jun,26,International Mathematics Olympiad,Student 2025_01041,Delhi Public School,4,New Delhi,India,Partner School
REG-2025-00110,2025-06-24,2025,6,Jun,26,Young Innovators Challenge,Student 2025_00110,Amity International School,6,Dubai,India,Partner School
REG-2025-01539,2025-06-24,2025,6,Jun,26,AI & Robotics Challenge,Student 2025_01539,The Indian High School,6,New Delhi,India,Website
REG-2025-01064,2025-06-24,2025,6,Jun,26,International Coding Olympiad,Student 2025_01064,Global Indian International School,1,Bengaluru,Qatar,Partner School
REG-2025-01077,2025-06-25,2025,6,Jun,26,Young Innovators Challenge,Student 2025_01077,Sunrise Public School,7,Mumbai,UAE,School Outreach
REG-2025-01522,2025-06-25,2025,6,Jun,26,International Mathematics Olympiad,Student 2025_01522,Amity International School,3,Doha,Qatar,Email Campaign
REG-2025-00892,2025-06-25,2025,6,Jun,26,International Mathematics Olympiad,Student 2025_00892,GEMS Modern Academy,3,Mumbai,UAE,Website
REG-2025-00541,2025-06-25,2025,6,Jun,26,International Mathematics Olympiad,Student 2025_00541,Sunrise Public School,6,Abu Dhabi,India,Partner School
REG-2025-00906,2025-06-25,2025,6,Jun,26,International Science Olympiad,Student 2025_00906,Amity International School,6,Dubai,UAE,WhatsApp
REG-2025-01317,2025-06-25,2025,6,Jun,26,International Coding Olympiad,Student 2025_01317,Gurukul Global School,7,Dubai,India,Social Media
REG-2025-01045,2025-06-25,2025,6,Jun,26,International School Olympiad,Student 2025_01045,Greenwood International School,1,Bengaluru,India,Website
REG-2025-01197,2025-06-26,2025,6,Jun,26,International Coding Olympiad,Student 2025_01197,Bright Future Academy,6,Unknown,UAE,Partner School
REG-2025-00430,2025-06-26,2025,6,Jun,26,International Coding Olympiad,Student 2025_00430,The Millennium School,6,Unknown,India,Partner School
REG-2025-01276,2025-06-26,2025,6,Jun,26,International Science Olympiad,Student 2025_01276,The Indian High School,10,Unknown,UAE,School Outreach
REG-2025-01332,2025-06-27,2025,6,Jun,26,International Science Olympiad,Student 2025_01332,Unknown School,10,Doha,India,Website
REG-2025-00774,2025-06-27,2025,6,Jun,26,International Coding Olympiad,Student 2025_00774,Greenwood International School,3,New Delhi,Qatar,Partner School
REG-2025-01750,2025-06-27,2025,6,Jun,26,International School Olympiad,Student 2025_01750,Sunrise Public School,7,Dubai,Qatar,Partner School
REG-2025-01675,2025-06-27,2025,6,Jun,26,Young Innovators Challenge,Student 2025_01675,Delhi Public School,11,Doha,Qatar,School Outreach
REG-2025-00015,2025-06-27,2025,6,Jun,26,Winter Painting Competition,Student 2025_00015,Bright Future Academy,9,Gurugram,UAE,Email Campaign
REG-2025-00395,2025-06-27,2025,6,Jun,26,AI & Robotics Challenge,Student 2025_00395,Global Indian International School,2,Sharjah,UAE,Social Media
REG-2025-00236,2025-06-27,2025,6,Jun,26,International Mathematics Olympiad,Student 2025_00236,The Millennium School,6,Bengaluru,India,Email Campaign
REG-2025-00177,2025-06-27,2025,6,Jun,26,Young Innovators Challenge,Student 2025_00177,Amity International School,7,Mumbai,India,Email Campaign
REG-2025-00212,2025-06-27,2025,6,Jun,26,AI & Robotics Challenge,Student 2025_00212,Oakridge International School,5,Sharjah,UAE,Social Media
REG-2025-00727,2025-06-28,2025,6,Jun,26,AI & Robotics Challenge,Student 2025_00727,Global Indian International School,4,New Delhi,UAE,School Outreach
REG-2025-00461,2025-06-28,2025,6,Jun,26,International Science Olympiad,Student 2025_00461,Oakridge International School,1,Bengaluru,India,WhatsApp
REG-2025-01641,2025-06-28,2025,6,Jun,26,Young Innovators Challenge,Student 2025_01641,Bright Future Academy,6,New Delhi,India,School Outreach
REG-2025-00225,2025-06-28,2025,6,Jun,26,AI & Robotics Challenge,Student 2025_00225,Bright Future Academy,6,Gurugram,India,Website
REG-2025-00174,2025-06-28,2025,6,Jun,26,Winter Painting Competition,Student 2025_00174,GEMS Modern Academy,5,Mumbai,India,Partner School
REG-2025-01119,2025-06-28,2025,6,Jun,26,International Science Olympiad,Student 2025_01119,Delhi International School,6,Gurugram,India,Partner School
REG-2025-00793,2025-06-28,2025,6,Jun,26,International Mathematics Olympiad,Student 2025_00793,Global Indian International School,9,Abu Dhabi,UAE,Email Campaign
REG-2025-01208,2025-06-28,2025,6,Jun,26,Winter Painting Competition,Student 2025_01208,Sunrise Public School,9,Doha,India,Partner School
REG-2025-00697,2025-06-28,2025,6,Jun,26,International Mathematics Olympiad,Student 2025_00697,Amity International School,12,Sharjah,UAE,School Outreach
REG-2025-00681,2025-06-28,2025,6,Jun,26,International School Olympiad,Student 2025_00681,Bright Future Academy,8,Doha,UAE,School Outreach
REG-2025-01598,2025-06-29,2025,6,Jun,26,International Mathematics Olympiad,Student 2025_01598,Gurukul Global School,9,Bengaluru,India,Website
REG-2025-00713,2025-06-29,2025,6,Jun,26,Student Speaker Competition,Student 2025_00713,Delhi International School,3,Gurugram,India,Email Campaign
REG-2025-00676,2025-06-29,2025,6,Jun,26,International Mathematics Olympiad,Student 2025_00676,Delhi International School,5,Sharjah,UAE,Website
REG-2025-01785,2025-06-29,2025,6,Jun,26,International Mathematics Olympiad,Student 2025_01785,Bright Future Academy,1,Sharjah,UAE,WhatsApp
REG-2025-01670,2025-06-29,2025,6,Jun,26,Winter Painting Competition,Student 2025_01670,Oakridge International School,12,New Delhi,India,Email Campaign
REG-2025-01137,2025-06-29,2025,6,Jun,26,Winter Painting Competition,Student 2025_01137,Gurukul Global School,10,Bengaluru,India,Social Media
REG-2025-00318,2025-06-29,2025,6,Jun,26,International Science Olympiad,Student 2025_00318,The Millennium School,11,Abu Dhabi,UAE,Partner School
REG-2025-00760,2025-06-30,2025,6,Jun,27,International Coding Olympiad,Student 2025_00760,Delhi International School,12,Mumbai,India,Social Media
REG-2025-01724,2025-06-30,2025,6,Jun,27,Winter Painting Competition,Student 2025_01724,Delhi International School,11,Sharjah,UAE,Partner School
REG-2025-00731,2025-06-30,2025,6,Jun,27,Young Innovators Challenge,Student 2025_00731,Bright Future Academy,9,Sharjah,Qatar,WhatsApp
REG-2025-01033,2025-06-30,2025,6,Jun,27,Student Speaker Competition,Student 2025_01033,Sunrise Public School,2,Abu Dhabi,India,Partner School
REG-2025-00317,2025-06-30,2025,6,Jun,27,International Mathematics Olympiad,Student 2025_00317,Delhi Public School,3,Mumbai,UAE,Website
REG-2025-00737,2025-06-30,2025,6,Jun,27,AI & Robotics Challenge,Student 2025_00737,Greenwood International School,7,Doha,UAE,Partner School
REG-2025-01218,2025-06-30,2025,6,Jun,27,International Coding Olympiad,Student 2025_01218,Delhi Public School,11,Doha,Qatar,Partner School
REG-2025-01002,2025-07-01,2025,7,Jul,27,International Coding Olympiad,Student 2025_01002,The Millennium School,9,New Delhi,Qatar,Website
REG-2025-01573,2025-07-01,2025,7,Jul,27,Student Speaker Competition,Student 2025_01573,Bright Future Academy,2,Dubai,India,Website
REG-2025-01349,2025-07-01,2025,7,Jul,27,AI & Robotics Challenge,Student 2025_01349,Amity International School,11,Abu Dhabi,UAE,Email Campaign
REG-2025-00886,2025-07-01,2025,7,Jul,27,International School Olympiad,Student 2025_00886,Amity International School,3,Dubai,India,School Outreach
REG-2025-01232,2025-07-01,2025,7,Jul,27,Student Speaker Competition,Student 2025_01232,Sunrise Public School,1,Gurugram,UAE,Website
REG-2025-00377,2025-07-01,2025,7,Jul,27,International Mathematics Olympiad,Student 2025_00377,Amity International School,8,Dubai,UAE,WhatsApp
REG-2025-00557,2025-07-01,2025,7,Jul,27,International Mathematics Olympiad,Student 2025_00557,Unknown School,7,Doha,India,Email Campaign
REG-2025-00013,2025-07-01,2025,7,Jul,27,International School Olympiad,Student 2025_00013,Amity International School,3,Gurugram,India,WhatsApp
REG-2025-01714,2025-07-01,2025,7,Jul,27,Student Speaker Competition,Student 2025_01714,The Millennium School,7,Mumbai,India,Partner School
REG-2025-01591,2025-07-01,2025,7,Jul,27,Winter Painting Competition,Student 2025_01591,Amity International School,8,Mumbai,Qatar,WhatsApp
REG-2025-00662,2025-07-01,2025,7,Jul,27,International Science Olympiad,Student 2025_00662,Greenwood International School,11,Doha,India,WhatsApp
REG-2025-01009,2025-07-01,2025,7,Jul,27,International School Olympiad,Student 2025_01009,Sunrise Public School,1,Dubai,India,School Outreach
REG-2025-00805,2025-07-02,2025,7,Jul,27,Young Innovators Challenge,Student 2025_00805,The Millennium School,9,Abu Dhabi,UAE,WhatsApp
REG-2025-00757,2025-07-02,2025,7,Jul,27,International Mathematics Olympiad,Student 2025_00757,Amity International School,4,Mumbai,India,Email Campaign
REG-2025-00631,2025-07-02,2025,7,Jul,27,International Mathematics Olympiad,Student 2025_00631,The Millennium School,3,Dubai,UAE,Website
REG-2025-01602,2025-07-02,2025,7,Jul,27,International Science Olympiad,Student 2025_01602,The Millennium School,8,Gurugram,UAE,Partner School
REG-2025-00471,2025-07-02,2025,7,Jul,27,International Coding Olympiad,Student 2025_00471,Gurukul Global School,8,Gurugram,Qatar,Social Media
REG-2025-00739,2025-07-02,2025,7,Jul,27,International Mathematics Olympiad,Student 2025_00739,Delhi International School,5,Doha,UAE,Social Media
REG-2025-01281,2025-07-02,2025,7,Jul,27,Student Speaker Competition,Student 2025_01281,Global Indian International School,2,Mumbai,India,School Outreach
REG-2025-01449,2025-07-02,2025,7,Jul,27,International Coding Olympiad,Student 2025_01449,The Millennium School,4,New Delhi,India,School Outreach
REG-2025-01282,2025-07-02,2025,7,Jul,27,Winter Painting Competition,Student 2025_01282,The Indian High School,3,Sharjah,UAE,School Outreach
REG-2025-00432,2025-07-02,2025,7,Jul,27,Young Innovators Challenge,Student 2025_00432,Greenwood International School,11,Bengaluru,India,School Outreach
REG-2025-00215,2025-07-02,2025,7,Jul,27,Winter Painting Competition,Student 2025_00215,The Indian High School,1,New Delhi,UAE,Social Media
REG-2025-00603,2025-07-02,2025,7,Jul,27,AI & Robotics Challenge,Student 2025_00603,Sunrise Public School,4,Doha,UAE,School Outreach
REG-2025-00059,2025-07-03,2025,7,Jul,27,Young Innovators Challenge,Student 2025_00059,Delhi Public School,9,Sharjah,UAE,Website
REG-2025-01139,2025-07-03,2025,7,Jul,27,International Science Olympiad,Student 2025_01139,The Indian High School,9,New Delhi,India,Social Media
REG-2025-01394,2025-07-03,2025,7,Jul,27,International Mathematics Olympiad,Student 2025_01394,The Indian High School,5,Mumbai,India,Partner School
REG-2025-01036,2025-07-03,2025,7,Jul,27,International Coding Olympiad,Student 2025_01036,Greenwood International School,9,Doha,UAE,Partner School
REG-2025-01513,2025-07-03,2025,7,Jul,27,AI & Robotics Challenge,Student 2025_01513,Greenwood International School,7,Dubai,India,WhatsApp
REG-2025-00062,2025-07-03,2025,7,Jul,27,AI & Robotics Challenge,Student 2025_00062,Amity International School,7,Abu Dhabi,UAE,Social Media
REG-2025-01742,2025-07-03,2025,7,Jul,27,Student Speaker Competition,Student 2025_01742,The Indian High School,2,Abu Dhabi,UAE,WhatsApp
REG-2025-01722,2025-07-03,2025,7,Jul,27,Winter Painting Competition,Student 2025_01722,The Millennium School,7,Sharjah,Qatar,Partner School
REG-2025-00512,2025-07-04,2025,7,Jul,27,Winter Painting Competition,Student 2025_00512,Amity International School,11,Mumbai,India,Website
REG-2025-00378,2025-07-04,2025,7,Jul,27,International Coding Olympiad,Student 2025_00378,Delhi International School,2,New Delhi,India,School Outreach
REG-2025-00878,2025-07-04,2025,7,Jul,27,AI & Robotics Challenge,Student 2025_00878,Oakridge International School,3,Sharjah,India,Social Media
REG-2025-00463,2025-07-04,2025,7,Jul,27,International Science Olympiad,Student 2025_00463,Bright Future Academy,4,Bengaluru,UAE,Social Media
REG-2025-00391,2025-07-04,2025,7,Jul,27,Young Innovators Challenge,Student 2025_00391,GEMS Modern Academy,10,Sharjah,Qatar,School Outreach
REG-2025-00360,2025-07-04,2025,7,Jul,27,Winter Painting Competition,Student 2025_00360,GEMS Modern Academy,11,Abu Dhabi,UAE,Email Campaign
REG-2025-00895,2025-07-05,2025,7,Jul,27,International School Olympiad,Student 2025_00895,Greenwood International School,9,New Delhi,India,WhatsApp
REG-2025-01378,2025-07-05,2025,7,Jul,27,International Mathematics Olympiad,Student 2025_01378,Bright Future Academy,4,Dubai,UAE,Social Media
REG-2025-01667,2025-07-05,2025,7,Jul,27,International Coding Olympiad,Student 2025_01667,Amity International School,11,Bengaluru,India,School Outreach
REG-2025-01234,2025-07-05,2025,7,Jul,27,Winter Painting Competition,Student 2025_01234,The Indian High School,5,Mumbai,India,School Outreach
REG-2025-01073,2025-07-06,2025,7,Jul,27,Student Speaker Competition,Student 2025_01073,Delhi International School,4,New Delhi,UAE,Email Campaign
REG-2025-01098,2025-07-06,2025,7,Jul,27,AI & Robotics Challenge,Student 2025_01098,Sunrise Public School,7,New Delhi,Qatar,Email Campaign
REG-2025-01790,2025-07-06,2025,7,Jul,27,Young Innovators Challenge,Student 2025_01790,Delhi International School,12,Doha,India,Website
REG-2025-00493,2025-07-06,2025,7,Jul,27,International Coding Olympiad,Student 2025_00493,Bright Future Academy,5,New Delhi,UAE,Website
REG-2025-01065,2025-07-06,2025,7,Jul,27,Student Speaker Competition,Student 2025_01065,Oakridge International School,10,Gurugram,UAE,Social Media
REG-2025-01301,2025-07-07,2025,7,Jul,28,International Coding Olympiad,Student 2025_01301,The Indian High School,11,Dubai,UAE,Social Media
REG-2025-01674,2025-07-07,2025,7,Jul,28,International School Olympiad,Student 2025_01674,Greenwood International School,6,Sharjah,Qatar,Social Media
REG-2025-00234,2025-07-07,2025,7,Jul,28,Student Speaker Competition,Student 2025_00234,Global Indian International School,5,Bengaluru,India,Website
REG-2025-00247,2025-07-07,2025,7,Jul,28,Student Speaker Competition,Student 2025_00247,Delhi International School,5,Doha,India,Partner School
REG-2025-00051,2025-07-07,2025,7,Jul,28,Young Innovators Challenge,Student 2025_00051,Global Indian International School,3,New Delhi,India,Email Campaign
REG-2025-00042,2025-07-07,2025,7,Jul,28,International School Olympiad,Student 2025_00042,Delhi International School,1,Doha,UAE,Partner School
REG-2025-00014,2025-07-08,2025,7,Jul,28,Winter Painting Competition,Student 2025_00014,Sunrise Public School,1,New Delhi,UAE,Email Campaign
REG-2025-01204,2025-07-08,2025,7,Jul,28,Winter Painting Competition,Student 2025_01204,Greenwood International School,5,New Delhi,UAE,Unknown
REG-2025-00207,2025-07-08,2025,7,Jul,28,International Coding Olympiad,Student 2025_00207,GEMS Modern Academy,7,Bengaluru,India,Partner School
REG-2025-01275,2025-07-08,2025,7,Jul,28,AI & Robotics Challenge,Student 2025_01275,Delhi International School,3,Abu Dhabi,India,WhatsApp
REG-2025-00714,2025-07-08,2025,7,Jul,28,AI & Robotics Challenge,Student 2025_00714,The Indian High School,12,Bengaluru,UAE,Partner School
REG-2025-01134,2025-07-08,2025,7,Jul,28,AI & Robotics Challenge,Student 2025_01134,Gurukul Global School,7,Abu Dhabi,UAE,Social Media
REG-2025-00742,2025-07-08,2025,7,Jul,28,International Coding Olympiad,Student 2025_00742,Amity International School,3,Bengaluru,UAE,School Outreach
REG-2025-01671,2025-07-08,2025,7,Jul,28,International Coding Olympiad,Student 2025_01671,Oakridge International School,9,Dubai,UAE,Website
REG-2025-00489,2025-07-08,2025,7,Jul,28,International School Olympiad,Student 2025_00489,GEMS Modern Academy,8,Dubai,UAE,Email Campaign
REG-2025-00128,2025-07-08,2025,7,Jul,28,AI & Robotics Challenge,Student 2025_00128,The Millennium School,10,Gurugram,UAE,Partner School
REG-2025-00089,2025-07-09,2025,7,Jul,28,AI & Robotics Challenge,Student 2025_00089,Delhi International School,4,Bengaluru,UAE,Website
REG-2025-00320,2025-07-09,2025,7,Jul,28,International Coding Olympiad,Student 2025_00320,GEMS Modern Academy,9,Mumbai,India,Website
REG-2025-00423,2025-07-09,2025,7,Jul,28,International Coding Olympiad,Student 2025_00423,Delhi International School,9,Abu Dhabi,India,WhatsApp
REG-2025-01775,2025-07-09,2025,7,Jul,28,International Science Olympiad,Student 2025_01775,Delhi Public School,7,Doha,India,Social Media
REG-2025-00657,2025-07-09,2025,7,Jul,28,Winter Painting Competition,Student 2025_00657,The Indian High School,1,Sharjah,UAE,Social Media
REG-2025-01148,2025-07-09,2025,7,Jul,28,Young Innovators Challenge,Student 2025_01148,Delhi International School,6,Doha,India,Partner School
REG-2025-00645,2025-07-10,2025,7,Jul,28,Young Innovators Challenge,Student 2025_00645,Delhi International School,4,Dubai,UAE,WhatsApp
REG-2025-01558,2025-07-10,2025,7,Jul,28,International Coding Olympiad,Student 2025_01558,GEMS Modern Academy,7,Doha,UAE,Social Media
REG-2025-00370,2025-07-10,2025,7,Jul,28,Young Innovators Challenge,Student 2025_00370,The Millennium School,5,Abu Dhabi,Qatar,WhatsApp
REG-2025-01691,2025-07-10,2025,7,Jul,28,Student Speaker Competition,Student 2025_01691,The Millennium School,8,Doha,UAE,Email Campaign
REG-2025-00911,2025-07-10,2025,7,Jul,28,International Mathematics Olympiad,Student 2025_00911,Delhi International School,5,Sharjah,UAE,Email Campaign
REG-2025-00173,2025-07-10,2025,7,Jul,28,AI & Robotics Challenge,Student 2025_00173,Delhi Public School,5,Bengaluru,India,Partner School
REG-2025-01058,2025-07-10,2025,7,Jul,28,International Coding Olympiad,Student 2025_01058,Global Indian International School,11,Gurugram,India,Social Media
REG-2025-01061,2025-07-10,2025,7,Jul,28,International Science Olympiad,Student 2025_01061,Sunrise Public School,9,Gurugram,UAE,Email Campaign
REG-2025-00864,2025-07-10,2025,7,Jul,28,International Coding Olympiad,Student 2025_00864,Bright Future Academy,1,Gurugram,India,School Outreach
REG-2025-00734,2025-07-11,2025,7,Jul,28,International Science Olympiad,Student 2025_00734,Oakridge International School,3,Mumbai,India,Partner School
REG-2025-00836,2025-07-11,2025,7,Jul,28,Student Speaker Competition,Student 2025_00836,Amity International School,7,New Delhi,UAE,Social Media
REG-2025-01339,2025-07-11,2025,7,Jul,28,AI & Robotics Challenge,Student 2025_01339,Amity International School,1,Sharjah,Qatar,Social Media
REG-2025-00002,2025-07-11,2025,7,Jul,28,International Mathematics Olympiad,Student 2025_00002,Amity International School,3,Sharjah,UAE,Website
REG-2025-01611,2025-07-11,2025,7,Jul,28,Young Innovators Challenge,Student 2025_01611,Oakridge International School,1,Bengaluru,India,WhatsApp
REG-2025-01278,2025-07-11,2025,7,Jul,28,International School Olympiad,Student 2025_01278,Oakridge International School,11,Bengaluru,India,Website
REG-2025-00602,2025-07-12,2025,7,Jul,28,Winter Painting Competition,Student 2025_00602,Oakridge International School,1,Mumbai,India,Social Media
REG-2025-00107,2025-07-12,2025,7,Jul,28,Winter Painting Competition,Student 2025_00107,Greenwood International School,8,Dubai,UAE,Social Media
REG-2025-01731,2025-07-12,2025,7,Jul,28,International Coding Olympiad,Student 2025_01731,Global Indian International School,7,Bengaluru,India,Partner School
REG-2025-01441,2025-07-12,2025,7,Jul,28,International Mathematics Olympiad,Student 2025_01441,The Indian High School,2,Doha,India,School Outreach
REG-2025-00112,2025-07-12,2025,7,Jul,28,International Science Olympiad,Student 2025_00112,Gurukul Global School,7,Sharjah,India,Email Campaign
REG-2025-00050,2025-07-12,2025,7,Jul,28,AI & Robotics Challenge,Student 2025_00050,Sunrise Public School,10,Sharjah,Qatar,Email Campaign
REG-2025-00402,2025-07-12,2025,7,Jul,28,International Science Olympiad,Student 2025_00402,Greenwood International School,5,Bengaluru,India,Website
REG-2025-01313,2025-07-12,2025,7,Jul,28,International School Olympiad,Student 2025_01313,Greenwood International School,2,Gurugram,India,Website
REG-2025-00815,2025-07-12,2025,7,Jul,28,International Mathematics Olympiad,Student 2025_00815,The Millennium School,2,Gurugram,UAE,Email Campaign
REG-2025-01242,2025-07-12,2025,7,Jul,28,AI & Robotics Challenge,Student 2025_01242,GEMS Modern Academy,2,New Delhi,UAE,Email Campaign
REG-2025-00766,2025-07-12,2025,7,Jul,28,International School Olympiad,Student 2025_00766,Unknown School,3,Bengaluru,India,Email Campaign
REG-2025-00598,2025-07-12,2025,7,Jul,28,International Science Olympiad,Student 2025_00598,Bright Future Academy,9,Abu Dhabi,UAE,Website
REG-2025-01498,2025-07-12,2025,7,Jul,28,International Mathematics Olympiad,Student 2025_01498,Greenwood International School,7,Unknown,UAE,Email Campaign
REG-2025-00210,2025-07-12,2025,7,Jul,28,International Mathematics Olympiad,Student 2025_00210,Sunrise Public School,7,Mumbai,UAE,WhatsApp
REG-2025-01469,2025-07-12,2025,7,Jul,28,AI & Robotics Challenge,Student 2025_01469,Sunrise Public School,2,New Delhi,India,Email Campaign
REG-2025-00806,2025-07-12,2025,7,Jul,28,Winter Painting Competition,Student 2025_00806,Bright Future Academy,6,Mumbai,Qatar,WhatsApp
REG-2025-00025,2025-07-13,2025,7,Jul,28,International Coding Olympiad,Student 2025_00025,Greenwood International School,7,Dubai,UAE,School Outreach
REG-2025-00476,2025-07-13,2025,7,Jul,28,International Coding Olympiad,Student 2025_00476,Bright Future Academy,2,Gurugram,India,Partner School
REG-2025-00160,2025-07-13,2025,7,Jul,28,Student Speaker Competition,Student 2025_00160,Greenwood International School,12,Abu Dhabi,India,School Outreach
REG-2025-00278,2025-07-13,2025,7,Jul,28,AI & Robotics Challenge,Student 2025_00278,Amity International School,11,Abu Dhabi,UAE,WhatsApp
REG-2025-00918,2025-07-13,2025,7,Jul,28,Young Innovators Challenge,Student 2025_00918,Bright Future Academy,5,New Delhi,India,Website
REG-2025-01212,2025-07-13,2025,7,Jul,28,Young Innovators Challenge,Student 2025_01212,Delhi International School,4,Doha,UAE,Website
REG-2025-01416,2025-07-13,2025,7,Jul,28,International Mathematics Olympiad,Student 2025_01416,Delhi International School,11,Dubai,India,WhatsApp
REG-2025-00690,2025-07-13,2025,7,Jul,28,International Coding Olympiad,Student 2025_00690,Delhi Public School,11,Gurugram,India,School Outreach
REG-2025-00613,2025-07-13,2025,7,Jul,28,International Science Olympiad,Student 2025_00613,Oakridge International School,7,Bengaluru,UAE,Email Campaign
REG-2025-01726,2025-07-13,2025,7,Jul,28,AI & Robotics Challenge,Student 2025_01726,Greenwood International School,3,Gurugram,India,Email Campaign
REG-2025-00955,2025-07-14,2025,7,Jul,29,International School Olympiad,Student 2025_00955,The Indian High School,1,Mumbai,India,Email Campaign
REG-2025-00106,2025-07-14,2025,7,Jul,29,AI & Robotics Challenge,Student 2025_00106,The Millennium School,12,Gurugram,UAE,Website
REG-2025-00249,2025-07-14,2025,7,Jul,29,Young Innovators Challenge,Student 2025_00249,The Indian High School,3,Abu Dhabi,UAE,Website
REG-2025-00213,2025-07-14,2025,7,Jul,29,International Science Olympiad,Student 2025_00213,Sunrise Public School,10,Mumbai,India,Social Media
REG-2025-00016,2025-07-14,2025,7,Jul,29,Winter Painting Competition,Student 2025_00016,Amity International School,3,Dubai,India,School Outreach
REG-2025-00990,2025-07-14,2025,7,Jul,29,AI & Robotics Challenge,Student 2025_00990,The Indian High School,1,Dubai,India,Website
REG-2025-01430,2025-07-14,2025,7,Jul,29,Young Innovators Challenge,Student 2025_01430,Delhi International School,5,Doha,UAE,WhatsApp
REG-2025-00725,2025-07-14,2025,7,Jul,29,AI & Robotics Challenge,Student 2025_00725,Delhi Public School,6,New Delhi,Qatar,Partner School
REG-2025-01461,2025-07-15,2025,7,Jul,29,International School Olympiad,Student 2025_01461,The Indian High School,7,Abu Dhabi,India,Email Campaign
REG-2025-00261,2025-07-15,2025,7,Jul,29,International Coding Olympiad,Student 2025_00261,The Millennium School,3,Bengaluru,UAE,Unknown
REG-2025-01414,2025-07-15,2025,7,Jul,29,International Mathematics Olympiad,Student 2025_01414,The Indian High School,5,Dubai,India,Email Campaign
REG-2025-00639,2025-07-15,2025,7,Jul,29,International School Olympiad,Student 2025_00639,Global Indian International School,2,Bengaluru,India,Social Media
REG-2025-00559,2025-07-15,2025,7,Jul,29,Winter Painting Competition,Student 2025_00559,Oakridge International School,8,New Delhi,Qatar,School Outreach
REG-2025-01254,2025-07-16,2025,7,Jul,29,Student Speaker Competition,Student 2025_01254,Greenwood International School,7,New Delhi,UAE,Email Campaign
REG-2025-00105,2025-07-16,2025,7,Jul,29,International Science Olympiad,Student 2025_00105,Gurukul Global School,7,Mumbai,India,Email Campaign
REG-2025-00692,2025-07-16,2025,7,Jul,29,International Coding Olympiad,Student 2025_00692,Sunrise Public School,8,Mumbai,India,Partner School
REG-2025-00484,2025-07-16,2025,7,Jul,29,Winter Painting Competition,Student 2025_00484,GEMS Modern Academy,11,Bengaluru,India,Website
REG-2025-00745,2025-07-16,2025,7,Jul,29,International Mathematics Olympiad,Student 2025_00745,Delhi Public School,10,Dubai,India,Website
REG-2025-01684,2025-07-16,2025,7,Jul,29,International Mathematics Olympiad,Student 2025_01684,GEMS Modern Academy,1,Bengaluru,India,Social Media
REG-2025-01133,2025-07-16,2025,7,Jul,29,AI & Robotics Challenge,Student 2025_01133,Bright Future Academy,9,Abu Dhabi,UAE,Partner School
REG-2025-00071,2025-07-16,2025,7,Jul,29,International Mathematics Olympiad,Student 2025_00071,Bright Future Academy,4,Abu Dhabi,UAE,Email Campaign
REG-2025-01617,2025-07-16,2025,7,Jul,29,International Coding Olympiad,Student 2025_01617,Global Indian International School,10,Abu Dhabi,India,Social Media
REG-2025-00135,2025-07-16,2025,7,Jul,29,AI & Robotics Challenge,Student 2025_00135,Delhi International School,8,New Delhi,UAE,Email Campaign
REG-2025-00852,2025-07-17,2025,7,Jul,29,International Mathematics Olympiad,Student 2025_00852,Greenwood International School,9,Sharjah,India,WhatsApp
REG-2025-01736,2025-07-17,2025,7,Jul,29,AI & Robotics Challenge,Student 2025_01736,Delhi International School,6,Sharjah,Qatar,Website
REG-2025-01578,2025-07-17,2025,7,Jul,29,International Mathematics Olympiad,Student 2025_01578,Amity International School,7,Bengaluru,UAE,School Outreach
REG-2025-00591,2025-07-17,2025,7,Jul,29,International Coding Olympiad,Student 2025_00591,Delhi Public School,11,Bengaluru,UAE,Partner School
REG-2025-01284,2025-07-17,2025,7,Jul,29,International Coding Olympiad,Student 2025_01284,Delhi International School,3,Dubai,UAE,Email Campaign
REG-2025-00860,2025-07-17,2025,7,Jul,29,Winter Painting Competition,Student 2025_00860,Sunrise Public School,9,Gurugram,UAE,Website
REG-2025-00716,2025-07-17,2025,7,Jul,29,International Mathematics Olympiad,Student 2025_00716,Delhi Public School,7,Gurugram,India,Social Media
REG-2025-01012,2025-07-17,2025,7,Jul,29,International Mathematics Olympiad,Student 2025_01012,Greenwood International School,8,Sharjah,India,Email Campaign
REG-2025-00686,2025-07-17,2025,7,Jul,29,Winter Painting Competition,Student 2025_00686,Sunrise Public School,3,Doha,UAE,Partner School
REG-2025-01260,2025-07-18,2025,7,Jul,29,International Coding Olympiad,Student 2025_01260,Sunrise Public School,1,Mumbai,India,Social Media
REG-2025-00596,2025-07-18,2025,7,Jul,29,International Science Olympiad,Student 2025_00596,Gurukul Global School,12,Abu Dhabi,India,WhatsApp
REG-2025-00551,2025-07-18,2025,7,Jul,29,International School Olympiad,Student 2025_00551,The Indian High School,4,Sharjah,Qatar,Website
REG-2025-00428,2025-07-18,2025,7,Jul,29,International Science Olympiad,Student 2025_00428,Oakridge International School,8,New Delhi,UAE,Social Media
REG-2025-00092,2025-07-18,2025,7,Jul,29,Student Speaker Competition,Student 2025_00092,The Indian High School,5,Abu Dhabi,India,WhatsApp
REG-2025-01199,2025-07-18,2025,7,Jul,29,International Coding Olympiad,Student 2025_01199,GEMS Modern Academy,11,Gurugram,Qatar,Social Media
REG-2025-00472,2025-07-18,2025,7,Jul,29,Winter Painting Competition,Student 2025_00472,Sunrise Public School,3,Doha,India,Email Campaign
REG-2025-00103,2025-07-18,2025,7,Jul,29,International Coding Olympiad,Student 2025_00103,Oakridge International School,2,Gurugram,India,Email Campaign
REG-2025-00654,2025-07-18,2025,7,Jul,29,AI & Robotics Challenge,Student 2025_00654,Delhi International School,9,Dubai,India,Website
REG-2025-01749,2025-07-18,2025,7,Jul,29,International Science Olympiad,Student 2025_01749,Oakridge International School,2,New Delhi,UAE,Email Campaign
REG-2025-01087,2025-07-18,2025,7,Jul,29,International Mathematics Olympiad,Student 2025_01087,The Indian High School,4,New Delhi,Qatar,Social Media
REG-2025-01334,2025-07-19,2025,7,Jul,29,Winter Painting Competition,Student 2025_01334,The Indian High School,1,Abu Dhabi,India,Website
REG-2025-01219,2025-07-19,2025,7,Jul,29,International Coding Olympiad,Student 2025_01219,The Millennium School,7,Bengaluru,UAE,Email Campaign
REG-2025-00336,2025-07-19,2025,7,Jul,29,International Coding Olympiad,Student 2025_00336,Bright Future Academy,1,Bengaluru,India,Email Campaign
REG-2025-00227,2025-07-19,2025,7,Jul,29,Young Innovators Challenge,Student 2025_00227,Delhi International School,6,New Delhi,India,WhatsApp
REG-2025-00291,2025-07-19,2025,7,Jul,29,AI & Robotics Challenge,Student 2025_00291,The Millennium School,5,Abu Dhabi,UAE,Email Campaign
REG-2025-01001,2025-07-19,2025,7,Jul,29,International Science Olympiad,Student 2025_01001,Sunrise Public School,12,Gurugram,UAE,Social Media
REG-2025-00837,2025-07-19,2025,7,Jul,29,International School Olympiad,Student 2025_00837,Oakridge International School,7,Gurugram,UAE,WhatsApp
REG-2025-01574,2025-07-20,2025,7,Jul,29,Young Innovators Challenge,Student 2025_01574,Oakridge International School,8,Gurugram,UAE,Website
REG-2025-00885,2025-07-20,2025,7,Jul,29,International Mathematics Olympiad,Student 2025_00885,Amity International School,2,Dubai,UAE,Social Media
REG-2025-01426,2025-07-21,2025,7,Jul,30,Winter Painting Competition,Student 2025_01426,GEMS Modern Academy,7,Bengaluru,India,Partner School
REG-2025-00741,2025-07-21,2025,7,Jul,30,Student Speaker Competition,Student 2025_00741,Delhi Public School,9,Dubai,India,Website
REG-2025-00166,2025-07-21,2025,7,Jul,30,Winter Painting Competition,Student 2025_00166,Delhi Public School,4,Gurugram,UAE,Email Campaign
REG-2025-01535,2025-07-21,2025,7,Jul,30,International Science Olympiad,Student 2025_01535,Global Indian International School,9,Abu Dhabi,India,Partner School
REG-2025-00514,2025-07-21,2025,7,Jul,30,Winter Painting Competition,Student 2025_00514,Delhi International School,1,New Delhi,UAE,Email Campaign
REG-2025-00867,2025-07-22,2025,7,Jul,30,Winter Painting Competition,Student 2025_00867,The Millennium School,12,Dubai,UAE,Email Campaign
REG-2025-01231,2025-07-22,2025,7,Jul,30,International Mathematics Olympiad,Student 2025_01231,The Millennium School,5,Gurugram,UAE,Email Campaign
REG-2025-00849,2025-07-22,2025,7,Jul,30,Young Innovators Challenge,Student 2025_00849,The Indian High School,4,Dubai,UAE,Partner School
REG-2025-00149,2025-07-22,2025,7,Jul,30,International School Olympiad,Student 2025_00149,The Indian High School,11,Abu Dhabi,India,Website
REG-2025-01264,2025-07-23,2025,7,Jul,30,AI & Robotics Challenge,Student 2025_01264,Oakridge International School,11,Bengaluru,UAE,School Outreach
REG-2025-01587,2025-07-23,2025,7,Jul,30,Student Speaker Competition,Student 2025_01587,Sunrise Public School,7,Mumbai,India,Email Campaign
REG-2025-00794,2025-07-23,2025,7,Jul,30,Student Speaker Competition,Student 2025_00794,Global Indian International School,10,Abu Dhabi,UAE,Website
REG-2025-00524,2025-07-23,2025,7,Jul,30,AI & Robotics Challenge,Student 2025_00524,Bright Future Academy,5,Dubai,India,Social Media
REG-2025-00028,2025-07-23,2025,7,Jul,30,International School Olympiad,Student 2025_00028,Gurukul Global School,2,Mumbai,Qatar,Email Campaign
REG-2025-01025,2025-07-23,2025,7,Jul,30,International Mathematics Olympiad,Student 2025_01025,Delhi International School,1,Sharjah,UAE,Partner School
REG-2025-01603,2025-07-24,2025,7,Jul,30,Winter Painting Competition,Student 2025_01603,Gurukul Global School,11,Mumbai,UAE,WhatsApp
REG-2025-00038,2025-07-24,2025,7,Jul,30,International Coding Olympiad,Student 2025_00038,Amity International School,3,Mumbai,UAE,Email Campaign
REG-2025-00553,2025-07-24,2025,7,Jul,30,International School Olympiad,Student 2025_00553,Oakridge International School,9,Mumbai,India,Website
REG-2025-00605,2025-07-24,2025,7,Jul,30,International School Olympiad,Student 2025_00605,Global Indian International School,7,Sharjah,India,Partner School
REG-2025-00433,2025-07-24,2025,7,Jul,30,Young Innovators Challenge,Student 2025_00433,Greenwood International School,7,New Delhi,India,Email Campaign
REG-2025-00482,2025-07-24,2025,7,Jul,30,International Coding Olympiad,Student 2025_00482,Delhi International School,5,Mumbai,India,WhatsApp
REG-2025-00334,2025-07-24,2025,7,Jul,30,International Science Olympiad,Student 2025_00334,Delhi Public School,4,New Delhi,India,Social Media
REG-2025-01040,2025-07-24,2025,7,Jul,30,International Coding Olympiad,Student 2025_01040,Global Indian International School,1,Dubai,UAE,Website
REG-2025-00302,2025-07-24,2025,7,Jul,30,Young Innovators Challenge,Student 2025_00302,Global Indian International School,1,Doha,India,Website
REG-2025-00090,2025-07-25,2025,7,Jul,30,Student Speaker Competition,Student 2025_00090,Oakridge International School,6,Doha,India,WhatsApp
REG-2025-00582,2025-07-25,2025,7,Jul,30,International Coding Olympiad,Student 2025_00582,GEMS Modern Academy,5,Sharjah,India,Email Campaign
REG-2025-00388,2025-07-25,2025,7,Jul,30,AI & Robotics Challenge,Student 2025_00388,The Indian High School,7,New Delhi,UAE,WhatsApp
REG-2025-00084,2025-07-25,2025,7,Jul,30,Young Innovators Challenge,Student 2025_00084,Greenwood International School,8,Abu Dhabi,India,Website
REG-2025-00545,2025-07-25,2025,7,Jul,30,International Mathematics Olympiad,Student 2025_00545,Delhi Public School,12,Sharjah,UAE,Social Media
REG-2025-00101,2025-07-25,2025,7,Jul,30,International Coding Olympiad,Student 2025_00101,Sunrise Public School,2,Gurugram,Qatar,Email Campaign
REG-2025-00611,2025-07-25,2025,7,Jul,30,International Coding Olympiad,Student 2025_00611,Amity International School,8,Doha,India,Partner School
REG-2025-01016,2025-07-26,2025,7,Jul,30,International Mathematics Olympiad,Student 2025_01016,Delhi Public School,9,Doha,India,Email Campaign
REG-2025-00589,2025-07-26,2025,7,Jul,30,International School Olympiad,Student 2025_00589,Gurukul Global School,5,Abu Dhabi,India,Email Campaign
REG-2025-01080,2025-07-26,2025,7,Jul,30,International Mathematics Olympiad,Student 2025_01080,Delhi Public School,7,Gurugram,UAE,WhatsApp
REG-2025-01650,2025-07-26,2025,7,Jul,30,International Mathematics Olympiad,Student 2025_01650,Amity International School,6,Dubai,India,WhatsApp
REG-2025-01097,2025-07-26,2025,7,Jul,30,International Mathematics Olympiad,Student 2025_01097,Bright Future Academy,1,Bengaluru,India,WhatsApp
REG-2025-00868,2025-07-26,2025,7,Jul,30,International Coding Olympiad,Student 2025_00868,Sunrise Public School,6,Dubai,India,Partner School
REG-2025-00816,2025-07-26,2025,7,Jul,30,Student Speaker Competition,Student 2025_00816,The Millennium School,5,Gurugram,India,WhatsApp
REG-2025-01500,2025-07-27,2025,7,Jul,30,Young Innovators Challenge,Student 2025_01500,Bright Future Academy,8,New Delhi,UAE,Social Media
REG-2025-01125,2025-07-27,2025,7,Jul,30,Young Innovators Challenge,Student 2025_01125,Delhi International School,12,Sharjah,India,Social Media
REG-2025-01659,2025-07-27,2025,7,Jul,30,Young Innovators Challenge,Student 2025_01659,Gurukul Global School,8,New Delhi,UAE,Partner School
REG-2025-01086,2025-07-27,2025,7,Jul,30,Winter Painting Competition,Student 2025_01086,Global Indian International School,1,Doha,India,Website
REG-2025-00459,2025-07-27,2025,7,Jul,30,International Science Olympiad,Student 2025_00459,Gurukul Global School,1,Dubai,India,Social Media
REG-2025-00093,2025-07-27,2025,7,Jul,30,Student Speaker Competition,Student 2025_00093,Gurukul Global School,2,Abu Dhabi,India,Email Campaign
REG-2025-00963,2025-07-27,2025,7,Jul,30,Winter Painting Competition,Student 2025_00963,The Indian High School,9,Doha,India,Partner School
REG-2025-00019,2025-07-27,2025,7,Jul,30,International Mathematics Olympiad,Student 2025_00019,Oakridge International School,9,Abu Dhabi,India,Website
REG-2025-01024,2025-07-27,2025,7,Jul,30,AI & Robotics Challenge,Student 2025_01024,Greenwood International School,5,Mumbai,UAE,WhatsApp
REG-2025-00513,2025-07-27,2025,7,Jul,30,International School Olympiad,Student 2025_00513,Delhi International School,2,Abu Dhabi,India,School Outreach
REG-2025-01144,2025-07-28,2025,7,Jul,31,Winter Painting Competition,Student 2025_01144,The Indian High School,10,Abu Dhabi,India,Partner School
REG-2025-00723,2025-07-28,2025,7,Jul,31,International School Olympiad,Student 2025_00723,Bright Future Academy,5,Doha,UAE,Email Campaign
REG-2025-00590,2025-07-28,2025,7,Jul,31,Young Innovators Challenge,Student 2025_00590,Oakridge International School,3,Sharjah,UAE,WhatsApp
REG-2025-01599,2025-07-28,2025,7,Jul,31,International School Olympiad,Student 2025_01599,The Indian High School,12,Bengaluru,UAE,Partner School
REG-2025-00361,2025-07-28,2025,7,Jul,31,International Coding Olympiad,Student 2025_00361,Sunrise Public School,3,Doha,Qatar,School Outreach
REG-2025-01126,2025-07-28,2025,7,Jul,31,AI & Robotics Challenge,Student 2025_01126,Sunrise Public School,12,Doha,UAE,School Outreach
REG-2025-00865,2025-07-28,2025,7,Jul,31,International Coding Olympiad,Student 2025_00865,GEMS Modern Academy,9,New Delhi,India,School Outreach
REG-2025-01093,2025-07-28,2025,7,Jul,31,AI & Robotics Challenge,Student 2025_01093,The Millennium School,6,Gurugram,India,Email Campaign
REG-2025-00856,2025-07-29,2025,7,Jul,31,International Science Olympiad,Student 2025_00856,Greenwood International School,12,Abu Dhabi,India,Website
REG-2025-00477,2025-07-29,2025,7,Jul,31,International Science Olympiad,Student 2025_00477,Gurukul Global School,10,Mumbai,UAE,School Outreach
REG-2025-01657,2025-07-29,2025,7,Jul,31,International Coding Olympiad,Student 2025_01657,Delhi Public School,6,Abu Dhabi,Qatar,WhatsApp
REG-2025-01163,2025-07-29,2025,7,Jul,31,Young Innovators Challenge,Student 2025_01163,Greenwood International School,4,Dubai,UAE,School Outreach
REG-2025-00775,2025-07-29,2025,7,Jul,31,Student Speaker Competition,Student 2025_00775,The Indian High School,3,Dubai,Qatar,Website
REG-2025-00650,2025-07-29,2025,7,Jul,31,International Mathematics Olympiad,Student 2025_00650,Bright Future Academy,10,Abu Dhabi,UAE,Website
REG-2025-00297,2025-07-29,2025,7,Jul,31,International Mathematics Olympiad,Student 2025_00297,Greenwood International School,12,Gurugram,India,Social Media
REG-2025-01548,2025-07-29,2025,7,Jul,31,AI & Robotics Challenge,Student 2025_01548,Amity International School,9,Unknown,India,Website
REG-2025-01465,2025-07-30,2025,7,Jul,31,International Science Olympiad,Student 2025_01465,Delhi International School,3,Abu Dhabi,UAE,Website
REG-2025-00882,2025-07-30,2025,7,Jul,31,Student Speaker Competition,Student 2025_00882,Greenwood International School,7,New Delhi,India,Email Campaign
REG-2025-01127,2025-07-30,2025,7,Jul,31,International School Olympiad,Student 2025_01127,Gurukul Global School,9,Dubai,Qatar,Email Campaign
REG-2025-00780,2025-07-30,2025,7,Jul,31,Young Innovators Challenge,Student 2025_00780,Oakridge International School,9,Bengaluru,India,Partner School
REG-2025-00643,2025-07-30,2025,7,Jul,31,AI & Robotics Challenge,Student 2025_00643,Greenwood International School,3,Abu Dhabi,India,Partner School
REG-2025-00146,2025-07-30,2025,7,Jul,31,AI & Robotics Challenge,Student 2025_00146,Sunrise Public School,11,Doha,India,Partner School
REG-2025-01007,2025-07-30,2025,7,Jul,31,AI & Robotics Challenge,Student 2025_01007,Gurukul Global School,1,Sharjah,India,School Outreach
REG-2025-00560,2025-07-30,2025,7,Jul,31,AI & Robotics Challenge,Student 2025_00560,Unknown School,11,Sharjah,Qatar,Partner School
REG-2025-01552,2025-07-30,2025,7,Jul,31,Student Speaker Competition,Student 2025_01552,Bright Future Academy,10,New Delhi,UAE,WhatsApp
REG-2025-01150,2025-07-30,2025,7,Jul,31,AI & Robotics Challenge,Student 2025_01150,Sunrise Public School,3,Gurugram,India,Social Media
REG-2025-01314,2025-07-30,2025,7,Jul,31,Young Innovators Challenge,Student 2025_01314,Unknown School,7,Sharjah,India,Social Media
REG-2025-01158,2025-07-30,2025,7,Jul,31,Young Innovators Challenge,Student 2025_01158,Amity International School,11,Doha,UAE,Partner School
REG-2025-01310,2025-07-30,2025,7,Jul,31,International Coding Olympiad,Student 2025_01310,Sunrise Public School,3,Dubai,India,Social Media
REG-2025-01042,2025-07-31,2025,7,Jul,31,Young Innovators Challenge,Student 2025_01042,Gurukul Global School,4,Dubai,India,Email Campaign
REG-2025-00835,2025-07-31,2025,7,Jul,31,International School Olympiad,Student 2025_00835,Gurukul Global School,9,New Delhi,UAE,Social Media
REG-2025-00037,2025-07-31,2025,7,Jul,31,Winter Painting Competition,Student 2025_00037,GEMS Modern Academy,10,Mumbai,UAE,School Outreach
REG-2025-00610,2025-07-31,2025,7,Jul,31,Student Speaker Competition,Student 2025_00610,Delhi Public School,11,Doha,India,WhatsApp
REG-2025-01292,2025-07-31,2025,7,Jul,31,International Science Olympiad,Student 2025_01292,Delhi Public School,11,Sharjah,India,Website
REG-2025-01401,2025-07-31,2025,7,Jul,31,Winter Painting Competition,Student 2025_01401,Delhi International School,6,Gurugram,India,Email Campaign
REG-2025-01560,2025-07-31,2025,7,Jul,31,Young Innovators Challenge,Student 2025_01560,GEMS Modern Academy,4,Sharjah,Qatar,Social Media
REG-2025-00125,2025-07-31,2025,7,Jul,31,International Science Olympiad,Student 2025_00125,Amity International School,12,Abu Dhabi,India,Website
REG-2025-00232,2025-07-31,2025,7,Jul,31,Young Innovators Challenge,Student 2025_00232,Gurukul Global School,7,Doha,UAE,Partner School
REG-2025-01347,2025-07-31,2025,7,Jul,31,International Mathematics Olympiad,Student 2025_01347,Sunrise Public School,12,New Delhi,UAE,WhatsApp
REG-2025-00151,2025-07-31,2025,7,Jul,31,International Science Olympiad,Student 2025_00151,GEMS Modern Academy,9,Bengaluru,India,School Outreach
REG-2025-01247,2025-08-01,2025,8,Aug,31,International Coding Olympiad,Student 2025_01247,Delhi International School,8,Sharjah,UAE,Social Media
REG-2025-00668,2025-08-01,2025,8,Aug,31,International Coding Olympiad,Student 2025_00668,GEMS Modern Academy,7,Mumbai,UAE,Email Campaign
REG-2025-01735,2025-08-01,2025,8,Aug,31,Young Innovators Challenge,Student 2025_01735,The Millennium School,10,Mumbai,India,Website
REG-2025-01419,2025-08-01,2025,8,Aug,31,Young Innovators Challenge,Student 2025_01419,Global Indian International School,5,Doha,UAE,Email Campaign
REG-2025-01589,2025-08-01,2025,8,Aug,31,International Coding Olympiad,Student 2025_01589,The Millennium School,8,Abu Dhabi,Qatar,Social Media
REG-2025-01706,2025-08-01,2025,8,Aug,31,International Coding Olympiad,Student 2025_01706,GEMS Modern Academy,7,Dubai,UAE,Social Media
REG-2025-00006,2025-08-01,2025,8,Aug,31,International Science Olympiad,Student 2025_00006,Greenwood International School,6,Doha,India,School Outreach
REG-2025-00829,2025-08-02,2025,8,Aug,31,International Coding Olympiad,Student 2025_00829,Gurukul Global School,11,Mumbai,UAE,Email Campaign
REG-2025-01325,2025-08-02,2025,8,Aug,31,International School Olympiad,Student 2025_01325,The Indian High School,4,Bengaluru,India,Social Media
REG-2025-01486,2025-08-02,2025,8,Aug,31,Student Speaker Competition,Student 2025_01486,Oakridge International School,2,Bengaluru,UAE,Email Campaign
REG-2025-01509,2025-08-02,2025,8,Aug,31,AI & Robotics Challenge,Student 2025_01509,Sunrise Public School,3,Gurugram,UAE,Social Media
REG-2025-00427,2025-08-02,2025,8,Aug,31,AI & Robotics Challenge,Student 2025_00427,GEMS Modern Academy,2,Sharjah,India,Email Campaign
REG-2025-01280,2025-08-02,2025,8,Aug,31,Winter Painting Competition,Student 2025_01280,Sunrise Public School,9,Doha,UAE,Social Media
REG-2025-01521,2025-08-02,2025,8,Aug,31,International Coding Olympiad,Student 2025_01521,Greenwood International School,7,Dubai,Qatar,School Outreach
REG-2025-01734,2025-08-02,2025,8,Aug,31,International Science Olympiad,Student 2025_01734,Bright Future Academy,1,Sharjah,UAE,Website
REG-2025-00504,2025-08-03,2025,8,Aug,31,International Mathematics Olympiad,Student 2025_00504,Oakridge International School,6,Gurugram,UAE,Website
REG-2025-01214,2025-08-03,2025,8,Aug,31,International Science Olympiad,Student 2025_01214,Unknown School,3,Mumbai,India,School Outreach
REG-2025-00492,2025-08-03,2025,8,Aug,31,International School Olympiad,Student 2025_00492,Bright Future Academy,5,Gurugram,UAE,School Outreach
REG-2025-01023,2025-08-03,2025,8,Aug,31,Young Innovators Challenge,Student 2025_01023,Delhi International School,5,Abu Dhabi,UAE,School Outreach
REG-2025-01658,2025-08-04,2025,8,Aug,32,International Mathematics Olympiad,Student 2025_01658,Greenwood International School,3,New Delhi,India,Social Media
REG-2025-01408,2025-08-04,2025,8,Aug,32,AI & Robotics Challenge,Student 2025_01408,Oakridge International School,4,Dubai,UAE,WhatsApp
REG-2025-00921,2025-08-04,2025,8,Aug,32,Winter Painting Competition,Student 2025_00921,The Indian High School,6,New Delhi,India,WhatsApp
REG-2025-00396,2025-08-05,2025,8,Aug,32,AI & Robotics Challenge,Student 2025_00396,The Indian High School,10,Dubai,India,Email Campaign
REG-2025-01716,2025-08-05,2025,8,Aug,32,Young Innovators Challenge,Student 2025_01716,Bright Future Academy,8,Bengaluru,India,Email Campaign
REG-2025-01245,2025-08-05,2025,8,Aug,32,International Mathematics Olympiad,Student 2025_01245,Delhi Public School,6,Bengaluru,India,School Outreach
REG-2025-00781,2025-08-05,2025,8,Aug,32,Student Speaker Competition,Student 2025_00781,Oakridge International School,6,Bengaluru,UAE,Website
REG-2025-00558,2025-08-05,2025,8,Aug,32,AI & Robotics Challenge,Student 2025_00558,Gurukul Global School,6,Dubai,India,Social Media
REG-2025-01713,2025-08-06,2025,8,Aug,32,Young Innovators Challenge,Student 2025_01713,Delhi International School,10,New Delhi,India,School Outreach
REG-2025-01634,2025-08-06,2025,8,Aug,32,International Coding Olympiad,Student 2025_01634,Bright Future Academy,6,New Delhi,India,Partner School
REG-2025-01201,2025-08-06,2025,8,Aug,32,Student Speaker Competition,Student 2025_01201,GEMS Modern Academy,5,Gurugram,UAE,WhatsApp
REG-2025-01141,2025-08-06,2025,8,Aug,32,International Mathematics Olympiad,Student 2025_01141,Oakridge International School,4,Mumbai,India,Social Media
REG-2025-00812,2025-08-06,2025,8,Aug,32,AI & Robotics Challenge,Student 2025_00812,The Indian High School,7,Mumbai,India,Social Media
REG-2025-01792,2025-08-06,2025,8,Aug,32,AI & Robotics Challenge,Student 2025_01792,GEMS Modern Academy,9,Dubai,UAE,Email Campaign
REG-2025-01371,2025-08-06,2025,8,Aug,32,International Science Olympiad,Student 2025_01371,Global Indian International School,11,Gurugram,UAE,Partner School
REG-2025-00517,2025-08-06,2025,8,Aug,32,Young Innovators Challenge,Student 2025_00517,Amity International School,5,Doha,UAE,Social Media
REG-2025-00904,2025-08-07,2025,8,Aug,32,International Science Olympiad,Student 2025_00904,Oakridge International School,10,Dubai,UAE,School Outreach
REG-2025-01004,2025-08-07,2025,8,Aug,32,International Coding Olympiad,Student 2025_01004,GEMS Modern Academy,5,New Delhi,UAE,School Outreach
REG-2025-00375,2025-08-07,2025,8,Aug,32,International Coding Olympiad,Student 2025_00375,The Millennium School,2,Abu Dhabi,India,School Outreach
REG-2025-01324,2025-08-07,2025,8,Aug,32,International Mathematics Olympiad,Student 2025_01324,The Indian High School,8,Abu Dhabi,Qatar,Social Media
REG-2025-01606,2025-08-08,2025,8,Aug,32,International Coding Olympiad,Student 2025_01606,Global Indian International School,11,Sharjah,UAE,Email Campaign
REG-2025-00035,2025-08-08,2025,8,Aug,32,Student Speaker Competition,Student 2025_00035,Sunrise Public School,2,Abu Dhabi,UAE,Partner School
REG-2025-01752,2025-08-08,2025,8,Aug,32,AI & Robotics Challenge,Student 2025_01752,Global Indian International School,10,New Delhi,Qatar,Unknown
REG-2025-00565,2025-08-08,2025,8,Aug,32,International Science Olympiad,Student 2025_00565,Delhi Public School,6,New Delhi,UAE,Email Campaign
REG-2025-01692,2025-08-08,2025,8,Aug,32,International School Olympiad,Student 2025_01692,Greenwood International School,3,New Delhi,UAE,School Outreach
REG-2025-01375,2025-08-08,2025,8,Aug,32,International School Olympiad,Student 2025_01375,Greenwood International School,6,Mumbai,UAE,Website
REG-2025-00364,2025-08-09,2025,8,Aug,32,Winter Painting Competition,Student 2025_00364,The Millennium School,2,Dubai,UAE,School Outreach
REG-2025-00389,2025-08-09,2025,8,Aug,32,Young Innovators Challenge,Student 2025_00389,Amity International School,4,New Delhi,UAE,WhatsApp
REG-2025-00358,2025-08-09,2025,8,Aug,32,International School Olympiad,Student 2025_00358,Bright Future Academy,5,Dubai,UAE,Social Media
REG-2025-01389,2025-08-09,2025,8,Aug,32,International Mathematics Olympiad,Student 2025_01389,The Indian High School,1,Abu Dhabi,Qatar,Social Media
REG-2025-00362,2025-08-09,2025,8,Aug,32,AI & Robotics Challenge,Student 2025_00362,GEMS Modern Academy,1,Bengaluru,UAE,Social Media
REG-2025-00048,2025-08-09,2025,8,Aug,32,International School Olympiad,Student 2025_00048,Delhi Public School,8,Gurugram,Qatar,Website
REG-2025-00579,2025-08-09,2025,8,Aug,32,Young Innovators Challenge,Student 2025_00579,The Millennium School,5,Dubai,UAE,WhatsApp
REG-2025-00740,2025-08-10,2025,8,Aug,32,Student Speaker Competition,Student 2025_00740,Sunrise Public School,1,Doha,UAE,Website
REG-2025-01471,2025-08-10,2025,8,Aug,32,Young Innovators Challenge,Student 2025_01471,Oakridge International School,1,Mumbai,Qatar,Partner School
REG-2025-00828,2025-08-10,2025,8,Aug,32,International School Olympiad,Student 2025_00828,Amity International School,12,Gurugram,India,Email Campaign
REG-2025-01557,2025-08-10,2025,8,Aug,32,International Science Olympiad,Student 2025_01557,Bright Future Academy,2,Sharjah,Qatar,Website
REG-2025-01304,2025-08-10,2025,8,Aug,32,International Mathematics Olympiad,Student 2025_01304,Delhi International School,8,Abu Dhabi,UAE,Email Campaign
REG-2025-00304,2025-08-10,2025,8,Aug,32,Student Speaker Competition,Student 2025_00304,Oakridge International School,9,Abu Dhabi,India,Email Campaign
REG-2025-00095,2025-08-10,2025,8,Aug,32,Winter Painting Competition,Student 2025_00095,Amity International School,5,Bengaluru,UAE,Website
REG-2025-01384,2025-08-10,2025,8,Aug,32,Student Speaker Competition,Student 2025_01384,Oakridge International School,3,Mumbai,India,Website
REG-2025-01632,2025-08-10,2025,8,Aug,32,International Science Olympiad,Student 2025_01632,Global Indian International School,4,Abu Dhabi,India,School Outreach
REG-2025-00220,2025-08-11,2025,8,Aug,33,International School Olympiad,Student 2025_00220,Delhi International School,2,Doha,UAE,Email Campaign
REG-2025-00592,2025-08-11,2025,8,Aug,33,International School Olympiad,Student 2025_00592,Greenwood International School,4,Bengaluru,UAE,Email Campaign
REG-2025-01428,2025-08-11,2025,8,Aug,33,International Mathematics Olympiad,Student 2025_01428,Sunrise Public School,5,New Delhi,UAE,Unknown
REG-2025-01315,2025-08-11,2025,8,Aug,33,Winter Painting Competition,Student 2025_01315,Greenwood International School,7,Abu Dhabi,UAE,Website
REG-2025-00179,2025-08-11,2025,8,Aug,33,International Science Olympiad,Student 2025_00179,Gurukul Global School,6,Sharjah,UAE,Email Campaign
REG-2025-01037,2025-08-11,2025,8,Aug,33,Young Innovators Challenge,Student 2025_01037,The Millennium School,11,Doha,UAE,Website
REG-2025-01206,2025-08-12,2025,8,Aug,33,Student Speaker Competition,Student 2025_01206,Greenwood International School,9,New Delhi,India,Social Media
REG-2025-01732,2025-08-12,2025,8,Aug,33,Young Innovators Challenge,Student 2025_01732,Greenwood International School,12,Doha,UAE,Social Media
REG-2025-00067,2025-08-12,2025,8,Aug,33,Winter Painting Competition,Student 2025_00067,GEMS Modern Academy,12,Abu Dhabi,UAE,School Outreach
REG-2025-00345,2025-08-12,2025,8,Aug,33,AI & Robotics Challenge,Student 2025_00345,Delhi Public School,10,Dubai,India,Partner School
REG-2025-01569,2025-08-13,2025,8,Aug,33,International Science Olympiad,Student 2025_01569,The Indian High School,6,Bengaluru,Qatar,School Outreach
REG-2025-00840,2025-08-13,2025,8,Aug,33,Student Speaker Competition,Student 2025_00840,GEMS Modern Academy,4,Bengaluru,India,WhatsApp
REG-2025-01287,2025-08-13,2025,8,Aug,33,International School Olympiad,Student 2025_01287,Gurukul Global School,5,Doha,India,Email Campaign
REG-2025-00202,2025-08-13,2025,8,Aug,33,AI & Robotics Challenge,Student 2025_00202,Gurukul Global School,9,Gurugram,Qatar,Website
REG-2025-01108,2025-08-13,2025,8,Aug,33,International Coding Olympiad,Student 2025_01108,Oakridge International School,2,Dubai,India,Partner School
REG-2025-01390,2025-08-13,2025,8,Aug,33,International Mathematics Olympiad,Student 2025_01390,Global Indian International School,3,Mumbai,UAE,School Outreach
REG-2025-00843,2025-08-13,2025,8,Aug,33,International Coding Olympiad,Student 2025_00843,Unknown School,4,Gurugram,India,WhatsApp
REG-2025-01154,2025-08-13,2025,8,Aug,33,International School Olympiad,Student 2025_01154,Delhi International School,4,Mumbai,India,Social Media
REG-2025-01507,2025-08-14,2025,8,Aug,33,Young Innovators Challenge,Student 2025_01507,Amity International School,3,Mumbai,India,Website
REG-2025-01708,2025-08-14,2025,8,Aug,33,International Mathematics Olympiad,Student 2025_01708,Oakridge International School,4,Gurugram,UAE,Partner School
REG-2025-00943,2025-08-14,2025,8,Aug,33,International Coding Olympiad,Student 2025_00943,Gurukul Global School,7,Gurugram,India,School Outreach
REG-2025-01170,2025-08-15,2025,8,Aug,33,Young Innovators Challenge,Student 2025_01170,Unknown School,1,Doha,India,WhatsApp
REG-2025-01530,2025-08-15,2025,8,Aug,33,Student Speaker Competition,Student 2025_01530,Delhi Public School,9,Bengaluru,UAE,School Outreach
REG-2025-00642,2025-08-15,2025,8,Aug,33,International Mathematics Olympiad,Student 2025_00642,Oakridge International School,8,Dubai,India,WhatsApp
REG-2025-01354,2025-08-15,2025,8,Aug,33,International Science Olympiad,Student 2025_01354,GEMS Modern Academy,5,New Delhi,UAE,Partner School
REG-2025-00153,2025-08-15,2025,8,Aug,33,International Mathematics Olympiad,Student 2025_00153,The Indian High School,2,Bengaluru,India,School Outreach
REG-2025-00669,2025-08-15,2025,8,Aug,33,Young Innovators Challenge,Student 2025_00669,Sunrise Public School,6,New Delhi,India,Social Media
REG-2025-01103,2025-08-15,2025,8,Aug,33,Winter Painting Competition,Student 2025_01103,The Millennium School,10,Bengaluru,UAE,School Outreach
REG-2025-01564,2025-08-15,2025,8,Aug,33,International Science Olympiad,Student 2025_01564,Global Indian International School,5,Sharjah,India,Website
REG-2025-00804,2025-08-15,2025,8,Aug,33,International Science Olympiad,Student 2025_00804,Sunrise Public School,3,Gurugram,UAE,Partner School
REG-2025-00529,2025-08-15,2025,8,Aug,33,Student Speaker Competition,Student 2025_00529,Amity International School,12,Mumbai,UAE,Social Media
REG-2025-00324,2025-08-15,2025,8,Aug,33,International Science Olympiad,Student 2025_00324,Bright Future Academy,10,New Delhi,India,Website
REG-2025-00969,2025-08-16,2025,8,Aug,33,Young Innovators Challenge,Student 2025_00969,The Millennium School,4,Abu Dhabi,India,Social Media
REG-2025-00530,2025-08-16,2025,8,Aug,33,AI & Robotics Challenge,Student 2025_00530,Global Indian International School,6,New Delhi,India,Website
REG-2025-00733,2025-08-16,2025,8,Aug,33,International Science Olympiad,Student 2025_00733,Global Indian International School,5,Dubai,UAE,WhatsApp
REG-2025-01705,2025-08-16,2025,8,Aug,33,International Coding Olympiad,Student 2025_01705,Delhi International School,2,Dubai,India,Partner School
REG-2025-00715,2025-08-16,2025,8,Aug,33,International School Olympiad,Student 2025_00715,Delhi International School,8,New Delhi,India,WhatsApp
REG-2025-01081,2025-08-16,2025,8,Aug,33,International School Olympiad,Student 2025_01081,Delhi Public School,7,Sharjah,India,School Outreach
REG-2025-00061,2025-08-16,2025,8,Aug,33,Young Innovators Challenge,Student 2025_00061,Oakridge International School,4,Dubai,UAE,Website
REG-2025-01006,2025-08-16,2025,8,Aug,33,AI & Robotics Challenge,Student 2025_01006,Sunrise Public School,1,Dubai,UAE,School Outreach
REG-2025-00527,2025-08-17,2025,8,Aug,33,International Coding Olympiad,Student 2025_00527,GEMS Modern Academy,7,Gurugram,India,School Outreach
REG-2025-00586,2025-08-17,2025,8,Aug,33,International Coding Olympiad,Student 2025_00586,Amity International School,5,Dubai,UAE,Email Campaign
REG-2025-01262,2025-08-17,2025,8,Aug,33,International Mathematics Olympiad,Student 2025_01262,Delhi Public School,1,Mumbai,India,Partner School
REG-2025-01679,2025-08-17,2025,8,Aug,33,International Coding Olympiad,Student 2025_01679,Global Indian International School,4,Bengaluru,India,WhatsApp
REG-2025-00499,2025-08-17,2025,8,Aug,33,International Science Olympiad,Student 2025_00499,The Indian High School,7,Doha,India,WhatsApp
REG-2025-00577,2025-08-17,2025,8,Aug,33,AI & Robotics Challenge,Student 2025_00577,Delhi International School,3,New Delhi,UAE,Social Media
REG-2025-00264,2025-08-17,2025,8,Aug,33,International Coding Olympiad,Student 2025_00264,The Millennium School,3,Bengaluru,India,WhatsApp
REG-2025-01623,2025-08-17,2025,8,Aug,33,AI & Robotics Challenge,Student 2025_01623,GEMS Modern Academy,12,Dubai,UAE,Email Campaign
REG-2025-00452,2025-08-17,2025,8,Aug,33,International School Olympiad,Student 2025_00452,The Millennium School,11,Doha,UAE,Website
REG-2025-01067,2025-08-17,2025,8,Aug,33,Student Speaker Competition,Student 2025_01067,GEMS Modern Academy,7,Sharjah,UAE,School Outreach
REG-2025-00024,2025-08-17,2025,8,Aug,33,Young Innovators Challenge,Student 2025_00024,Oakridge International School,5,Bengaluru,UAE,School Outreach
REG-2025-00421,2025-08-18,2025,8,Aug,34,Young Innovators Challenge,Student 2025_00421,Amity International School,4,Sharjah,India,Partner School
REG-2025-00862,2025-08-18,2025,8,Aug,34,International Coding Olympiad,Student 2025_00862,Sunrise Public School,1,New Delhi,UAE,School Outreach
REG-2025-01182,2025-08-18,2025,8,Aug,34,International Mathematics Olympiad,Student 2025_01182,GEMS Modern Academy,12,Abu Dhabi,India,Email Campaign
REG-2025-01516,2025-08-18,2025,8,Aug,34,International Coding Olympiad,Student 2025_01516,Amity International School,4,Abu Dhabi,UAE,Social Media
REG-2025-00438,2025-08-18,2025,8,Aug,34,International Science Olympiad,Student 2025_00438,The Indian High School,5,Sharjah,UAE,Partner School
REG-2025-00722,2025-08-19,2025,8,Aug,34,Young Innovators Challenge,Student 2025_00722,Delhi Public School,7,New Delhi,UAE,Social Media
REG-2025-00491,2025-08-19,2025,8,Aug,34,Winter Painting Competition,Student 2025_00491,Delhi Public School,2,Gurugram,Qatar,Website
REG-2025-00693,2025-08-19,2025,8,Aug,34,Winter Painting Competition,Student 2025_00693,Global Indian International School,7,Doha,UAE,School Outreach
REG-2025-01273,2025-08-19,2025,8,Aug,34,Young Innovators Challenge,Student 2025_01273,Amity International School,8,Doha,India,Partner School
REG-2025-01533,2025-08-19,2025,8,Aug,34,International Science Olympiad,Student 2025_01533,Gurukul Global School,2,New Delhi,UAE,WhatsApp
REG-2025-00409,2025-08-19,2025,8,Aug,34,International Coding Olympiad,Student 2025_00409,The Indian High School,8,Dubai,India,Email Campaign
REG-2025-01443,2025-08-19,2025,8,Aug,34,Student Speaker Competition,Student 2025_01443,Delhi Public School,10,Mumbai,India,Partner School
REG-2025-00470,2025-08-19,2025,8,Aug,34,AI & Robotics Challenge,Student 2025_00470,Delhi Public School,2,Dubai,UAE,Partner School
REG-2025-01143,2025-08-19,2025,8,Aug,34,International Science Olympiad,Student 2025_01143,The Indian High School,4,New Delhi,India,Partner School
REG-2025-01751,2025-08-19,2025,8,Aug,34,Winter Painting Competition,Student 2025_01751,Greenwood International School,6,New Delhi,UAE,School Outreach
REG-2025-00181,2025-08-20,2025,8,Aug,34,International Mathematics Olympiad,Student 2025_00181,Greenwood International School,12,Abu Dhabi,UAE,Social Media
REG-2025-00764,2025-08-20,2025,8,Aug,34,International Mathematics Olympiad,Student 2025_00764,Amity International School,12,New Delhi,India,Website
REG-2025-00319,2025-08-20,2025,8,Aug,34,International Science Olympiad,Student 2025_00319,Global Indian International School,2,Dubai,India,Partner School
REG-2025-00382,2025-08-20,2025,8,Aug,34,AI & Robotics Challenge,Student 2025_00382,GEMS Modern Academy,8,Mumbai,Qatar,Email Campaign
REG-2025-01447,2025-08-20,2025,8,Aug,34,International School Olympiad,Student 2025_01447,Global Indian International School,6,Mumbai,India,Website
REG-2025-01766,2025-08-20,2025,8,Aug,34,International School Olympiad,Student 2025_01766,Amity International School,12,Dubai,India,WhatsApp
REG-2025-00680,2025-08-20,2025,8,Aug,34,International School Olympiad,Student 2025_00680,GEMS Modern Academy,9,Doha,India,Social Media
REG-2025-00754,2025-08-20,2025,8,Aug,34,International Coding Olympiad,Student 2025_00754,Oakridge International School,3,Abu Dhabi,Qatar,Website
REG-2025-00286,2025-08-20,2025,8,Aug,34,International School Olympiad,Student 2025_00286,Oakridge International School,1,Dubai,India,Website
REG-2025-00348,2025-08-20,2025,8,Aug,34,International Mathematics Olympiad,Student 2025_00348,Global Indian International School,10,Bengaluru,UAE,Partner School
REG-2025-01681,2025-08-21,2025,8,Aug,34,International Coding Olympiad,Student 2025_01681,Greenwood International School,9,Doha,India,Website
REG-2025-01109,2025-08-21,2025,8,Aug,34,International Coding Olympiad,Student 2025_01109,Oakridge International School,8,Mumbai,UAE,Email Campaign
REG-2025-00081,2025-08-21,2025,8,Aug,34,Winter Painting Competition,Student 2025_00081,The Indian High School,1,Bengaluru,UAE,WhatsApp
REG-2025-01689,2025-08-21,2025,8,Aug,34,Young Innovators Challenge,Student 2025_01689,Greenwood International School,9,Dubai,UAE,Social Media
REG-2025-00936,2025-08-21,2025,8,Aug,34,International Coding Olympiad,Student 2025_00936,Oakridge International School,5,Mumbai,UAE,School Outreach
REG-2025-00694,2025-08-22,2025,8,Aug,34,AI & Robotics Challenge,Student 2025_00694,Delhi Public School,6,Mumbai,UAE,Partner School
REG-2025-00926,2025-08-22,2025,8,Aug,34,International Coding Olympiad,Student 2025_00926,Global Indian International School,8,Mumbai,India,Website
REG-2025-00949,2025-08-23,2025,8,Aug,34,AI & Robotics Challenge,Student 2025_00949,GEMS Modern Academy,8,Bengaluru,UAE,Email Campaign
REG-2025-00965,2025-08-23,2025,8,Aug,34,International Science Olympiad,Student 2025_00965,Gurukul Global School,9,New Delhi,India,Social Media
REG-2025-00383,2025-08-23,2025,8,Aug,34,AI & Robotics Challenge,Student 2025_00383,Amity International School,12,Gurugram,UAE,Email Campaign
REG-2025-00571,2025-08-23,2025,8,Aug,34,Winter Painting Competition,Student 2025_00571,Oakridge International School,4,Doha,UAE,Social Media
REG-2025-01727,2025-08-23,2025,8,Aug,34,International Science Olympiad,Student 2025_01727,Oakridge International School,3,Mumbai,India,School Outreach
REG-2025-00763,2025-08-23,2025,8,Aug,34,Student Speaker Competition,Student 2025_00763,Gurukul Global School,1,Gurugram,India,Social Media
REG-2025-01421,2025-08-23,2025,8,Aug,34,International Coding Olympiad,Student 2025_01421,The Indian High School,3,Gurugram,India,School Outreach
REG-2025-00640,2025-08-23,2025,8,Aug,34,AI & Robotics Challenge,Student 2025_00640,GEMS Modern Academy,5,Dubai,Qatar,Partner School
REG-2025-00776,2025-08-23,2025,8,Aug,34,Winter Painting Competition,Student 2025_00776,Delhi International School,1,Abu Dhabi,UAE,Social Media
REG-2025-00671,2025-08-24,2025,8,Aug,34,AI & Robotics Challenge,Student 2025_00671,Sunrise Public School,10,Doha,India,Website
REG-2025-01440,2025-08-24,2025,8,Aug,34,International Coding Olympiad,Student 2025_01440,Greenwood International School,2,New Delhi,UAE,Website
REG-2025-00293,2025-08-24,2025,8,Aug,34,International School Olympiad,Student 2025_00293,GEMS Modern Academy,4,Gurugram,India,Partner School
REG-2025-01269,2025-08-24,2025,8,Aug,34,AI & Robotics Challenge,Student 2025_01269,Oakridge International School,11,Bengaluru,India,School Outreach
REG-2025-01784,2025-08-24,2025,8,Aug,34,International Science Olympiad,Student 2025_01784,Oakridge International School,3,Doha,Qatar,Social Media
REG-2025-00340,2025-08-24,2025,8,Aug,34,International Coding Olympiad,Student 2025_00340,Delhi Public School,7,Mumbai,UAE,School Outreach
REG-2025-01295,2025-08-24,2025,8,Aug,34,International Science Olympiad,Student 2025_01295,Oakridge International School,7,Sharjah,India,WhatsApp
REG-2025-00684,2025-08-25,2025,8,Aug,35,International Mathematics Olympiad,Student 2025_00684,Amity International School,6,New Delhi,UAE,Partner School
REG-2025-01054,2025-08-25,2025,8,Aug,35,Winter Painting Competition,Student 2025_01054,The Indian High School,12,Sharjah,India,Partner School
REG-2025-01083,2025-08-25,2025,8,Aug,35,International School Olympiad,Student 2025_01083,Greenwood International School,1,Gurugram,UAE,WhatsApp
REG-2025-01376,2025-08-25,2025,8,Aug,35,International Coding Olympiad,Student 2025_01376,Unknown School,2,Sharjah,India,Partner School
REG-2025-00448,2025-08-25,2025,8,Aug,35,AI & Robotics Challenge,Student 2025_00448,Gurukul Global School,1,New Delhi,India,Partner School
REG-2025-00515,2025-08-25,2025,8,Aug,35,International Coding Olympiad,Student 2025_00515,Delhi Public School,1,Gurugram,India,School Outreach
REG-2025-00274,2025-08-25,2025,8,Aug,35,Student Speaker Competition,Student 2025_00274,The Millennium School,4,Unknown,India,Email Campaign
REG-2025-00503,2025-08-26,2025,8,Aug,35,Winter Painting Competition,Student 2025_00503,The Indian High School,2,Gurugram,UAE,Partner School
REG-2025-01377,2025-08-26,2025,8,Aug,35,Young Innovators Challenge,Student 2025_01377,Gurukul Global School,12,Bengaluru,Qatar,Social Media
REG-2025-00200,2025-08-26,2025,8,Aug,35,International Coding Olympiad,Student 2025_00200,Delhi International School,7,Mumbai,UAE,Website
REG-2025-01369,2025-08-26,2025,8,Aug,35,Student Speaker Competition,Student 2025_01369,Gurukul Global School,7,Gurugram,India,School Outreach
REG-2025-01210,2025-08-26,2025,8,Aug,35,International Coding Olympiad,Student 2025_01210,Sunrise Public School,7,Gurugram,UAE,School Outreach
REG-2025-01700,2025-08-26,2025,8,Aug,35,Winter Painting Competition,Student 2025_01700,Bright Future Academy,10,Sharjah,UAE,Website
REG-2025-00649,2025-08-26,2025,8,Aug,35,International Mathematics Olympiad,Student 2025_00649,Delhi Public School,1,Doha,India,Email Campaign
REG-2025-01223,2025-08-26,2025,8,Aug,35,International Mathematics Olympiad,Student 2025_01223,The Indian High School,2,Dubai,India,Email Campaign
REG-2025-01243,2025-08-26,2025,8,Aug,35,Student Speaker Competition,Student 2025_01243,Delhi International School,8,Bengaluru,India,Email Campaign
REG-2025-01448,2025-08-26,2025,8,Aug,35,International School Olympiad,Student 2025_01448,Gurukul Global School,2,Sharjah,UAE,WhatsApp
REG-2025-00853,2025-08-26,2025,8,Aug,35,International School Olympiad,Student 2025_00853,The Indian High School,7,Dubai,UAE,WhatsApp
REG-2025-00683,2025-08-26,2025,8,Aug,35,AI & Robotics Challenge,Student 2025_00683,Sunrise Public School,8,New Delhi,UAE,Website
REG-2025-00999,2025-08-26,2025,8,Aug,35,International Coding Olympiad,Student 2025_00999,The Millennium School,11,Dubai,India,WhatsApp
REG-2025-00451,2025-08-26,2025,8,Aug,35,Student Speaker Competition,Student 2025_00451,Bright Future Academy,10,New Delhi,UAE,Email Campaign
REG-2025-00195,2025-08-26,2025,8,Aug,35,International Science Olympiad,Student 2025_00195,Delhi Public School,9,Mumbai,India,Partner School
REG-2025-00337,2025-08-26,2025,8,Aug,35,International Mathematics Olympiad,Student 2025_00337,The Indian High School,3,Abu Dhabi,UAE,Website
REG-2025-00751,2025-08-26,2025,8,Aug,35,International Mathematics Olympiad,Student 2025_00751,Amity International School,6,Dubai,UAE,Social Media
REG-2025-00609,2025-08-27,2025,8,Aug,35,International Mathematics Olympiad,Student 2025_00609,Delhi Public School,12,Mumbai,India,Email Campaign
REG-2025-00064,2025-08-27,2025,8,Aug,35,International Coding Olympiad,Student 2025_00064,Delhi Public School,4,Gurugram,India,Email Campaign
REG-2025-00466,2025-08-27,2025,8,Aug,35,Young Innovators Challenge,Student 2025_00466,Unknown School,3,Mumbai,India,Email Campaign
REG-2025-00959,2025-08-28,2025,8,Aug,35,International Mathematics Olympiad,Student 2025_00959,Gurukul Global School,10,Dubai,Qatar,Partner School
REG-2025-01226,2025-08-28,2025,8,Aug,35,AI & Robotics Challenge,Student 2025_01226,Unknown School,1,Bengaluru,India,Partner School
REG-2025-01233,2025-08-28,2025,8,Aug,35,Winter Painting Competition,Student 2025_01233,Global Indian International School,4,Bengaluru,UAE,School Outreach
REG-2025-00355,2025-08-28,2025,8,Aug,35,International Coding Olympiad,Student 2025_00355,Oakridge International School,12,Sharjah,UAE,Partner School
REG-2025-00046,2025-08-28,2025,8,Aug,35,International Mathematics Olympiad,Student 2025_00046,Bright Future Academy,4,Gurugram,UAE,Website
REG-2025-00417,2025-08-28,2025,8,Aug,35,International Science Olympiad,Student 2025_00417,Bright Future Academy,1,Abu Dhabi,India,Email Campaign
REG-2025-00861,2025-08-28,2025,8,Aug,35,AI & Robotics Challenge,Student 2025_00861,Gurukul Global School,10,New Delhi,UAE,Website
REG-2025-00208,2025-08-28,2025,8,Aug,35,AI & Robotics Challenge,Student 2025_00208,Greenwood International School,5,Gurugram,UAE,Website
REG-2025-00797,2025-08-28,2025,8,Aug,35,International Mathematics Olympiad,Student 2025_00797,The Millennium School,1,Sharjah,UAE,Website
REG-2025-01567,2025-08-28,2025,8,Aug,35,International School Olympiad,Student 2025_01567,Delhi International School,10,Doha,UAE,WhatsApp
REG-2025-00325,2025-08-29,2025,8,Aug,35,International Mathematics Olympiad,Student 2025_00325,Greenwood International School,3,New Delhi,UAE,Website
REG-2025-00012,2025-08-29,2025,8,Aug,35,International School Olympiad,Student 2025_00012,Bright Future Academy,7,Dubai,UAE,Email Campaign
REG-2025-00441,2025-08-29,2025,8,Aug,35,International Coding Olympiad,Student 2025_00441,Unknown School,1,Mumbai,UAE,WhatsApp
REG-2025-00404,2025-08-29,2025,8,Aug,35,International Mathematics Olympiad,Student 2025_00404,Greenwood International School,2,Gurugram,India,WhatsApp
REG-2025-00947,2025-08-29,2025,8,Aug,35,AI & Robotics Challenge,Student 2025_00947,The Indian High School,6,Abu Dhabi,UAE,School Outreach
REG-2025-01797,2025-08-29,2025,8,Aug,35,International School Olympiad,Student 2025_01797,GEMS Modern Academy,2,Bengaluru,India,Email Campaign
REG-2025-01250,2025-08-30,2025,8,Aug,35,International Coding Olympiad,Student 2025_01250,Delhi International School,4,Bengaluru,India,Social Media
REG-2025-01475,2025-08-30,2025,8,Aug,35,AI & Robotics Challenge,Student 2025_01475,GEMS Modern Academy,4,Doha,India,Email Campaign
REG-2025-00594,2025-08-30,2025,8,Aug,35,Student Speaker Competition,Student 2025_00594,Gurukul Global School,7,Dubai,India,Partner School
REG-2025-01649,2025-08-30,2025,8,Aug,35,International Mathematics Olympiad,Student 2025_01649,The Indian High School,7,New Delhi,UAE,Email Campaign
REG-2025-01746,2025-08-30,2025,8,Aug,35,International School Olympiad,Student 2025_01746,The Millennium School,5,Doha,UAE,WhatsApp
REG-2025-01676,2025-08-31,2025,8,Aug,35,International Science Olympiad,Student 2025_01676,Greenwood International School,10,Mumbai,UAE,School Outreach
REG-2025-00914,2025-08-31,2025,8,Aug,35,International Mathematics Olympiad,Student 2025_00914,Bright Future Academy,10,Abu Dhabi,India,School Outreach
REG-2025-01707,2025-08-31,2025,8,Aug,35,International Science Olympiad,Student 2025_01707,Oakridge International School,3,Bengaluru,UAE,School Outreach
REG-2025-00141,2025-08-31,2025,8,Aug,35,International Coding Olympiad,Student 2025_00141,Gurukul Global School,4,Dubai,India,Website
REG-2025-00851,2025-08-31,2025,8,Aug,35,International Science Olympiad,Student 2025_00851,Global Indian International School,7,Abu Dhabi,UAE,Email Campaign
REG-2025-01198,2025-08-31,2025,8,Aug,35,Young Innovators Challenge,Student 2025_01198,Oakridge International School,10,Mumbai,India,Social Media
REG-2025-01381,2025-08-31,2025,8,Aug,35,AI & Robotics Challenge,Student 2025_01381,Sunrise Public School,9,Mumbai,Qatar,WhatsApp
REG-2025-00894,2025-08-31,2025,8,Aug,35,International Science Olympiad,Student 2025_00894,Global Indian International School,6,Doha,UAE,Partner School
REG-2025-01246,2025-09-01,2025,9,Sep,36,Winter Painting Competition,Student 2025_01246,Oakridge International School,6,Gurugram,India,Website
REG-2025-01570,2025-09-01,2025,9,Sep,36,AI & Robotics Challenge,Student 2025_01570,Delhi International School,1,Sharjah,UAE,Social Media
REG-2025-00772,2025-09-01,2025,9,Sep,36,International Science Olympiad,Student 2025_00772,Delhi Public School,2,Abu Dhabi,UAE,Email Campaign
REG-2025-01457,2025-09-01,2025,9,Sep,36,Young Innovators Challenge,Student 2025_01457,Sunrise Public School,7,Gurugram,UAE,Social Media
REG-2025-00555,2025-09-01,2025,9,Sep,36,AI & Robotics Challenge,Student 2025_00555,Oakridge International School,1,New Delhi,UAE,Social Media
REG-2025-01228,2025-09-01,2025,9,Sep,36,AI & Robotics Challenge,Student 2025_01228,The Millennium School,6,Bengaluru,India,School Outreach
REG-2025-01393,2025-09-01,2025,9,Sep,36,International Science Olympiad,Student 2025_01393,Sunrise Public School,10,Abu Dhabi,UAE,School Outreach
REG-2025-01203,2025-09-01,2025,9,Sep,36,International School Olympiad,Student 2025_01203,GEMS Modern Academy,3,Doha,UAE,WhatsApp
REG-2025-01082,2025-09-02,2025,9,Sep,36,AI & Robotics Challenge,Student 2025_01082,Delhi International School,10,Gurugram,India,Partner School
REG-2025-01088,2025-09-02,2025,9,Sep,36,International Science Olympiad,Student 2025_01088,GEMS Modern Academy,1,Abu Dhabi,India,Website
REG-2025-00265,2025-09-02,2025,9,Sep,36,International Coding Olympiad,Student 2025_00265,GEMS Modern Academy,2,Doha,UAE,School Outreach
REG-2025-01747,2025-09-02,2025,9,Sep,36,Student Speaker Competition,Student 2025_01747,Delhi International School,2,Gurugram,India,Social Media
REG-2025-00347,2025-09-02,2025,9,Sep,36,International Science Olympiad,Student 2025_00347,The Indian High School,6,Sharjah,India,Website
REG-2025-01620,2025-09-02,2025,9,Sep,36,International Mathematics Olympiad,Student 2025_01620,Global Indian International School,6,Dubai,UAE,Website
REG-2025-01626,2025-09-03,2025,9,Sep,36,International Coding Olympiad,Student 2025_01626,Oakridge International School,12,Mumbai,India,Social Media
REG-2025-01056,2025-09-03,2025,9,Sep,36,Winter Painting Competition,Student 2025_01056,Oakridge International School,1,Mumbai,India,WhatsApp
REG-2025-01117,2025-09-03,2025,9,Sep,36,International Mathematics Olympiad,Student 2025_01117,Bright Future Academy,9,Sharjah,UAE,WhatsApp
REG-2025-00145,2025-09-03,2025,9,Sep,36,International Coding Olympiad,Student 2025_00145,Oakridge International School,9,Bengaluru,India,WhatsApp
REG-2025-01422,2025-09-03,2025,9,Sep,36,International Coding Olympiad,Student 2025_01422,Gurukul Global School,7,Bengaluru,India,WhatsApp
REG-2025-01559,2025-09-03,2025,9,Sep,36,International Mathematics Olympiad,Student 2025_01559,The Millennium School,12,Abu Dhabi,UAE,Social Media
REG-2025-00511,2025-09-03,2025,9,Sep,36,International School Olympiad,Student 2025_00511,Greenwood International School,12,Gurugram,UAE,WhatsApp
REG-2025-00356,2025-09-03,2025,9,Sep,36,International School Olympiad,Student 2025_00356,Amity International School,9,Unknown,UAE,Social Media
REG-2025-01346,2025-09-04,2025,9,Sep,36,International Mathematics Olympiad,Student 2025_01346,Delhi Public School,2,Abu Dhabi,UAE,WhatsApp
REG-2025-00820,2025-09-04,2025,9,Sep,36,International School Olympiad,Student 2025_00820,Greenwood International School,3,Sharjah,India,Website
REG-2025-00161,2025-09-04,2025,9,Sep,36,Winter Painting Competition,Student 2025_00161,Amity International School,5,Mumbai,India,Partner School
REG-2025-00810,2025-09-04,2025,9,Sep,36,International Mathematics Olympiad,Student 2025_00810,GEMS Modern Academy,8,Sharjah,UAE,Partner School
REG-2025-01169,2025-09-04,2025,9,Sep,36,International Mathematics Olympiad,Student 2025_01169,Sunrise Public School,4,Doha,India,WhatsApp
REG-2025-01336,2025-09-04,2025,9,Sep,36,International School Olympiad,Student 2025_01336,Global Indian International School,12,Gurugram,UAE,Partner School
REG-2025-00401,2025-09-04,2025,9,Sep,36,International Mathematics Olympiad,Student 2025_00401,GEMS Modern Academy,1,Bengaluru,UAE,Social Media
REG-2025-00691,2025-09-04,2025,9,Sep,36,International Mathematics Olympiad,Student 2025_00691,Bright Future Academy,9,Sharjah,India,Social Media
